ID_REF,normal_mean,cancer_mean,difference,p_value,adjusted_p_value
1007_s_at,5.143416552529411,7.521487046105768,2.378070493576357,1.0546561550837376e-14,4.3806756688215613e-13
1552257_a_at,5.755459509882352,7.229759544153846,1.4743000342714936,4.4171941422431445e-07,4.789154530979113e-06
1552287_s_at,4.448450037470588,5.839162533115386,1.3907124956447978,8.072356514576786e-09,1.2228175026619106e-07
1552309_a_at,5.806621399117647,3.7726452916826925,-2.0339761074349547,1.8997502121837043e-13,6.5088805292388195e-12
1552310_at,6.906119776470588,5.709467770769231,-1.196652005701357,7.535800990171028e-06,6.292785836024244e-05
1552316_a_at,7.678459325294117,6.310534024105769,-1.3679253011883485,0.00033269594915517924,0.0018595199394716364
1552318_at,3.668781615588235,2.624335914028846,-1.0444457015593893,2.602036390306741e-11,6.228795795901387e-10
1552343_s_at,4.211072370235295,5.261272738384616,1.050200368149321,1.302196065563058e-05,0.0001036496413334784
1552365_at,4.9518328885882354,3.814119397567308,-1.1377134910209277,0.012546468944751978,0.04200104679410003
1552477_a_at,3.105720526235294,5.1067909337596165,2.0010704075243226,3.285942422067133e-08,4.4679484667165435e-07
1552482_at,3.8954867443529406,5.252156731173077,1.3566699868201364,3.870840051265586e-06,3.4373005248837915e-05
1552507_at,4.2659668260000005,5.851635464201923,1.5856686382019225,0.0072247614006420045,0.02655534059435921
1552509_a_at,7.415680501588235,2.855392952875,-4.5602875487132355,5.468611255475483e-26,1.3691345583146625e-23
1552519_at,8.453281079705881,2.6231445582115382,-5.830136521494343,1.4934831638495655e-36,3.1351083692209785e-33
1552536_at,4.151907222764706,6.044518458673077,1.8926112359083715,9.683071799069093e-11,2.097191967148381e-09
1552575_a_at,2.499414838647059,3.5224333752115387,1.0230185365644795,0.008468904727161275,0.030291916318483207
1552610_a_at,6.195416351588236,4.5677618253557695,-1.6276545262324662,2.7072553871321763e-13,9.031741550995541e-12
1552615_at,7.290621932117647,4.731630941346154,-2.558990990771493,5.021705444923892e-29,2.0453706080485158e-26
1552616_a_at,5.675240052117647,2.426235649653846,-3.2490044024638007,6.5279783648881e-30,3.1811654569395324e-27
1552621_at,5.3039131714705885,7.080355675528846,1.7764425040582577,5.2149542507895293e-14,1.971101025303613e-12
1552622_s_at,4.137095724352942,6.241318182346154,2.1042224579932123,1.2229787652258645e-14,5.030064659175769e-13
1552701_a_at,7.261180199,6.108544959480769,-1.1526352395192312,0.0006145227385073889,0.0031824685971149802
1552703_s_at,5.885320071411765,4.629510955721154,-1.255809115690611,0.000391941455521262,0.0021451837846866184
1552719_at,3.5458513165294114,4.642632781346153,1.0967814648167415,4.810934921947968e-06,4.188483284495105e-05
1552721_a_at,3.891092503294118,2.3609974614615385,-1.5300950418325794,1.0599288465871434e-21,1.3741058555315844e-19
1552724_at,4.941449596411765,2.545265703557692,-2.3961838928540726,5.681223761069702e-26,1.4158699162348093e-23
1552733_at,7.127107323941176,6.043851302605769,-1.0832560213354068,3.2714031642339355e-05,0.00023614589776580343
1552735_at,3.7621652369411764,5.019001953259616,1.25683671631844,0.00012102702250482447,0.0007595186686548021
1552789_at,5.571498009294117,3.519356090605769,-2.052141918688348,4.111236648032483e-15,1.8124974556782301e-13
1552790_a_at,7.914516126294118,5.89641437675,-2.018101749544118,2.408317056663337e-10,4.891832401772545e-09
1552797_s_at,6.035966357411764,10.15827678283654,4.122310425424775,3.4387804465823736e-18,2.5226505106723035e-16
1552930_at,4.504782653235294,5.993157513048076,1.4883748598127822,2.0082490866660425e-07,2.325163913897877e-06
1552937_s_at,3.8792481024705876,4.973821120269231,1.0945730177986435,3.27156613657716e-07,3.6373764141015447e-06
1553015_a_at,4.097050704,5.451714640759615,1.3546639367596152,2.1911305672708882e-07,2.5235803986286163e-06
1553099_at,4.233062755588236,5.716566176115385,1.483503420527149,2.3030081290168283e-08,3.222145108269917e-07
1553102_a_at,6.552095427117647,2.952219922548077,-3.5998755045695696,1.2109232391755479e-23,2.188443028839809e-21
1553132_a_at,4.350322828705883,5.374649656413462,1.0243268277075792,0.0023628073574419426,0.010269942085038128
1553133_at,4.238940428411765,3.212137870778846,-1.026802557632919,5.198925243683936e-08,6.783460216950168e-07
1553185_at,9.467373348235293,10.621663850067307,1.1542905018320138,0.001018681838328853,0.004949139759137481
1553186_x_at,8.952549928117648,10.164681548932693,1.212131620815045,0.0010220676899085409,0.004962497326529512
1553243_at,6.8200155994705876,2.951814713576923,-3.8682008858936645,8.036927341977177e-34,7.695569428031094e-31
1553292_s_at,3.373563112705882,4.942790026432693,1.5692269137268111,1.3750673393195903e-10,2.9021577847147685e-09
1553394_a_at,3.8410131339411766,5.945145658634615,2.104132524693439,0.0040917206583460115,0.016435238579030537
1553434_at,3.084287134529412,4.634854791509615,1.5505676569802032,0.005477142071653075,0.021019331818925128
1553542_at,4.19821972217647,5.28732302771154,1.0891033055350707,0.00016507684551566064,0.0009996370965715347
1553583_a_at,7.4410915257058825,4.196858814903846,-3.244232710802036,7.521089026058507e-28,2.518365140817468e-25
1553589_a_at,3.4669125462941173,4.972641719413462,1.5057291731193443,0.0005231309282307218,0.0027669798427824815
1553645_at,3.7979410846470585,2.394155569096154,-1.4037855155509047,1.1048285783970182e-18,8.959946356661346e-17
1553678_a_at,9.127168255823529,7.416822002096154,-1.7103462537273746,2.6789489602351985e-05,0.00019732031754477312
1553679_s_at,4.416301310176471,3.3809807444615383,-1.0353205657149327,6.771690434817019e-09,1.0425728977203893e-07
1553693_s_at,5.225693210705882,6.689471640999999,1.4637784302941172,1.0950134549435045e-09,1.958857402732269e-08
1553706_at,3.304091151588235,4.400076793471154,1.095985641882919,0.001019193194222687,0.004951183386513577
1553768_a_at,6.1268545492941175,7.397329045673077,1.2704744963789594,7.700289082817208e-07,7.947694361782912e-06
1553910_at,2.431318848470588,3.6085295568557694,1.1772107083851813,0.008312447741217388,0.02981005528437208
1553959_a_at,4.376570775,5.684227100923077,1.3076563259230767,3.420853773785646e-07,3.7917704735874654e-06
1553960_at,8.197124792411765,6.334318697461537,-1.862806094950228,5.635212764181341e-08,7.303829908721288e-07
1553961_s_at,6.439704260117646,4.294235689701923,-2.1454685704157237,2.7343743884335936e-23,4.634764588394941e-21
1553972_a_at,3.6803306172941173,5.005469322384615,1.3251387050904975,0.00011224730147093444,0.0007105480708631559
1553974_at,5.932405492058823,4.795793158913462,-1.1366123331453615,1.8372781120652156e-09,3.154350490041126e-08
1553976_a_at,5.878198624764706,6.962876001240384,1.0846773764756783,0.0009694113257842835,0.0047367241480405905
1553979_at,7.926110017352943,9.064506722846154,1.1383967054932116,3.8384644103586796e-09,6.23325049250123e-08
1553984_s_at,6.489695778647058,7.594536838259614,1.1048410596125562,1.1861313713288319e-06,1.1731541666547038e-05
1553986_at,4.001018736058823,7.744449477211538,3.7434307411527152,1.071567654370857e-14,4.4441558516646666e-13
1553993_s_at,6.476884160058823,7.664855670605769,1.1879715105469462,5.3388821930431815e-05,0.00036547203212605517
1553994_at,5.261239487470588,3.6640074046442304,-1.5972320828263578,3.002062553191961e-10,5.990843586495943e-09
1554003_at,6.599304571882352,5.220132156846154,-1.379172415036198,2.621332340910867e-07,2.9700996021294213e-06
1554004_a_at,3.864428186117647,2.790434604721154,-1.073993581396493,1.2343470208713685e-06,1.2147390200529827e-05
1554036_at,4.19641108282353,3.0579909857403846,-1.138420097083145,9.53854182623829e-07,9.64617517758495e-06
1554044_a_at,7.581785917882352,2.620619199596154,-4.961166718286199,3.9586692636276446e-32,2.959728900541551e-29
1554062_at,6.762081548058823,3.4893838441826923,-3.272697703876131,1.5341741022833913e-20,1.622745897839636e-18
1554077_a_at,4.7357111998235295,3.668826759740384,-1.0668844400831454,8.356530430598811e-05,0.000546086056479469
1554089_s_at,7.748715431176471,6.689497329028847,-1.0592181021476241,5.742592047349734e-06,4.9303906143196656e-05
1554127_s_at,5.187315853882353,2.7677190159519234,-2.41959683793043,1.4664725074950626e-18,1.1566272107886273e-16
1554168_a_at,8.774515192058823,6.651887070067308,-2.1226281219915153,7.408872698347971e-11,1.6491389192623732e-09
1554195_a_at,3.5029676148823534,4.945277348423077,1.4423097335407236,5.205375158218882e-06,4.5052992508789776e-05
1554287_at,4.557635019294118,6.159462641865384,1.6018276225712667,1.067561264406551e-08,1.5777532155441416e-07
1554314_at,3.083143040823529,4.182832082403847,1.0996890415803176,0.005783199318535996,0.02200970891893007
1554341_a_at,4.523390402647059,3.337244610019231,-1.186145792627828,6.758463840468237e-14,2.514452610422058e-12
1554342_s_at,5.491624869470588,4.157498892423077,-1.3341259770475107,5.17923895313038e-19,4.403079171696308e-17
1554371_at,4.415094348764706,2.3796424348653846,-2.0354519138993212,5.7354919122600725e-24,1.0647531057117093e-21
1554408_a_at,2.900475161117647,4.436629219798077,1.5361540586804296,3.4054470085108145e-07,3.775924776090615e-06
1554452_a_at,7.135380205764706,5.86258458960577,-1.2727956161589367,6.580063440741558e-05,0.00044081659817384744
1554455_at,5.188548621294117,6.709972876134615,1.5214242548404977,2.1401319482021798e-14,8.507375207642154e-13
1554464_a_at,6.4826471412352955,3.5030431679134617,-2.979603973321834,1.0108781057626093e-15,4.8739148528637324e-14
1554473_at,3.440956422352941,4.596253824538461,1.1552974021855205,0.0001137382410055329,0.0007184028996459877
1554483_at,3.3952373193529413,2.3203549032692306,-1.0748824160837107,4.9627866950003635e-23,7.966586324306612e-21
1554485_s_at,8.214713381470588,3.5707740361923075,-4.64393934527828,4.904296768274555e-24,9.230055631574377e-22
1554501_at,3.8498452842352937,5.236538032317307,1.3866927480820137,1.5662847970116485e-09,2.7303180433120015e-08
1554510_s_at,7.410483845529412,6.298444973894231,-1.112038871635181,2.2098370457754877e-05,0.0001663366378725422
1554514_at,4.245587256117647,2.350109720605769,-1.8954775355118776,1.660408441782612e-24,3.307424538104131e-22
1554547_at,5.530367833117647,3.6355614604615387,-1.8948063726561082,7.406318864207487e-10,1.3735286350308545e-08
1554565_x_at,3.468819264411765,5.382839421086539,1.9140201566747739,9.328460165342876e-13,2.8082626991960773e-11
1554574_a_at,5.935700624235294,4.891502381798077,-1.0441982424372176,4.8098620979938134e-12,1.2881131670579212e-10
1554595_at,5.5273620976470585,7.519262143375001,1.9919000457279425,1.882342308940856e-15,8.73608510881658e-14
1554599_x_at,3.1538257058235293,4.157275371278846,1.0034496654553169,5.446622615525119e-05,0.0003715425768438264
1554608_at,3.229582221529412,4.74944365125,1.5198614297205881,6.123107961326287e-08,7.880054454638704e-07
1554690_a_at,7.348686023529412,4.761801601817307,-2.5868844217121048,6.966709744215133e-13,2.1563405652644042e-11
1554703_at,3.6699317330000003,4.894724570980769,1.224792837980769,3.246081305648177e-05,0.0002344730963220909
1554712_a_at,2.772359179235294,4.099571465798077,1.3272122865627827,0.009994955267083813,0.03477505326291973
1554741_s_at,8.152832763117646,5.8658991655769235,-2.286933597540722,3.468202191188508e-15,1.549026247077558e-13
1554769_at,4.81030242717647,6.5676511421057695,1.7573487149292992,1.4587540990251586e-07,1.7364741542136125e-06
1554770_x_at,5.382480957117647,6.776331794807692,1.3938508376900458,1.0423100605071447e-05,8.46047602504751e-05
1554789_a_at,4.5494753217058825,2.481167275230769,-2.0683080464751136,6.479981563120023e-18,4.563495661077777e-16
1554806_a_at,7.818477179235295,6.3545052005288465,-1.4639719787064482,5.7253288955853946e-08,7.408314978476891e-07
1554966_a_at,6.7073407950588235,4.407933566076922,-2.2994072289819014,2.8254345398601237e-13,9.391558571926047e-12
1554980_a_at,4.615369234117647,3.2979350597692307,-1.3174341743484166,1.0762927038662867e-07,1.3200669547037767e-06
1555037_a_at,9.57902622352941,8.061294074807693,-1.5177321487217181,3.464139948589334e-06,3.108158708763065e-05
1555216_a_at,5.798042008176472,3.159812739442308,-2.6382292687341637,3.229804882625967e-17,2.035560285090562e-15
1555274_a_at,3.5228179603529415,5.831134803576924,2.3083168432239822,1.9390948606786386e-13,6.6270418535365944e-12
1555303_at,4.742519788529412,6.013826803711538,1.271307015182126,1.764346317085305e-08,2.518207574272983e-07
1555310_a_at,3.051587458529412,4.235999757288462,1.18441229875905,4.0144289074000604e-05,0.0002832624632669527
1555372_at,3.1769152600588235,5.135484319538462,1.9585690594796388,9.839425039411865e-11,2.129365500499842e-09
1555392_at,3.635445404764706,4.766178728903847,1.1307333241391406,2.226370655799264e-06,2.0785679784958608e-05
1555419_a_at,9.305300972941177,6.941130722480769,-2.3641702504604085,4.44501090819212e-08,5.901343963955673e-07
1555446_s_at,3.382149806588235,4.618692503317307,1.2365426967290722,2.2797307399832658e-07,2.6112366014175586e-06
1555460_a_at,3.6963972293529417,5.011320559365384,1.314923330012442,0.013093574924978365,0.04338478787217061
1555578_at,4.3119272941176465,2.6351041400000006,-1.676823154117646,8.401513238152067e-23,1.3063994046299193e-20
1555579_s_at,10.046246614882353,8.022053376730769,-2.024193238151584,1.5324424798864542e-10,3.218129207761554e-09
1555728_a_at,4.984403510529411,2.6769462246923075,-2.3074572858371036,9.152380317170173e-13,2.7613475142666165e-11
1555740_a_at,4.964496479882352,2.3375487856923076,-2.6269476941900445,1.1570949079506217e-29,5.397699400088631e-27
1555741_at,5.149812723411764,2.342163697048077,-2.8076490263636873,1.793833092364989e-36,3.626133938821805e-33
1555778_a_at,5.053777572588236,7.451907717403846,2.3981301448156103,1.075013313475782e-07,1.3190906393029386e-06
1555790_a_at,7.838438020000001,6.623081188221153,-1.2153568317788475,0.0001078663319181002,0.0006858383655356467
1555814_a_at,6.444362477176471,5.043103384528846,-1.4012590926476243,5.0028347868793615e-05,0.0003447597472640008
1555826_at,3.286090560823529,4.5254570166057695,1.2393664557822404,3.473785701955858e-05,0.0002490748158526652
1555832_s_at,11.79797794935294,10.656717448096153,-1.141260501256788,1.8872872695335062e-07,2.197232335406767e-06
1555842_at,3.949952571117647,6.750663282375,2.800710711257353,1.7680975103704552e-16,9.669438278407722e-15
1555854_at,7.1050025722352945,2.559702806875,-4.545299765360294,2.2137533702816293e-28,7.845743194584484e-26
1555864_s_at,9.999665733705884,8.99456965675,-1.0050960769558834,2.8930210506614154e-08,3.9792892117955994e-07
1555870_at,3.1331843677058826,4.397923241663461,1.2647388739575787,7.828083392981321e-07,8.065866783189117e-06
1555878_at,4.360467019470588,7.179291534759615,2.8188245152890277,8.923846062110351e-15,3.752346642711255e-13
1555889_a_at,10.412132102058823,8.987065240346153,-1.4250668617126703,7.584919760408478e-08,9.596136662107887e-07
1555910_at,6.652239455705883,5.55939192398077,-1.0928475317251127,1.1635256464344511e-10,2.4913325326302828e-09
1555913_at,6.139369629764706,7.585900853509615,1.446531223744909,3.2932862540187796e-09,5.4058427205440894e-08
1555920_at,4.211156270647059,6.245973430221154,2.0348171595740947,8.654021691587918e-11,1.896137494601272e-09
1555938_x_at,5.422255198411765,3.5099207166538458,-1.9123344817579193,1.3101899269999554e-08,1.9043636757851017e-07
1555982_at,3.6458413830588237,5.204905368307692,1.5590639852488684,6.042451793996345e-06,5.1626640022624684e-05
1555989_at,5.538983366647059,3.8906025571634615,-1.6483808094835979,1.6970663090283096e-06,1.622708165389911e-05
1555993_at,3.2197926966470587,4.553105298711539,1.3333126020644799,0.00046028728979065787,0.0024755636568273864
1555997_s_at,6.0786787125294115,4.7159102083173075,-1.362768504212104,0.0029650089645411036,0.012500990408062069
1556006_s_at,3.725185436352941,4.897832845971154,1.1726474096182127,4.810232028129811e-05,0.0003330005756764294
1556007_s_at,5.0189728923529415,7.084900864548077,2.0659279721951354,1.42008751672619e-12,4.149194677483871e-11
1556033_at,5.027608334411765,6.40108519848077,1.373476864069005,8.010153334598073e-06,6.648208011694469e-05
1556035_s_at,4.050749724705883,5.508697411355769,1.4579476866498862,2.0850781973428067e-06,1.9563603736079256e-05
1556051_a_at,3.5181627196470586,4.562876802519231,1.0447140828721722,2.100599213818561e-05,0.00015918931273847678
1556053_at,4.797397382647058,6.40248099525,1.6050836126029422,7.198968317266514e-16,3.5365660827010714e-14
1556056_at,5.182021312588236,2.365723477153846,-2.81629783543439,2.9832426766620357e-34,3.1925961186183776e-31
1556060_a_at,5.440610069411766,7.313220223990385,1.8726101545786191,6.019842012840838e-13,1.8915196155373642e-11
1556066_at,3.5162898966470593,4.706653703298077,1.1903638066510176,1.1143390421858485e-05,8.999631634131611e-05
1556088_at,3.366789686882353,4.577513402730769,1.2107237158484163,2.5485308913332295e-07,2.8942211302138233e-06
1556123_a_at,5.795450607823529,4.363880330076923,-1.431570277746606,3.591815243370628e-12,9.851139907935954e-11
1556126_s_at,5.726110204529411,7.902225561432693,2.1761153569032814,3.3130947178787567e-09,5.4318232684621406e-08
1556221_a_at,3.2454849958823533,4.688140940499999,1.4426559446176461,2.5883562773112667e-05,0.00019150047073250866
1556253_s_at,2.732554016529412,3.8428179499999997,1.1102639334705877,8.64068822520438e-05,0.0005627538056058045
1556277_a_at,4.16209650982353,6.21691589598077,2.0548193861572397,2.6595676705457743e-11,6.355365319208311e-10
1556283_s_at,6.654155590529411,5.180676855,-1.4734787355294117,1.0471951970605634e-06,1.0494834127867883e-05
1556300_s_at,5.544355903529412,2.6505560734134614,-2.89379983011595,1.882735423482203e-16,1.0214494699625761e-14
1556308_at,3.5445401640588234,4.74522397725,1.2006838131911768,9.360111499150093e-05,0.0006050758326567724
1556314_a_at,3.9876863172352945,2.8874117957403844,-1.1002745214949101,3.8966678997490233e-07,4.263757764643182e-06
1556316_s_at,3.2473209939411767,4.445334774548076,1.1980137806068996,5.588350629118816e-10,1.0583026804869647e-08
1556325_at,3.425836644294118,2.396779937211538,-1.0290567070825798,1.6844501852604263e-17,1.1058550456124855e-15
1556336_at,5.492679073823529,6.840709357509615,1.3480302836860858,3.477766944387527e-05,0.0002492947754895283
1556345_s_at,3.3474800589411764,4.623245201307692,1.2757651423665157,5.972855280955614e-06,5.1071983139476174e-05
1556373_a_at,4.227595725117648,5.967040883269231,1.7394451581515833,1.198738511026164e-09,2.1318328182892474e-08
1556416_s_at,5.093240230117647,6.989880338067309,1.8966401079496613,3.0245095287597863e-13,9.998467932778945e-12
1556427_s_at,7.454254814823529,3.302438063432692,-4.151816751390838,5.454921404235389e-23,8.70538465853109e-21
1556474_a_at,2.9942927930588232,5.4890103708749995,2.4947175778161763,7.407080452380962e-06,6.190980765857589e-05
1556499_s_at,11.339896334764704,12.346443823653846,1.006547488889142,0.00288703338662122,0.012213890024680225
1556543_at,4.2869408671764715,6.549779259125,2.262838391948528,1.6616826558717047e-14,6.732960480684615e-13
1556551_s_at,5.036205082352941,7.2811356725673075,2.2449305902143664,3.409884023424208e-05,0.0002450402371487424
1556568_a_at,5.049189014588236,6.536994640269231,1.4878056256809957,3.002176120937881e-08,4.116979158408759e-07
1556579_s_at,5.409048040647059,2.620016871567308,-2.7890311690797516,1.7828622192745302e-29,8.041887360808643e-27
1556658_a_at,4.709879830352941,5.712139659067308,1.002259828714367,5.68824303054797e-05,0.0003866234325831602
1556665_at,2.8093899838235292,3.9140004868461538,1.1046105030226245,0.0013597703151719833,0.006372566033983486
1556666_a_at,2.9929512610588236,4.967021872836539,1.9740706117777154,4.245658484310411e-05,0.0002979987068096424
1556667_at,4.028248905705882,2.452201650115385,-1.5760472555904972,1.920167093617724e-17,1.2506062028945317e-15
1556690_s_at,4.7206892151176465,5.777654528923078,1.0569653138054314,2.2287378364849242e-06,2.080422137463839e-05
1556696_s_at,3.9301739829999995,2.843666088076923,-1.0865078949230766,9.514258089069593e-07,9.62340052341233e-06
1556704_s_at,3.629100491470588,2.4183173525673074,-1.2107831389032806,5.40232186802549e-16,2.7175421680641774e-14
1556744_a_at,4.6129747754117645,6.140733607923077,1.5277588325113127,4.4721550017102266e-09,7.139097626158012e-08
1556771_a_at,3.4251966938823526,2.4154420864807693,-1.0097546074015833,1.465861258969096e-17,9.744852820130851e-16
1556814_a_at,4.048241610117647,5.088294245875001,1.0400526357573536,0.0021162405962679987,0.009326735748038686
1556818_at,4.475704046352941,6.2358550338942305,1.760150987541289,6.373151385812563e-11,1.432030586604627e-09
1556820_a_at,4.620443425823529,5.75490422814423,1.1344608023207012,1.2321097651668692e-07,1.4881017674937498e-06
1556821_x_at,4.254053213647059,5.802372442336538,1.5483192286894791,8.00903932294312e-07,8.236769497021152e-06
1556827_at,3.5508628351764706,2.3869109922115386,-1.163951842964932,2.2250358280240612e-18,1.6960926041581735e-16
1556935_at,5.652016987588235,4.295390531778846,-1.3566264558093888,6.670540111904605e-06,5.64014575937477e-05
1556938_a_at,2.7327226934705884,3.9241931999711537,1.1914705065005653,5.073930086099659e-06,4.402003340792136e-05
1556950_s_at,4.737796696,6.107855594711538,1.3700588987115374,5.3103517458155e-07,5.659708805601723e-06
1556989_at,5.3427946917058815,4.23364689798077,-1.1091477937251115,0.00020826731062974566,0.0012260836529889858
1557081_at,4.452756462588235,5.67205670223077,1.2193002396425348,0.00018603926897465647,0.0011101943211642004
1557116_at,8.843290960117647,6.293119224240384,-2.550171735877263,4.259621384177888e-15,1.8733753064226022e-13
1557155_a_at,2.4016223081764707,3.6494041215480766,1.2477818133716059,0.009565538295369663,0.03351377035710495
1557161_at,3.7593893441764705,2.3846270601923076,-1.374762283984163,1.0615082644048155e-16,6.0539247192215705e-15
1557222_at,4.4843968523529405,5.55102214335577,1.066625291002829,2.0735936305890474e-06,1.9465886956298525e-05
1557240_a_at,3.746438291176471,5.093538942528847,1.3471006513523758,3.5131532667332527e-07,3.884610861933432e-06
1557270_at,4.033664468411764,5.824244340798076,1.7905798723863118,6.999428993793197e-07,7.289101985350867e-06
1557275_a_at,7.9977633829411765,5.258622364326923,-2.7391410186142533,4.475781096758461e-16,2.2702942052042758e-14
1557289_s_at,3.0974020004705882,5.224560950836539,2.1271589503659505,1.5201812692115197e-10,3.1936094492800434e-09
1557293_at,4.200890347529412,5.39394135464423,1.1930510071148186,3.138646569071023e-07,3.5053036851509585e-06
1557300_s_at,3.790279656235294,5.271476314971154,1.4811966587358598,4.1004140760415867e-13,1.3250236818015025e-11
1557352_at,2.993976606941177,4.012491725644231,1.018515118703054,0.00046561406628707933,0.002501008771172375
1557360_at,3.9670277865294112,5.302199206394231,1.3351714198648201,1.2248500118303188e-08,1.7903344615877602e-07
1557370_s_at,6.5934793354705885,5.2229907778365385,-1.37048855763405,4.830490682270536e-09,7.652927458567303e-08
1557383_a_at,2.686930540117647,4.394869365346154,1.7079388252285073,1.4533294300944339e-07,1.731527329515916e-06
1557384_at,4.619630440117648,6.216199582259616,1.596569142141968,2.3280719068943844e-16,1.2469463847535682e-14
1557432_at,4.24523464964706,5.437617140326923,1.1923824906798632,1.1215642797703286e-05,9.051287420609902e-05
1557458_s_at,4.509135583647059,6.831135143846153,2.321999560199094,1.0066453898030961e-15,4.857798296203642e-14
1557459_at,4.041595718882354,2.875817255471154,-1.1657784634111996,2.8594779691781456e-09,4.7436914309961704e-08
1557505_a_at,3.831812285411764,5.1719029254134625,1.3400906400016983,6.104613889805206e-12,1.6134804914851252e-10
1557527_at,2.5768813158235293,3.684441051201923,1.1075597353783935,1.079039927128081e-05,8.735229929208475e-05
1557538_at,3.9876380652941172,5.294951407384616,1.3073133420904988,2.7690250294085644e-06,2.533623086003186e-05
1557543_at,4.164060860235294,5.340566245711537,1.1765053854762435,2.1651631015804763e-06,2.024887541486649e-05
1557675_at,5.12602727617647,6.327316462375,1.2012891861985304,2.0461672123980387e-08,2.89021118751223e-07
1557780_at,4.020000924058824,5.62340746426923,1.6034065402104067,6.256964538825051e-09,9.690660260060513e-08
1557813_at,4.495404539,5.629605694875,1.134201155875,0.0009098333091596559,0.004483727858245768
1557828_a_at,3.124142409882353,4.740535623134615,1.6163932132522625,4.926321709237734e-10,9.404467036323411e-09
1557832_at,7.534845421,2.56379642525,-4.9710489957499995,1.1185301159022073e-28,4.152942530328338e-26
1557889_at,4.302515202235294,5.363566188000001,1.061050985764707,0.0003450248983354474,0.0019201706868818582
1557895_at,4.78881126182353,6.149029746278846,1.3602184844553165,1.6996287674162041e-09,2.9402230902316642e-08
1557938_s_at,5.496193508529412,3.508405342586539,-1.9877881659428733,2.0288040834180693e-23,3.504117027496038e-21
1557948_at,3.8819279139411766,5.390763626115385,1.5088357121742084,2.2646464142798244e-10,4.618913925447628e-09
1557954_at,4.579316788823529,3.391889106913462,-1.1874276819100666,7.477366626473295e-08,9.466647949577498e-07
1557961_s_at,5.9391503358235305,4.160437794480769,-1.7787125413427614,8.665065153690001e-11,1.897795309082049e-09
1557987_at,7.727223871,9.275796429384616,1.5485725583846168,7.608283711312326e-09,1.1592755909539795e-07
1557996_at,6.241590821882353,8.215890288894231,1.9742994670118783,5.59534031461544e-12,1.486073377281733e-10
1558002_at,3.654187424529412,5.051042393673077,1.3968549691436651,3.7604151905972716e-11,8.778430311702673e-10
1558017_s_at,5.243795115117647,6.369165222240385,1.1253701071227376,7.768922016295413e-07,8.012471555695149e-06
1558078_at,3.738601667235294,6.056991686125,2.318390018889706,1.7615024534463756e-13,6.081027350199224e-12
1558088_a_at,4.351387684,5.41475107464423,1.0633633906442306,4.0603404952064133e-10,7.886452807397538e-09
1558097_at,7.223835068294117,8.371391942086538,1.1475568737924204,1.0166120381267062e-07,1.2536301045846699e-06
1558117_s_at,3.8003936325882353,4.810179482692307,1.009785850104072,0.0011300705770681443,0.005413210639442009
1558154_at,3.9243564207058825,5.851167602182692,1.9268111814768099,7.276661062712147e-12,1.90389685590492e-10
1558170_at,5.8889885714117645,3.0785319725673075,-2.810456598844457,4.484182150543561e-17,2.7654483344013227e-15
1558199_at,4.207315716588235,6.446112685567308,2.2387969689790728,6.0398326211983e-10,1.1386629717759181e-08
1558212_at,4.504324794176471,2.3517788966634607,-2.15254589751301,2.20897085353901e-24,4.336813676809555e-22
1558251_a_at,3.8453197399999994,6.103643023096154,2.258323283096155,1.913315804428513e-09,3.273569382128646e-08
1558253_x_at,3.900256420352941,6.215909654846154,2.315653234493213,1.538695246195221e-10,3.22629457710676e-09
1558279_a_at,4.114335748941176,3.1035061968942306,-1.0108295520469457,2.4251454349612987e-06,2.2460887950916803e-05
1558281_a_at,3.066932966352941,4.688054117298076,1.621121150945135,3.420619365791537e-06,3.073657957944292e-05
1558290_a_at,4.18905335782353,6.3749690765096165,2.1859157186860863,8.824224372407824e-11,1.928783908777119e-09
1558292_s_at,5.455234243058824,6.535643812201924,1.0804095691431002,5.765254185457426e-06,4.9459573748519474e-05
1558293_at,5.021489300470588,3.9949022073653846,-1.0265870931052032,2.166168099997592e-08,3.041607633901944e-07
1558397_at,5.660315889411765,4.499537122615385,-1.1607787667963807,0.00015156134368739043,0.0009254941348303963
1558410_s_at,4.986336096705882,6.293716642634616,1.3073805459287335,5.9491839758198234e-06,5.09014755002775e-05
1558420_at,7.022131900470588,2.5542324021730773,-4.467899498297511,2.1187823738984743e-34,2.4604473018086135e-31
1558421_a_at,8.096217358411765,2.760367468836539,-5.335849889575226,4.810373764210914e-31,2.885114172273269e-28
1558426_x_at,6.394814807411764,7.757636557644231,1.3628217502324667,9.414167454176837e-09,1.4065585696181705e-07
1558448_a_at,3.2817561424117647,4.455170164884616,1.1734140224728513,0.0005777958615831941,0.0030200651531650208
1558486_at,5.363581721941176,7.241520923721153,1.8779392017799772,1.6470223381863609e-09,2.8591867746779067e-08
1558515_at,4.955915389411764,6.250518842663461,1.294603453251697,5.31273242050022e-05,0.0003640472351267816
1558552_s_at,4.688338321,2.380084173278846,-2.308254147721154,6.857065910361401e-33,5.585847765994252e-30
1558579_at,3.7438225578823534,2.504066166153846,-1.2397563917285073,1.3337828164175727e-07,1.5985184966459092e-06
1558636_s_at,3.569193552294118,2.4329522285384613,-1.1362413237556566,2.8457782130788816e-13,9.453422342765202e-12
1558662_s_at,4.327304457647058,2.4685671415576924,-1.8587373160893654,1.491107600672418e-18,1.1709807444187035e-16
1558695_at,3.0006096955294113,4.450750381451923,1.4501406859225114,3.0314953628394236e-05,0.00022063739886439915
1558710_at,3.8750984862352946,4.92753359689423,1.0524351106589358,5.760638022641741e-06,4.943551299335905e-05
1558732_at,4.575871568235294,6.256450744413461,1.680579176178167,1.019646909076762e-07,1.2568046217366892e-06
1558801_at,4.678143421294117,3.4370182229903845,-1.2411251983037328,3.996436948519427e-10,7.773397441669345e-09
1558815_at,3.344741760117647,4.528993349576923,1.1842515894592758,0.00010210267933304566,0.0006533781375680969
1558820_a_at,4.950672394647059,2.771490859230769,-2.17918153541629,5.287453742411569e-35,7.594314152817923e-32
1558842_at,2.643019920941176,3.9449247876442306,1.3019048667030546,4.570939934891103e-07,4.939167109610404e-06
1558922_at,3.9397190976470586,5.366790473499999,1.4270713758529405,1.2862687977654398e-09,2.269746676794049e-08
1558953_s_at,8.02345488582353,9.405228442653847,1.3817735568303178,1.3346329185730727e-09,2.3467438808891667e-08
1559020_a_at,3.228084256058824,4.473944286432692,1.2458600303738683,7.626118025934054e-07,7.881573484897836e-06
1559038_at,5.1890330464705885,6.818584274509615,1.629551228039026,5.6967756502549246e-15,2.4617919098595685e-13
1559078_at,3.0510117801764705,4.3541119574038465,1.303100177227376,0.0012808093454282387,0.00605083469783847
1559156_at,3.819877003411765,5.570520203749999,1.7506432003382342,6.263037822029524e-13,1.957447831918428e-11
1559190_s_at,4.957982830529411,6.382741109586538,1.4247582790571274,1.7648513280018242e-06,1.6833942787663676e-05
1559259_at,3.494625719941176,4.906348239490384,1.4117225195492082,6.261343391817805e-10,1.1775942831909854e-08
1559391_s_at,5.716421396117647,7.086440962173076,1.3700195660554293,2.0256074614546454e-06,1.9058255047970177e-05
1559401_a_at,3.1452657408235294,4.7695568674326925,1.624291126609163,5.347284197179838e-11,1.2150267452034903e-09
1559449_a_at,3.1744694429411764,4.643304810182692,1.4688353672415158,7.439924964558373e-07,7.70811815946529e-06
1559491_at,3.0673024539411764,5.945037078894231,2.8777346249530544,2.9777520262841247e-15,1.3465014734263568e-13
1559496_at,6.302687247823529,7.921254508163462,1.6185672603399324,9.467555608968881e-11,2.0554085822669554e-09
1559528_at,2.669507625117647,3.6707121974134607,1.0012045722958138,3.023597083839931e-05,0.00022012125548739444
1559529_at,4.635740599235294,5.753140319288462,1.117399720053168,5.991667869462792e-05,0.0004057310678007565
1559584_a_at,5.69526375617647,4.507370690884615,-1.1878930652918545,0.008899487143478926,0.0315467369490119
1559591_s_at,5.643311429058823,6.793043527576923,1.1497320985181005,8.164277805093701e-06,6.766865881916615e-05
1559593_a_at,3.8552394247647053,5.205275048509615,1.35003562374491,2.7510461263497746e-09,4.580516977731676e-08
1559840_s_at,3.437605236352941,2.3657069707980765,-1.0718982655548643,4.01467908218519e-19,3.445238516141281e-17
1559893_at,4.823822987235294,3.021560869875,-1.8022621173602942,6.303575707797994e-17,3.7682678921786054e-15
1559901_s_at,5.449089696294117,2.8829335733749994,-2.566156122919118,2.235889883552509e-28,7.873073158349187e-26
1559942_at,6.2963507497058835,2.939410658769231,-3.3569400909366527,2.3319553373524326e-27,7.418098356097744e-25
1559946_s_at,8.96723486535294,10.238157939028847,1.270923073675906,5.433694924906232e-08,7.059405744024213e-07
1559949_at,3.9730576182352944,7.670421908375,3.697364290139706,1.0242456229825512e-16,5.890653514938321e-15
1559965_at,3.5122807204117645,2.343632563326923,-1.1686481570848417,2.9078592349643654e-25,6.348321967404804e-23
1559966_a_at,3.5015177945294123,2.48691707489423,-1.0146007196351823,4.745068330521455e-10,9.096630994433808e-09
1560049_at,5.9648259556470595,3.6115260111538463,-2.3532999444932132,4.727144289273555e-17,2.898907956901813e-15
1560060_s_at,8.393889656176471,10.131301006759616,1.7374113505831446,1.2414193007695113e-13,4.382627685426853e-12
1560089_at,3.312943498588236,4.320621590307692,1.0076780917194559,1.542973869931645e-07,1.825579250964649e-06
1560115_a_at,3.637547557352941,4.940014684615385,1.3024671272624442,8.822565473101615e-07,8.988739984252623e-06
1560133_at,3.3458949109411766,4.727122972298077,1.3812280613569006,2.839175183577337e-09,4.7114424549853294e-08
1560271_at,3.4644945491764703,4.926915204105769,1.4624206549292986,4.7317129870711804e-08,6.239482075896544e-07
1560296_at,6.9019906195882355,5.795265107423077,-1.1067255121651582,6.410917936816177e-05,0.00043059499147611385
1560297_at,5.312544815117647,7.566413843086538,2.253869027968891,1.7359761170279036e-18,1.3516097074360335e-16
1560359_at,3.939762945,2.5004935432980773,-1.4392694017019227,2.5807286172643406e-19,2.260892250428097e-17
1560512_at,4.8607473041764715,7.07901036998077,2.2182630658042983,3.257258683383896e-15,1.4595888479508181e-13
1560622_at,5.220694614117647,6.3934741090000005,1.1727794948823531,1.1762104802596384e-06,1.1640324896118007e-05
1560659_at,5.537643880470588,6.57846228085577,1.0408184003851817,4.619561572073299e-05,0.0003213088454723953
1560697_at,4.841660937647059,2.333560657596154,-2.508100280050905,6.325362449235716e-29,2.4484535965733062e-26
1560698_a_at,5.586215645352941,2.540222462740384,-3.045993182612557,1.7423216346199237e-25,3.9458162861377936e-23
1560763_at,2.706119194588236,3.7128533467596156,1.0067341521713797,6.4063292213424e-05,0.0004303927161147795
1560826_at,3.421084657176471,2.3168988360480767,-1.1041858211283944,4.5292087224661455e-17,2.7900641406713288e-15
1560850_at,2.640685172235294,4.021836571432692,1.3811513991973978,0.0031245682932490343,0.01307224231129007
1560926_at,4.082125864470589,6.116269576846154,2.034143712375565,2.6868248258144978e-11,6.417689810421421e-10
1561073_at,4.2080325920588235,5.883569204221155,1.6755366121623316,2.1072305804762307e-09,3.5873530209548404e-08
1561166_a_at,2.479905546470588,4.121646642048076,1.6417410955774883,7.113045743994376e-10,1.3236376531246815e-08
1561167_at,5.542998570117647,7.557859942663462,2.0148613725458144,1.381366767452012e-12,4.051242170916892e-11
1561180_at,3.5290721636470592,2.507208520586538,-1.021863643060521,1.1091990672448128e-09,1.9807314509169273e-08
1561539_at,4.516121282764706,3.254859174673077,-1.2612621080916289,1.3515562868668813e-22,2.0547796819194293e-20
1562062_at,6.227751969705883,7.695231728903847,1.467479759197964,9.877703206229289e-11,2.13680207408953e-09
1562063_x_at,6.5682921122352935,8.048663886259616,1.4803717740243227,7.973183909343151e-09,1.2084654390114965e-07
1562102_at,4.236441440705882,2.3555382820961537,-1.880903158609728,7.686670756949755e-24,1.4221383160798668e-21
1562235_s_at,5.645006264882353,8.646765824451922,3.001759559569569,3.2203588097950427e-13,1.06073604996864e-11
1562240_at,3.6344482550588233,2.4620358631923076,-1.1724123918665157,6.319859207453467e-15,2.7117263811603994e-13
1562292_at,2.8201213246470584,4.116769429221154,1.2966481045740958,0.006967063936972449,0.02575034757337437
1562294_x_at,2.6640483475882357,4.1632389270096155,1.4991905794213798,0.0020980798188271446,0.00925491783979364
1562321_at,3.591535610588235,2.369183297076923,-1.222352313511312,1.950768823886122e-14,7.80007411273851e-13
1562416_at,3.4419339137647063,4.760504459019231,1.3185705452545244,2.706097207258837e-07,3.0598490408604046e-06
1562440_at,2.704057981,3.900629468125,1.196571487125,2.2837183703045676e-07,2.615255244080004e-06
1562497_at,3.3780457457058826,5.140228215817308,1.762182470111425,2.286864302294899e-08,3.202020696638104e-07
1562529_s_at,5.2818173794705885,6.367585787259615,1.0857684077890264,1.8576753464121288e-05,0.0001427827950032778
1562610_at,4.4349852610000005,2.4747919052115384,-1.960193355788462,3.580902822749006e-19,3.0924382146015505e-17
1562836_at,5.494878872941177,4.33077126785577,-1.1641076050854071,5.0251393308264806e-14,1.904632496785962e-12
1562921_at,3.879450379764706,5.293164064451923,1.4137136846872167,0.00010616102585037938,0.0006764930099110165
1562957_at,3.927679619352941,5.632669175499999,1.7049895561470585,1.1160348356721142e-07,1.3636011931083126e-06
1563075_s_at,6.11479699517647,7.421612507971154,1.3068155127946834,4.317216380977372e-05,0.0003023224283146926
1563130_a_at,4.306182182470589,5.9951161040096155,1.6889339215390269,5.684616821103268e-17,3.4282950439667983e-15
1563182_at,8.616771436235293,3.786413843548077,-4.830357592687216,1.2204074866381075e-36,2.6643448085288505e-33
1563259_at,4.1666909088823525,5.175202901442308,1.0085119925599555,0.0003682829869703019,0.0020303552672577886
1563320_at,4.087310042294118,5.882402721365384,1.7950926790712662,5.828899887463199e-14,2.183497096484927e-12
1563497_at,4.051865220705882,5.08764533576923,1.035780115063348,3.1081312752548546e-05,0.00022549341602038378
1564139_at,3.9096967588235296,2.9037314452884617,-1.005965313535068,6.983306296162178e-16,3.449247731567742e-14
1564164_at,4.242047869235294,7.141317051778846,2.899269182543552,3.503179789145196e-18,2.566443620292022e-16
1564378_a_at,3.9586259404705886,5.177895862557692,1.2192699220871037,1.8182335374276233e-06,1.729476616229736e-05
1564475_s_at,3.97054676217647,2.486158287384615,-1.4843884747918552,3.326710540588829e-23,5.603967117123385e-21
1564753_at,3.5670095929411767,4.706022265913462,1.1390126729722851,3.986246776533705e-06,3.5330523354406154e-05
1564796_at,5.209152975705883,2.8070187062980767,-2.402134269407806,1.0900092498149183e-26,2.9451294478043777e-24
1565162_s_at,10.019374951470589,6.911491452634615,-3.1078834988359736,1.0818173936757647e-09,1.9365205486857843e-08
1565598_at,3.5029075772941174,5.389938702471154,1.8870311251770366,6.9174975553204945e-12,1.8134010522182386e-10
1565620_at,4.25294386917647,5.2532363675480775,1.000292498371608,2.889340207159228e-08,3.975228111079997e-07
1565689_at,4.023276752529412,5.223526651249999,1.2002498987205872,2.5504603675539402e-05,0.00018900417705461844
1565717_s_at,2.747323359823529,3.956421081567308,1.2090977217437793,9.474545605513407e-07,9.590341702583758e-06
1565886_at,4.207527666705882,5.343108616326924,1.1355809496210414,6.359518254017232e-08,8.158131336966877e-07
1565913_at,3.9980743518235293,5.3134125732403845,1.3153382214168552,7.572973487724831e-10,1.4020533242419728e-08
1565951_s_at,2.6942206374117643,4.112175997211539,1.4179553597997745,5.198287507627319e-07,5.547855570566903e-06
1566191_at,4.1120506447647065,5.616023917586538,1.5039732728218311,1.2415200300956217e-09,2.1986022622514258e-08
1566257_at,5.523899543764706,4.270474373711538,-1.253425170053168,3.0228036919244884e-08,4.1431843973266367e-07
1566342_at,9.040115420117647,7.321660235211538,-1.7184551849061096,1.0636885214792695e-06,1.0650233198769985e-05
1566472_s_at,6.657099430764706,3.7774615626346155,-2.8796378681300907,9.138486707048075e-18,6.27382976080474e-16
1566557_at,4.395863812058824,5.95019661235577,1.5543328002969456,1.4425680611213893e-08,2.0818065099932392e-07
1566558_x_at,4.177046304941177,5.328515524086537,1.1514692191453602,1.9088697780500445e-07,2.2204646977023312e-06
1567044_s_at,4.328536806705882,6.014604654855769,1.6860678481498867,1.1551382612737206e-12,3.42270853214215e-11
1567101_at,2.9420603381764705,4.729414024740384,1.7873536865639137,6.451144447000391e-05,0.00043292390602832207
1567107_s_at,9.062409613117648,10.734173143442309,1.671763530324661,5.176603100102505e-10,9.865007702531236e-09
1567214_a_at,7.746282468764705,8.8290986715,1.0828162027352954,0.00011168535806566663,0.0007074010859772564
1567219_at,4.246621110529412,3.214295543855769,-1.0323255666736424,6.957111084748184e-13,2.155006616881221e-11
1567997_x_at,2.9913510752941175,4.996890253634614,2.0055391783404968,0.0001994083790887777,0.0011797842734185796
1568609_s_at,8.331591230882353,7.087725615048076,-1.2438656158342765,9.681623150844569e-05,0.0006237909455199454
1568629_s_at,5.821491847647059,7.442090259644231,1.6205984119971717,4.4108337576760564e-13,1.41945103573232e-11
1568658_at,8.249234878705883,6.152519204269231,-2.096715674436652,6.606676559364839e-10,1.234882876484841e-08
1568680_s_at,6.685575833764706,7.708773765961538,1.0231979321968314,5.989258070981488e-06,5.120421620552923e-05
1568702_a_at,4.948685595176471,6.140955445980769,1.1922698508042977,1.6443851588793134e-06,1.5764780886434928e-05
1568779_a_at,4.224432077647059,2.6240780895288465,-1.6003539881182123,1.1353308755094665e-23,2.0586453107784445e-21
1568780_at,3.6906627193529413,4.7041834704134615,1.0135207510605202,0.0008532238632438116,0.0042369306916553535
1568815_a_at,4.593454916529412,5.677234310471154,1.0837793939417422,2.2795163730239122e-07,2.6112366014175586e-06
1568838_at,3.4130825724705884,5.591886214490385,2.1788036420197967,4.450836640816336e-07,4.8204250258142e-06
1569003_at,6.183247586470588,7.841943797663461,1.658696211192873,2.2827392307341366e-06,2.128278964481624e-05
1569157_s_at,5.757594262529412,4.498070599826923,-1.259523662702489,5.230090916468378e-07,5.578525153995068e-06
1569180_at,4.476302632941176,6.889864714432692,2.4135620814915155,3.084796424942824e-15,1.3914471411318546e-13
1569181_x_at,4.722466446352941,7.01636549326923,2.293899046916289,2.868181401059744e-15,1.3023500223663875e-13
1569453_a_at,3.090485145941176,4.485128556096154,1.3946434101549774,7.922366213102081e-05,0.0005204559768234215
1569519_at,3.963744889823529,5.307168906644232,1.3434240168207028,5.2227321876149144e-08,6.811266429338935e-07
1569540_at,3.4881541088235295,4.505424254471153,1.0172701456476236,0.000255283082325875,0.001469580777372
1569608_x_at,7.410357551117648,6.284167169307693,-1.1261903818099546,7.89365978195472e-05,0.0005189449015168715
1569652_at,3.852560856235294,4.919100425750001,1.0665395695147066,0.0016434992239763588,0.007491902125232246
1569867_at,4.080170630588235,5.117758598673077,1.0375879680848419,1.0691453635257926e-05,8.66155333173137e-05
1569868_s_at,3.9296110301764706,6.302358437038462,2.3727474068619916,8.583946761108712e-12,2.223555910178227e-10
1569986_x_at,3.679818039882353,2.4475312664134616,-1.2322867734688914,2.1290663118216074e-14,8.475733787958535e-13
1570021_at,4.937324789176471,6.117915653019231,1.1805908638427596,1.794839219602737e-08,2.559052501742367e-07
1570124_at,4.2565660750588235,2.4150619023653843,-1.8415041726934391,3.668534066734444e-21,4.40054771051207e-19
1570143_at,3.9734341141176475,6.501286137644231,2.527852023526583,3.6140700322900296e-16,1.8679197754958098e-14
1570454_at,4.302955834058824,2.3279380949903845,-1.9750177390684391,4.704745365039063e-30,2.3343663388951548e-27
200011_s_at,7.330242810352941,8.676784695932692,1.346541885579751,1.1547018816330194e-06,1.1454466375435945e-05
200058_s_at,9.597204501529411,10.669482244990384,1.0722777434609725,5.622710054375002e-14,2.113511653290174e-12
200067_x_at,12.122005817647059,10.618063929509615,-1.5039418881374438,4.3061989322906065e-12,1.160059385614457e-10
200078_s_at,7.632387540000002,8.827186112028846,1.1947985720288443,0.00041783137047272885,0.0022720751588154895
200601_at,6.1688577985294115,7.260058161259615,1.0912003627302038,8.614075675357694e-08,1.077578813397542e-06
200602_at,10.021151174588237,11.239348727682692,1.2181975530944555,4.3268786333667914e-06,3.806523354779595e-05
200605_s_at,9.454678277823529,8.36803559681731,-1.0866426810062197,5.907473844399851e-05,0.0004003278060013651
200606_at,5.497520539941177,10.475321149028847,4.97780060908767,6.3905043160767056e-27,1.855251782272077e-24
200612_s_at,5.9472764276470595,7.017698215480769,1.07042178783371,2.6485068089501564e-05,0.00019539450273815974
200636_s_at,10.202778732764706,11.235429868413462,1.0326511356487558,0.00430141177495864,0.017132507718416956
200644_at,6.541267483588236,9.542028345461539,3.000760861873303,1.4795694839014562e-19,1.3617777885642087e-17
200648_s_at,9.843902579,8.416470548298076,-1.4274320307019241,0.0001904701035094496,0.001132765942793665
200656_s_at,7.570632955588237,8.72213921726923,1.1515062616809937,0.00021083518874284813,0.0012385290890534828
200670_at,7.756576737352941,10.279857137846154,2.5232804004932126,4.203156124008625e-07,4.572534544394394e-06
200671_s_at,5.362216310352942,2.61010559675,-2.7521107136029417,1.5470711229405886e-28,5.591893696620819e-26
200672_x_at,6.702177644941177,4.594620874730769,-2.107556770210408,8.344846941301132e-27,2.3237418429044616e-24
200677_at,8.947991810647059,10.207987336298078,1.2599955256510196,4.3871459939618274e-08,5.830193357790178e-07
200696_s_at,12.233287288,9.815005481182693,-2.4182818068173066,7.804581032159578e-11,1.7273569673732262e-09
200697_at,7.534702414588236,8.673014892,1.1383124774117634,2.1804597617060535e-11,5.282171031254093e-10
200708_at,6.989208255352942,8.696218078490384,1.707009823137442,1.594349325005523e-09,2.7756935186435867e-08
200712_s_at,7.277550133058823,6.2651827018846165,-1.0123674311742068,0.00015767703701847737,0.0009586560101850815
200720_s_at,7.558023317647058,6.310227813711538,-1.24779550393552,1.8449131695146211e-06,1.7511915805032783e-05
200736_s_at,12.708351610647057,11.222691605865386,-1.4856600047816713,5.700164381081761e-07,6.0459359570553535e-06
200747_s_at,7.708002577470587,8.92962574564423,1.2216231681736431,1.2643878394220405e-07,1.5237143715569782e-06
200753_x_at,5.646007728882353,6.6503711925865385,1.0043634637041858,7.179065024540046e-06,6.018835483477284e-05
200762_at,10.28515944617647,8.955514087798077,-1.329645358378393,5.092458240404386e-06,4.4152705052109774e-05
200766_at,6.818614358941177,8.10127869101923,1.2826643320780526,0.000555360996590748,0.0029162062567756816
200770_s_at,8.872905281647059,6.868341580269231,-2.004563701377828,3.640381398164693e-11,8.523739868315349e-10
200771_at,10.70593100229412,9.293424730365384,-1.412506271928736,3.017015286540768e-05,0.00021978867768834566
200782_at,11.17871167564706,9.533941996682692,-1.6447696789643675,8.541788021542116e-09,1.2867851184867435e-07
200783_s_at,6.009942755176471,7.2641989835,1.2542562283235288,1.9166512299947713e-07,2.228091746153027e-06
200784_s_at,6.726327465117648,5.253065290788461,-1.4732621743291867,4.818923102854383e-11,1.1050924539104594e-09
200785_s_at,7.9002174581764715,5.87355532960577,-2.0266621285707016,1.473382613805348e-08,2.1245904802875057e-07
200789_at,9.807588575705884,8.442447591125,-1.3651409845808846,5.465968374167146e-08,7.097955933706131e-07
200793_s_at,9.358484365941177,8.180600993576924,-1.1778833723642528,0.00014844766752894,0.0009092801251649173
200795_at,10.498367494999998,9.09335392726923,-1.4050135677307676,0.001764190040285938,0.007972158321639859
200799_at,11.453460779647058,12.57806453148077,1.1246037518337122,2.4189391450579525e-08,3.372242135328684e-07
200800_s_at,10.030585988588236,11.533640377403847,1.5030543888156114,6.83918508953617e-08,8.729557600603242e-07
200818_at,12.128254408235293,11.027684616817309,-1.1005697914179837,1.1086651129596154e-06,1.1058083552672305e-05
200825_s_at,6.295275503294118,7.707096176375,1.4118206730808822,5.130477675093859e-09,8.076617854887445e-08
200831_s_at,11.139912403470587,8.071797326951923,-3.068115076518664,2.1476696471141864e-15,9.866806537865756e-14
200832_s_at,11.83408422682353,9.76462490248077,-2.069459324342759,6.364903407441172e-06,5.397608189476876e-05
200835_s_at,7.8051138637647055,6.669669299115384,-1.1354445646493216,8.927971925843591e-08,1.1142917442044759e-06
200844_s_at,12.386937318235296,10.608893424201925,-1.7780438940333703,2.12492640805618e-12,6.043583034147904e-11
200845_s_at,11.774099796470589,10.366469708442308,-1.4076300880282808,2.0110206483642673e-15,9.278063902542125e-14
200846_s_at,7.250295544588234,8.541345235557692,1.2910496909694578,1.8168160503615216e-05,0.00014001694890240256
200862_at,8.24712232352941,9.479388621413461,1.2322662978840508,0.0012440881946263098,0.005896239108588865
200872_at,12.218827100176473,11.075189129096154,-1.1436379710803184,2.4697002634001135e-05,0.00018356771166568814
200875_s_at,7.868367208235295,8.87930369814423,1.0109364899089357,3.911750067358015e-09,6.344399057907737e-08
200878_at,11.161630227999998,9.115721278903845,-2.0459089490961535,2.478681884134235e-11,5.964902052652664e-10
200883_at,9.430915878529412,7.697887974701923,-1.7330279038274883,2.7749608752697777e-07,3.1292270580857275e-06
200884_at,8.422069285882353,6.777164916067307,-1.6449043698150456,3.215683755540669e-07,3.5818123202786564e-06
200894_s_at,3.9918005667058822,5.7992281005865385,1.8074275338806562,2.1330230835551216e-07,2.4612741411702957e-06
200895_s_at,7.163361425411765,9.430421752201925,2.26706032679016,3.9566614029407223e-13,1.2838919305059553e-11
200896_x_at,9.344490892764705,10.600489007067306,1.255998114302601,1.7489526364434474e-09,3.0159900772337097e-08
200903_s_at,6.67201002582353,8.112684484528845,1.440674458705315,1.1470761673098685e-07,1.3980855322823875e-06
200910_at,8.88704234952941,10.46680802253846,1.5797656730090495,8.405692558984104e-14,3.0625787328223863e-12
200911_s_at,10.137390857529411,8.038615285499999,-2.098775572029412,2.0507361006144243e-10,4.209369147628231e-09
200916_at,8.773762704352942,10.228230818509616,1.4544681141566738,8.957977698684869e-08,1.1168899135670873e-06
200943_at,9.257786224117648,10.68726747903846,1.4294812549208125,4.1138911543582316e-10,7.973439819379187e-09
200944_s_at,10.461678369294118,11.94413751866346,1.4824591493693422,2.6528457572545023e-12,7.425111209497102e-11
200946_x_at,7.844407339882353,6.6029902972403836,-1.2414170426419693,4.893389727577151e-08,6.424737020481918e-07
200951_s_at,6.854352851882353,5.4077100051634615,-1.4466428467188912,1.429981985474145e-05,0.00011281726913153131
200953_s_at,6.918367511058824,5.3060354430384615,-1.612332068020362,3.7111091371281454e-06,3.3085368440920784e-05
200956_s_at,6.839857333352942,7.846489197,1.0066318636470584,1.4542907018239974e-07,1.7322944612582267e-06
200958_s_at,11.57514306117647,10.207054661951922,-1.3680883992245487,9.391565839677539e-08,1.16601972694213e-06
200959_at,8.553053544764705,10.261779443951923,1.7087258991872183,1.7482391990335162e-13,6.046714020535505e-12
200972_at,11.204254115705883,9.292311749682693,-1.9119423660231902,2.4933635144884283e-09,4.1898179574280764e-08
200973_s_at,8.521988943235295,5.627454886317308,-2.894534056917987,5.436346223541821e-13,1.72706833838585e-11
200978_at,11.845548415470589,9.754762947134616,-2.090785468335973,7.163730153583508e-14,2.6507744274741305e-12
200979_at,6.930103666176471,5.065989643836539,-1.8641140223399324,5.899659342194809e-12,1.561578599600633e-10
200980_s_at,9.129805473647059,7.859017213048077,-1.270788260598982,2.499303851500302e-07,2.8424568641599293e-06
200982_s_at,8.758961514764707,7.482463740480769,-1.2764977742839374,5.977761556653663e-07,6.308202784234344e-06
200986_at,9.723082117294117,8.218652112365385,-1.5044300049287322,6.207858056838454e-05,0.00041865647458814536
200990_at,6.9254010428235295,8.310146691509617,1.3847456486860876,7.601616986579595e-09,1.1585832267817024e-07
200998_s_at,6.800436842823529,8.285215514971155,1.484778672147626,5.0158295943753915e-08,6.568296643635361e-07
200999_s_at,9.172920978117649,10.954111785596155,1.7811908074785059,3.6203808873074845e-16,1.869411243598441e-14
201005_at,7.802177609588235,10.26870624608654,2.466528636498304,5.777339345257047e-08,7.468531599355386e-07
201008_s_at,9.866714945117646,8.357716117221154,-1.5089988278964928,2.1176579648575837e-05,0.00016028242138949115
201009_s_at,10.287803138823529,8.18283773560577,-2.1049654032177596,4.1799147342166986e-08,5.571432893646203e-07
201010_s_at,12.713953248823529,10.64129269764423,-2.0726605511792986,8.634333004216755e-09,1.2996504716964873e-07
201012_at,11.911412767647061,8.643935997375,-3.2674767702720615,2.7296489997959195e-11,6.514276902486291e-10
201013_s_at,7.394225646235294,9.02384873,1.629623083764705,1.0029336620978932e-11,2.562692712717271e-10
201015_s_at,6.872797046117647,8.789699668759615,1.9169026226419685,4.9910078981573936e-14,1.894326982430684e-12
201028_s_at,8.356022674235293,7.1354740196923085,-1.2205486545429842,8.46009579980737e-05,0.0005517968076693195
201030_x_at,12.493515935882352,9.942816555288461,-2.5506993805938905,3.784545553483598e-09,6.154848383896939e-08
201034_at,10.067293809764706,7.925330361875,-2.1419634478897063,3.0577967136588936e-09,5.0588507679535844e-08
201035_s_at,8.123579469117646,5.472258932182692,-2.6513205369349535,8.577854094388418e-26,2.0715517637948027e-23
201036_s_at,12.201790867941176,10.037615021951922,-2.164175845989254,3.373698147999267e-14,1.313359994434037e-12
201037_at,5.7958487405882355,6.9977749642980775,1.201926223709842,0.0023601853005781204,0.010260179491856092
201041_s_at,12.73142959347059,10.192916701711539,-2.5385128917590514,1.682104987443754e-09,2.915452782143304e-08
201058_s_at,9.795449225705882,7.617501693394231,-2.1779475323116513,1.6429468681738345e-09,2.8530193165147857e-08
201059_at,10.31652244417647,11.427367944019231,1.1108454998427604,1.3057886081240226e-06,1.2781319304663026e-05
201072_s_at,5.875793006705883,7.460125793009616,1.584332786303733,4.012903312471527e-12,1.0896529845342461e-10
201074_at,7.732893353529412,8.9527782495,1.219884895970588,1.1575321110584903e-11,2.9357316491385383e-10
201079_at,6.623910259764706,8.016887572865384,1.392977313100678,2.062361936300558e-05,0.00015650952742122937
201088_at,9.014501673117648,10.687801955442307,1.673300282324659,1.6934561223574588e-12,4.900696802871037e-11
201105_at,12.88952083629412,11.251771102490382,-1.6377497338037372,3.435990848132739e-07,3.806229845752725e-06
201106_at,13.031873776117646,11.497766599182693,-1.5341071769349526,6.746569936763275e-10,1.2601678322334112e-08
201116_s_at,8.021664161882354,6.051773119865384,-1.96989104201697,8.422714710924789e-07,8.611902326855827e-06
201117_s_at,8.198358797882355,6.845968266778846,-1.3523905311035085,0.00035152886377944775,0.0019509959178582955
201118_at,7.40072855917647,5.824297169692307,-1.5764313894841635,1.369190002294318e-06,1.3342085544585178e-05
201124_at,5.754345958764706,4.747727605971154,-1.0066183527935513,0.0004407084471347121,0.0023834152136509566
201131_s_at,6.035072260647059,10.926179425528847,4.891107164881788,1.4334516478548046e-19,1.323796234996064e-17
201135_at,11.516087657411765,10.034005021519231,-1.4820826358925334,1.2607141563888916e-10,2.682593292068199e-09
201136_at,7.620071599352942,8.878307402115384,1.2582358027624423,8.174130761147818e-05,0.0005356415930035859
201139_s_at,10.629078072294117,9.484096153048077,-1.1449819192460406,2.016328668198234e-11,4.908528206136994e-10
201147_s_at,7.455068648294119,6.204741974096153,-1.2503266741979653,0.0010252079753816463,0.00497553139679485
201149_s_at,6.438831227529413,4.762795587076923,-1.6760356404524899,8.890857799099484e-06,7.32569637404968e-05
201150_s_at,11.004129715941176,9.817091453788462,-1.1870382621527131,0.0032004777453780056,0.01333121230748578
201151_s_at,5.94130928682353,4.591209032230769,-1.3501002545927605,6.28199231400489e-10,1.1798515433794664e-08
201152_s_at,10.081396246941177,8.610509045259615,-1.4708872016815615,1.1475661159641456e-09,2.0454935023908262e-08
201153_s_at,9.921576670117648,8.66411280183654,-1.2574638682811088,3.120926520236602e-12,8.63778136653111e-11
201170_s_at,8.017222952705882,9.687624535961538,1.6704015832556554,3.426115900332154e-08,4.6481227870800064e-07
201171_at,5.238243539470588,4.143924174173077,-1.094319365297511,6.508086746611465e-05,0.0004364232295654345
201177_s_at,11.063316754764704,9.474259128884615,-1.5890576258800895,2.33853060899978e-15,1.0698630520419027e-13
201182_s_at,6.041206498176471,7.212135769759614,1.1709292715831436,9.951339913512972e-10,1.796078641334737e-08
201183_s_at,7.145669536352941,8.338072419057692,1.1924028827047506,8.296133481326095e-16,4.0356031129883865e-14
201189_s_at,5.702739392941176,7.758862117942308,2.0561227250011322,5.819573481767807e-11,1.3146792262475377e-09
201193_at,11.337164522764706,10.017366328942309,-1.3197981938223968,9.727398585871602e-07,9.81896962120004e-06
201195_s_at,4.416822899470588,7.172763064740385,2.7559401652697977,7.864663672964188e-08,9.917871502003523e-07
201200_at,10.66967301117647,9.559289063528846,-1.110383947647625,1.6152347479845493e-05,0.00012597584639932656
201202_at,8.394273909529412,9.396218256836537,1.0019443473071252,7.458607297154436e-06,6.233093365049639e-05
201204_s_at,6.1159246371764695,7.416355307538462,1.3004306703619921,1.3342346976475015e-09,2.3467438808891667e-08
201206_s_at,6.473798559352941,7.5684984456153845,1.0946998862624433,8.733910139488366e-06,7.205079829249327e-05
201209_at,8.897062014470588,10.034852001894231,1.137789987423643,2.670311940714299e-06,2.4523465490870895e-05
201212_at,9.607016655529412,8.182732780673076,-1.4242838748563358,7.211993803294577e-05,0.0004786276870014771
201215_at,10.24084925747059,8.746215437519231,-1.4946338199513587,1.0851586619028237e-05,8.780856131652219e-05
201219_at,6.756039977764706,7.939654261028846,1.1836142832641396,6.977648423746865e-08,8.885512676614096e-07
201220_x_at,9.319179886411762,10.670949700384615,1.3517698139728527,1.6505050486230973e-12,4.786552340531351e-11
201221_s_at,6.052788786470588,7.612701919932693,1.5599131334621053,2.573344525859457e-09,4.310944471359218e-08
201237_at,9.02120573929412,7.891062187471154,-1.1301435518229654,0.00016334753937583414,0.0009896201384535601
201238_s_at,9.84638850517647,8.388997154298078,-1.4573913508783924,2.899086531270623e-08,3.986627457551508e-07
201242_s_at,8.765019797705882,11.373998138134615,2.608978340428733,9.881220609795704e-10,1.7846033741298467e-08
201243_s_at,8.524508517823529,11.092425098442307,2.5679165806187783,1.016472875739289e-09,1.8303554300552505e-08
201250_s_at,4.336002694529412,5.750825681817308,1.414822987287896,2.690084101889425e-05,0.0001980602997396775
201251_at,6.70433652,8.738228078355771,2.033891558355771,3.492049935754455e-15,1.558402235842538e-13
201261_x_at,6.907530048705882,9.1245428235,2.217012774794118,8.320847503947249e-12,2.1627057430781813e-10
201271_s_at,7.9061195455882345,8.91372388241346,1.007604336825226,2.4538382881238137e-09,4.130771872075791e-08
201272_at,8.113724275235295,6.865359105557692,-1.2483651696776032,2.382797448370842e-05,0.00017793227792397344
201278_at,8.38727703417647,6.376199253990384,-2.0110777801860866,3.3699997418679833e-09,5.516833110720236e-08
201279_s_at,6.360508159411765,4.425539621903846,-1.9349685375079186,2.0822286749141894e-10,4.270798904477322e-09
201280_s_at,8.249528472588237,6.5907944669134615,-1.6587340056747752,2.427074910873697e-07,2.7649200910159777e-06
201286_at,3.165277735647059,7.802565261874999,4.63728752622794,4.274726647814637e-23,7.00631548681907e-21
201287_s_at,3.5794632674117643,7.933443049192307,4.353979781780542,4.212722005142665e-22,5.925931812337152e-20
201289_at,10.263266894352942,8.740759661,-1.5225072333529415,1.9266764086945372e-05,0.00014744261316620744
201291_s_at,3.7079488900588236,8.26131485839423,4.553365968335408,1.1391648875842965e-18,9.211034133253825e-17
201292_at,3.8707952081764705,6.9537325041826925,3.082937296006222,1.17645709336179e-12,3.4820960790994105e-11
201294_s_at,6.943660276588236,8.010222464615385,1.0665621880271487,2.586016639031178e-05,0.00019135331092961315
201307_at,9.154866300529411,7.394896025355769,-1.7599702751736421,2.0232778435279512e-10,4.157698848716568e-09
201310_s_at,7.693719247647059,9.02095691935577,1.327237671708711,3.136848580435723e-06,2.839709050781246e-05
201313_at,3.4876056744705886,5.367803354230769,1.88019767976018,5.290870451308879e-06,4.571322120658339e-05
201324_at,11.34454052817647,9.127419285346154,-2.2171212428303164,1.5334760312996423e-07,1.8159164311630111e-06
201325_s_at,9.664950344588235,6.59971973126923,-3.065230613319004,9.657663347755465e-14,3.4815429845253998e-12
201336_at,11.285319989588235,9.879908230201922,-1.405411759386313,6.608830435287014e-11,1.4819365502363595e-09
201337_s_at,6.153837898941176,4.262542854509615,-1.891295044431561,2.8517967936498874e-13,9.467653114392774e-12
201339_s_at,11.19962183364706,10.035997456201923,-1.163624377445137,4.351845169604925e-06,3.8266369826303725e-05
201340_s_at,3.285663372176471,5.903526815038461,2.61786344286199,8.727943730121237e-15,3.678474446689475e-13
201341_at,4.399093050941177,6.176527245009615,1.7774341940684382,4.862613586371187e-08,6.388728516409131e-07
201348_at,11.327020771058823,6.390844000509616,-4.936176770549207,2.2408327887689124e-15,1.0286157508681117e-13
201349_at,7.067956857235294,9.299355650548078,2.231398793312784,2.379705502669265e-10,4.837316448051613e-09
201360_at,9.52092734970588,8.200807718423077,-1.3201196312828039,0.009229379528994063,0.03250921621897174
201377_at,6.69375233582353,7.918579818692308,1.2248274828687782,9.542741872232031e-08,1.1818318780225822e-06
201380_at,8.195231688117646,6.218167409326923,-1.9770642787907233,1.340821683442143e-12,3.9408027280877075e-11
201387_s_at,5.161784098529412,3.1997557596634616,-1.9620283388659505,2.8746472254468294e-06,2.620600817064682e-05
201397_at,7.538873805588236,6.440747672336538,-1.0981261332516974,0.004113939513426913,0.016509663719888677
201403_s_at,10.795457122882352,9.313019152038462,-1.4824379708438897,2.6848776293659847e-06,2.4636505738595505e-05
201416_at,7.613257888294119,10.245074327163461,2.6318164388693424,2.149026523655421e-21,2.659676159514495e-19
201417_at,7.580733147352942,9.72156340175,2.1408302543970583,2.1971163722574577e-13,7.443601147202966e-12
201418_s_at,5.37570720182353,8.287971601086538,2.912264399263008,6.546830369602609e-25,1.3638147127577892e-22
201422_at,8.597389156941176,9.842300287509614,1.244911130568438,0.0011764419408498113,0.005610224961960844
201425_at,11.810719214529412,8.686792377490384,-3.1239268370390274,9.398830186201199e-14,3.399461582058815e-12
201426_s_at,13.412741821764707,11.135358466971153,-2.277383354793553,5.635467649158213e-12,1.4952755898075163e-10
201427_s_at,13.133640889411764,11.19442218423077,-1.939218705180993,7.055681916907904e-06,5.9317939516777034e-05
201428_at,4.012416384705882,6.3713115269326925,2.3588951422268103,1.8233384455182716e-16,9.93173543093231e-15
201432_at,12.662432974941177,10.218162420057693,-2.4442705548834844,6.891473264874293e-20,6.668831174322778e-18
201433_s_at,7.640252095529412,8.730908261384615,1.0906561658552025,0.00035939547178554,0.001988267648088773
201446_s_at,5.992110094294118,7.272538107221154,1.280428012927036,7.089879588019973e-11,1.583300073791089e-09
201448_at,7.821287231588235,8.91728253639423,1.0959953048059958,9.765845011223472e-06,7.979192438137213e-05
201449_at,6.673559856235293,7.878771769182691,1.205211912947398,2.42841418433486e-06,2.248353142778835e-05
201450_s_at,6.851482310529412,8.199936222028846,1.3484539114994343,4.246399107793604e-10,8.212764596182391e-09
201456_s_at,5.7505466571764705,6.968758941230769,1.2182122840542986,2.6249299348773173e-09,4.394042775664856e-08
201458_s_at,7.718312399941177,8.767634387182692,1.0493219872415152,2.37044279410839e-05,0.00017713088343324453
201459_at,8.071504686764705,9.273050717942308,1.2015460311776032,1.0643488473759543e-06,1.0653052584069724e-05
201460_at,6.540032738529412,7.834210686240386,1.294177947710974,3.963753011742921e-10,7.715323667186765e-09
201464_x_at,10.570785921823528,9.543739670634615,-1.0270462511889136,9.152262329061549e-05,0.0005929036506324631
201465_s_at,10.175589165999998,9.03492624723077,-1.1406629187692285,0.00034601163584169014,0.001924877084150811
201466_s_at,10.235276061823528,8.678562925586538,-1.55671313623699,3.2526522268653512e-06,2.9367494770898925e-05
201467_s_at,7.830395370411765,6.1048406065192315,-1.725554763892533,0.0004710072326639943,0.0025264966832008007
201468_s_at,10.164965190764706,8.730282028826924,-1.434683161937782,0.0005325221117103155,0.002810882430854672
201478_s_at,6.3320282719411765,7.446524227125001,1.1144959551838243,6.284713633137723e-05,0.00042294041009270503
201479_at,7.970771677470587,9.279738557663462,1.3089668801928749,5.121784026954372e-09,8.067585870336008e-08
201482_at,4.7733204832941185,6.021399745538461,1.2480792622443424,1.2047398389870108e-05,9.65543255096506e-05
201510_at,4.012132497588235,6.470622603653847,2.4584901060656117,3.0565415687722874e-14,1.1950070364041738e-12
201525_at,10.727974871117645,7.490847595403846,-3.2371272757137994,1.3640111727848447e-05,0.0001081126427525763
201531_at,9.60154054817647,7.2424005043749995,-2.35914004380147,4.4680573900010997e-13,1.4370188820793754e-11
201535_at,8.397240475705884,7.046901523384615,-1.3503389523212688,4.4286775815256404e-07,4.800651315235113e-06
201539_s_at,8.25327853135294,2.6160486205192304,-5.63722991083371,6.214419244449763e-34,6.0567283561218506e-31
201540_at,13.559004128470587,8.97586871846154,-4.583135410009048,1.018938714173451e-15,4.908442725584535e-14
201542_at,11.068077097117648,9.921449126019231,-1.1466279710984164,1.2850034265311398e-06,1.2591418674442204e-05
201548_s_at,5.759890808529412,7.949710938903847,2.189820130374435,1.4054728637024155e-18,1.1133425751526e-16
201549_x_at,6.155539632941177,8.12385432701923,1.9683146940780523,2.910795289589412e-11,6.9163385333261e-10
201558_at,6.9707014507058815,8.400040807086539,1.4293393563806571,1.0584968959223116e-16,6.043065071395799e-15
201561_s_at,6.7089401788823535,8.477213567538461,1.768273388656108,9.333573226489295e-14,3.380339038676571e-12
201562_s_at,4.991349407647059,7.2621387321826925,2.2707893245356336,2.7265784726600374e-09,4.5421427753477305e-08
201563_at,5.239844860529412,7.981687284490385,2.741842423960973,7.354245767709894e-12,1.9223533513210646e-10
201571_s_at,5.338511037470588,4.307415204432693,-1.0310958330378952,1.0674633477991062e-06,1.0678350817362063e-05
201577_at,8.583344178411764,9.825311547086539,1.241967368674775,0.0002383919494498292,0.00138181756680355
201582_at,5.462860597529412,6.604289238826923,1.1414286412975114,3.7088611375779824e-05,0.0002640567858438152
201584_s_at,7.568561808882352,9.078045373375002,1.5094835644926494,3.0686307854247414e-10,6.112510935682371e-09
201596_x_at,6.045156859470588,10.968937458298077,4.92378059882749,1.2608359087740525e-19,1.176327573760325e-17
201613_s_at,5.512434163588235,7.728582811028847,2.216148647440612,9.963468238750811e-19,8.116360194071352e-17
201614_s_at,4.839281259117648,5.86215778266346,1.0228765235458122,0.00010620522636626967,0.0006766956630684839
201619_at,10.754941340529411,9.512569293567307,-1.242372046962105,0.00011739225617876019,0.0007393436360466827
201631_s_at,8.921975871,11.347687930336537,2.4257120593365364,3.6109772339537164e-13,1.1829743484511397e-11
201639_s_at,6.936059612470589,8.570757222182694,1.6346976097121049,4.3487987104572164e-11,1.0031829451312105e-09
201641_at,7.5199855787647065,9.056131287221152,1.5361457084564458,0.00016143671675302804,0.0009792236678888104
201644_at,6.796334703,8.452988343596154,1.6566536405961534,9.30367664419231e-12,2.388454221840885e-10
201645_at,6.2670736313529405,8.307390894923078,2.040317263570137,2.2596683786867408e-05,0.00016964297171986745
201648_at,9.903735441058824,8.779486991740384,-1.12424844931844,7.905662512734033e-06,6.573478889130268e-05
201650_at,6.287652527235294,11.739672639942306,5.452020112707012,2.3953583607852353e-16,1.2792198040440054e-14
201651_s_at,9.142563831882352,10.234707499336537,1.0921436674541845,7.364306056062613e-09,1.1252420499267675e-07
201663_s_at,4.07088281964706,5.2607622974999995,1.1898794778529398,6.71834034731629e-05,0.00044897795740930064
201664_at,6.887598181823529,8.483588577230769,1.5959903954072399,1.9330520025847047e-10,3.987303297394958e-09
201666_at,8.577259315941175,9.829491275961539,1.2522319600203637,0.0002274369162204023,0.0013242243919771002
201680_x_at,7.679229203235294,8.927208972567307,1.2479797693320132,1.4238906767643526e-13,4.984896038943015e-12
201681_s_at,8.160315919411765,9.666729795346154,1.5064138759343884,3.2332850639896764e-06,2.9202294474183772e-05
201688_s_at,3.4197800576470585,6.423368607923077,3.0035885502760187,8.724060455291342e-13,2.6436588196916535e-11
201689_s_at,5.072989634176471,8.779708896307692,3.7067192621312213,6.508229859587538e-16,3.2350881375813135e-14
201690_s_at,7.082744554647059,10.836368603173078,3.753624048526019,5.1981320240360486e-21,6.062154866236399e-19
201691_s_at,3.426815419,5.736073380461538,2.309257961461538,9.076855544811048e-12,2.332418544163099e-10
201693_s_at,7.095185087647059,4.862858788259615,-2.232326299387444,2.0476639589331743e-10,4.204644515222488e-09
201694_s_at,11.100281729117647,9.163017665336538,-1.9372640637811092,1.4340756913384928e-08,2.0711938914412173e-07
201697_s_at,6.058350784882353,7.953916822105769,1.895566037223416,1.5399130677473552e-17,1.021226188634057e-15
201701_s_at,9.812401655352941,8.667129048326924,-1.1452726070260173,2.2399964707172067e-05,0.0001683281941006119
201702_s_at,4.635048215647059,6.5469255412980765,1.9118773256510178,2.8098782405135015e-11,6.694035115189279e-10
201703_s_at,4.344863421117647,6.1363798368557685,1.7915164157381218,4.565223326420344e-10,8.776517222004084e-09
201704_at,7.030079278764706,8.36613727406731,1.3360579953026033,4.785730166572252e-10,9.161710514252785e-09
201706_s_at,7.909341107294118,5.722079362125,-2.187261745169118,6.1043633278319245e-15,2.629597837961631e-13
201707_at,7.974690049117648,5.952391246173077,-2.0222988029445705,5.02166084032477e-11,1.149170763119856e-09
201708_s_at,4.494762689999999,6.0518478205,1.5570851305000009,7.715965796178062e-10,1.4265911151409298e-08
201709_s_at,6.407647847352941,7.7910586094999985,1.383410762147058,1.3914276780657878e-12,4.078556994691333e-11
201710_at,4.3415935331176465,5.906517221971155,1.5649236888535087,1.1884876910240115e-06,1.174053750016281e-05
201718_s_at,5.968500358411765,3.1907279053653848,-2.77777245304638,8.251592206844401e-18,5.700805709586843e-16
201719_s_at,10.543879111647058,8.207146722000001,-2.3367323896470573,1.0742998347228556e-13,3.8297982155022034e-12
201738_at,9.990118616529413,8.874351648134617,-1.1157669683947962,5.90022173893874e-06,5.0522152853708425e-05
201743_at,8.75902954764706,7.538840612942308,-1.220188934704752,0.005650488109776553,0.02157836485750731
201752_s_at,8.750433154058825,6.865658177307693,-1.8847749767511326,5.0954267916967245e-09,8.030704558591266e-08
201753_s_at,10.326570389941176,8.528487370884616,-1.7980830190565609,1.9406126308318934e-07,2.253546739961147e-06
201761_at,7.6762584852352935,9.781548697923077,2.105290212687783,4.060139821918388e-17,2.5267773242928585e-15
201762_s_at,9.137069638294118,10.348947819490386,1.2118781811962673,4.315732817096982e-09,6.913659566314534e-08
201773_at,7.444073909705883,8.687171918788462,1.243098009082579,1.1403827966869903e-06,1.1335085168526542e-05
201774_s_at,5.5336610287058825,6.584030582528846,1.0503695538229634,0.00013950357247557698,0.0008607241105747814
201785_at,10.759480596235292,7.667644518471154,-3.091836077764138,1.0028284801343986e-14,4.1843621873618554e-13
201786_s_at,10.259829302,11.672235946317308,1.4124066443173078,8.025367391298256e-15,3.387598815542672e-13
201787_at,6.737495346176471,5.6993140196442305,-1.0381813265322402,0.0020116872977064,0.008925768719739664
201791_s_at,6.1207740341764705,7.541499967163461,1.4207259329869908,1.4127224270507332e-05,0.00011160077774786794
201792_at,8.300757280588234,9.560583342394231,1.259826061805997,0.000169112153538764,0.0010211275835813917
201797_s_at,4.867926231941176,6.227151215423078,1.3592249834819015,6.281268474749955e-08,8.066478872550066e-07
201810_s_at,8.35781899082353,7.0307194635000005,-1.3270995273235293,2.7189903080838543e-06,2.491183012001153e-05
201811_x_at,10.25568190935294,8.763877163086537,-1.4918047462664035,1.5558871162559796e-09,2.7130595181512818e-08
201818_at,5.249418845470588,6.882416159778846,1.6329973143082581,8.500532839284898e-09,1.2819855811973762e-07
201823_s_at,6.646963887941176,5.4328061404134615,-1.2141577475277145,2.1926272432964398e-05,0.00016524634398215463
201839_s_at,6.767673204941176,11.924118002557693,5.156444797616516,4.1437624082439964e-22,5.843989883192483e-20
201842_s_at,10.908110365294117,7.8987624219903845,-3.009347943303733,2.3372758214476585e-07,2.673222486563113e-06
201843_s_at,8.991408648411765,5.772796670182692,-3.218611978229073,7.785423912740194e-09,1.1832933771468867e-07
201848_s_at,6.97197712517647,5.2635360420769235,-1.7084410830995465,3.606574530288705e-08,4.869946345587017e-07
201849_at,9.858972995647058,8.543227216634616,-1.3157457790124418,0.0001515107155183279,0.0009252885019889021
201850_at,6.480547649647058,8.003411426548077,1.5228637769010183,3.190382965006627e-05,0.0002308470261793672
201853_s_at,4.558960565058824,6.556680801403845,1.997720236345021,2.2385035873426965e-09,3.789396589277137e-08
201858_s_at,7.280841532705883,5.386933690817307,-1.8939078418885753,4.344262668103642e-05,0.00030390350187442793
201859_at,11.66846528764706,10.497570822105768,-1.1708944655412914,0.00020637540228022515,0.0012161264393276193
201861_s_at,8.304457046058822,9.988652836548077,1.6841957904892553,1.62611920797078e-11,4.021933922725394e-10
201865_x_at,9.880706641705883,8.10245226101923,-1.7782543806866524,4.2052996996258915e-12,1.136805608251023e-10
201866_s_at,6.455787608588235,4.009944951144231,-2.445842657444004,4.6472548969201724e-26,1.1797326745070052e-23
201870_at,4.377329989352941,5.635219015413463,1.2578890260605213,3.010921304788968e-10,6.00413130778506e-09
201884_at,2.725483282470588,3.921271930413462,1.1957886479428739,0.008428143683862023,0.030167868187401976
201885_s_at,10.733968130470586,9.475560535375,-1.258407595095587,3.3833590372762477e-09,5.5370420658320935e-08
201890_at,4.51778167482353,8.986050078009615,4.4682684031860855,5.661185514863721e-19,4.7830006844542886e-17
201893_x_at,12.494993844588235,10.11844691823077,-2.376546926357465,5.194222657964831e-07,5.544601573421915e-06
201896_s_at,4.081112611352942,5.944970982278846,1.8638583709259047,1.4834403766965687e-11,3.6936447226150555e-10
201910_at,5.553166492823529,7.391752304211538,1.8385858113880094,8.125794713846032e-11,1.7904632607468817e-09
201911_s_at,6.085877263411765,8.033214094528846,1.947336831117081,2.535053265389264e-10,5.124469339691875e-09
201920_at,6.15496640082353,7.835008612076923,1.6800422112533928,4.123153524156343e-12,1.1168118917862484e-10
201922_at,10.741181787352943,9.720600854326923,-1.0205809330260198,6.025220583405246e-07,6.355827487856107e-06
201927_s_at,4.0611273757647055,5.548178983442308,1.4870516076776026,1.7929954619823864e-08,2.5570916989688185e-07
201931_at,9.99066887282353,7.856799288221154,-2.133869584602376,1.3342506208735803e-14,5.46302060290016e-13
201939_at,7.476654817058823,8.967580563942308,1.4909257468834847,2.959770654398394e-05,0.00021605098642023534
201951_at,5.615286157470588,7.835045287403846,2.2197591299332577,1.5442078238053334e-07,1.8266432339720697e-06
201952_at,8.547781136705881,10.494802826163463,1.947021689457582,9.172114907382597e-07,9.311846345424753e-06
201959_s_at,9.830301678529413,8.635846570759615,-1.194455107769798,1.5566954192376043e-08,2.2382212667694737e-07
201960_s_at,11.140199696470589,9.993298011192309,-1.14690168527828,2.1988430437900102e-08,3.085106799152055e-07
201961_s_at,5.5377667672941175,4.258363659625,-1.2794031076691175,8.854442120810592e-12,2.2849484468639303e-10
201963_at,11.640100915705881,8.055795905625,-3.5843050100808806,1.9552455963883055e-16,1.0565876178740328e-14
201968_s_at,10.115299799882353,7.533539428451923,-2.5817603714304296,8.363970213881823e-12,2.1717275466387061e-10
201976_s_at,6.89426175282353,8.034349118605771,1.1400873657822412,0.000370374157251721,0.0020406471965113753
201983_s_at,7.832600223117646,5.321892925875001,-2.5107072972426456,4.8985722064553515e-06,4.260025055068939e-05
201984_s_at,6.157736984117648,4.063727122798077,-2.094009861319571,7.055897172913505e-09,1.0829690995513109e-07
201988_s_at,4.77696965882353,3.0722306296538457,-1.7047390291696844,4.4449276897159265e-23,7.220229415982307e-21
201989_s_at,10.262825592235295,8.82229529866346,-1.4405302935718343,1.035734891196909e-09,1.861968861219898e-08
201990_s_at,8.401231137941176,6.869192588826923,-1.5320385491142527,4.852021733459996e-07,5.210910944323359e-06
202000_at,8.12003490682353,6.945456616538461,-1.1745782902850692,4.726499871262519e-08,6.235620896147862e-07
202003_s_at,10.085374068882354,7.179852902028846,-2.905521166853508,5.989055215808102e-16,2.996119565752433e-14
202005_at,5.614627681117646,8.346354926307693,2.731727245190047,7.252390165688467e-17,4.260798739000117e-15
202007_at,8.237775356294119,6.538228203990385,-1.699547152303734,1.8289615638533256e-05,0.00014079392551981756
202014_at,4.278964805882353,2.991282610432692,-1.2876821954496611,7.236970600481448e-13,2.231562815839983e-11
202016_at,10.358339198,7.5014409817596155,-2.856898216240384,4.7628782732104285e-09,7.563373094953505e-08
202017_at,6.193792618235294,4.363026230288461,-1.8307663879468334,2.5165161152152895e-08,3.496663265079819e-07
202018_s_at,6.448004656823529,9.185518469346153,2.737513812522624,0.0007935029005153134,0.003977279346792662
202021_x_at,11.190596960999999,9.981738624990385,-1.2088583360096141,2.4566480313337763e-05,0.00018272198542132213
202022_at,8.132708876411765,4.2374339437115385,-3.895274932700227,1.3604875626168593e-18,1.0824205638493522e-16
202023_at,6.840505583117648,9.456184341480771,2.6156787583631234,3.3396549845946687e-16,1.740926737384837e-14
202026_at,10.948915547411765,8.993313090086538,-1.9556024573252273,6.81905011340764e-13,2.1170474183144236e-11
202035_s_at,8.28028217235294,5.987829016096155,-2.2924531562567854,0.0014591886889105585,0.0067768090071519205
202036_s_at,7.900469237764706,6.184949082903846,-1.7155201548608598,0.008179499200659142,0.029414830788217387
202037_s_at,8.915298175999999,6.35952889310577,-2.5557692828942287,0.0006795195077657602,0.0034748894607277638
202039_at,4.4644125395294125,6.192715950538461,1.7283034110090485,9.334532093435134e-09,1.3961891672447142e-07
202052_s_at,6.5656925274117635,7.91431224314423,1.3486197157324664,4.726300137210403e-10,9.067020569026594e-09
202053_s_at,9.356449598117647,7.592071467528846,-1.7643781305888018,5.868424319920324e-09,9.130351509604657e-08
202054_s_at,9.895499293764704,8.150618221490387,-1.7448810722743175,5.215662089893412e-07,5.56531028747395e-06
202069_s_at,7.884591752058824,6.1919532588557695,-1.692638493203054,4.598337811631881e-09,7.32339303825668e-08
202070_s_at,6.978053433705882,5.942184721884615,-1.0358687118212666,1.5769210000608492e-06,1.5157937876421466e-05
202071_at,7.0131054988235295,9.479986918384615,2.4668814195610853,4.097880568760416e-15,1.8080697135196019e-13
202073_at,7.563689964235293,5.652202496903846,-1.9114874673314466,1.7466670922230363e-07,2.0448593570665187e-06
202074_s_at,9.979135981529412,8.492836605644232,-1.4862993758851797,1.4183150491064893e-08,2.0500587146499757e-07
202075_s_at,7.684839182882352,5.400784865778847,-2.2840543171035055,1.0775283767327756e-07,1.3212855824241329e-06
202086_at,6.653962882823528,8.567923396971155,1.913960514147627,0.00016924922091329675,0.0010218421712640292
202088_at,10.634283206000001,12.506709782355768,1.8724265763557675,6.34554564203551e-06,5.3837017813874724e-05
202089_s_at,6.89795971782353,8.811686229009617,1.9137265111860868,0.0002747496229277701,0.0015693939999764275
202095_s_at,3.387557632470588,5.680237639663462,2.2926800071928737,2.3265692854239602e-08,3.2542753723514686e-07
202107_s_at,4.65653281835294,7.153644407298078,2.4971115889451374,3.166821232265334e-15,1.4237391765717435e-13
202108_at,7.385948366941176,5.922460165730769,-1.4634882012104073,1.8305218369204024e-08,2.6017721702416316e-07
202109_at,5.892937710411765,7.098783819403847,1.2058461089920822,3.912042625932892e-06,3.470666035123396e-05
202112_at,8.705268757470588,7.045267506076923,-1.6600012513936644,2.7359138210376683e-05,0.00020100072747128133
202113_s_at,7.9679075805294115,6.111150071000001,-1.8567575095294107,4.765009564141923e-12,1.2773548968629766e-10
202114_at,7.723531798294118,6.430342922557694,-1.2931888757364245,1.6018692669620217e-13,5.5580688316287464e-12
202127_at,5.6350248508235286,7.01670215423077,1.3816773034072414,2.009860297703552e-10,4.134797029338943e-09
202131_s_at,6.901239925588236,5.7802186426826925,-1.1210212829055433,1.2835384807986509e-07,1.542705279531151e-06
202145_at,5.203468048941176,7.3392535492980775,2.135785500356901,5.348658804068886e-07,5.697198455645506e-06
202148_s_at,6.7751422205882355,7.991931149076923,1.216788928488688,6.785133368671925e-09,1.0440535498414012e-07
202153_s_at,6.954204183764706,8.11220486064423,1.1580006768795235,2.0948538031893926e-09,3.5673954984172813e-08
202156_s_at,8.031580256882352,5.558582831826923,-2.4729974250554285,4.849608895086158e-14,1.8445073441456965e-12
202157_s_at,9.859640923352941,7.2889008922403855,-2.570740031112556,2.2788147469006444e-11,5.510652639392568e-10
202158_s_at,7.588693158000001,4.981827813009615,-2.6068653449903856,9.31723093951963e-15,3.9087251917605064e-13
202159_at,6.633471781294118,7.704374309086537,1.070902527792419,1.9294622152001187e-09,3.3001603962208486e-08
202178_at,3.9858619017058827,6.669532962009615,2.6836710603037326,1.748666740094791e-27,5.6141460004490345e-25
202181_at,7.313623100529411,8.928650600528847,1.615027499999436,3.949244005407642e-12,1.075041339506951e-10
202182_at,5.096930625176471,6.257616836336539,1.1606862111600682,7.160749008589369e-09,1.0975190119062037e-07
202183_s_at,4.729002543352941,6.254050532865383,1.5250479895124425,1.9411682227115305e-08,2.749570938094399e-07
202187_s_at,9.031659815411766,7.382082682894231,-1.6495771325175346,2.475215541364509e-09,4.1644509566009106e-08
202189_x_at,7.628710691294119,8.722994045067308,1.0942833537731893,7.09265636447112e-14,2.6298239926390575e-12
202191_s_at,7.597339866588236,6.333370427038462,-1.2639694395497738,9.42123335356416e-05,0.0006086665426185822
202192_s_at,6.330089586941177,5.063830855721155,-1.266258731220022,7.974158002670903e-08,1.004202975606311e-06
202193_at,5.9201107993529405,8.386012126682694,2.465901327329753,1.1912328895562201e-18,9.561220570454256e-17
202194_at,9.65955747870588,8.473551820182692,-1.1860056585231877,2.0123452887628858e-05,0.00015303301311883733
202195_s_at,6.367079889411765,5.204606018326923,-1.162473871084842,9.065299451205828e-06,7.462669362705323e-05
202200_s_at,6.339882563647059,7.733634892423077,1.393752328776018,2.013154902524666e-11,4.902988907848895e-10
202202_s_at,9.471139848117648,6.845867935432692,-2.6252719126849557,5.561143048499662e-12,1.4791502263355898e-10
202220_at,7.357757196823529,9.238782906567307,1.8810257097437777,3.062942098175724e-16,1.610523283008987e-14
202224_at,7.493384014705883,6.017149113317307,-1.4762349013885752,3.9001635148525913e-10,7.59696732609349e-09
202225_at,8.991130939470589,7.718172212855769,-1.27295872661482,1.0205213920198674e-09,1.837039480707531e-08
202234_s_at,5.771509926352941,4.7288832952115385,-1.0426266311414025,0.003394186107822848,0.014002364594018383
202238_s_at,9.188445105294118,7.925227233009616,-1.2632178722845024,0.0002314104669172542,0.0013454939676016636
202242_at,4.213580803058823,3.073926764875,-1.1396540381838234,8.691447874419809e-07,8.871713737384679e-06
202251_at,6.797839646058824,7.948038938644231,1.1501992925854072,1.456505113619587e-06,1.4097285440014797e-05
202256_at,6.1252952139999985,7.258430701673077,1.1331354876730781,3.993212474397842e-13,1.2949824339878776e-11
202260_s_at,7.996517591588235,6.416991252326923,-1.579526339261312,1.2197829221116877e-06,1.2014894803453132e-05
202283_at,11.264435350117648,8.39676554125,-2.8676698088676478,3.093514915504535e-12,8.566258273633791e-11
202286_s_at,6.997606903764706,11.507657454932692,4.5100505511679865,4.233997000627376e-15,1.8636074378809802e-13
202307_s_at,6.505639566529412,8.086583241894232,1.5809436753648196,3.3559086065622573e-05,0.00024154310409806335
202309_at,8.685296304411764,7.076059677009615,-1.609236627402149,4.223305458184907e-12,1.1411078643676932e-10
202310_s_at,7.477619036411765,9.428559282596154,1.9509402461843894,4.755991001018468e-06,4.145276794068779e-05
202311_s_at,4.713197205941177,7.460178327403846,2.746981121462669,2.5282016231385617e-09,4.244439138396787e-08
202314_at,7.0211159844705895,8.057084595778846,1.035968611308257,1.9038145763775317e-05,0.00014583620458120602
202320_at,5.136252520529412,6.412032362173077,1.275779841643665,1.1732378322714727e-07,1.4258327242828926e-06
202326_at,5.0602205084705885,6.246235317028847,1.1860148085582587,1.5406127660033885e-07,1.8231809227168027e-06
202329_at,6.010577145823529,7.532730554028846,1.522153408205317,3.4373493233456156e-10,6.78016222330612e-09
202338_at,3.977112415117647,6.3485394435096145,2.3714270283919676,8.453978508198009e-12,2.1919700379997109e-10
202340_x_at,6.6653133364705885,5.465061574067308,-1.2002517624032807,0.0001440641953386469,0.0008854594276337849
202345_s_at,11.213646873294117,8.026746221971154,-3.186900651322963,2.113286374535566e-13,7.190838967317747e-12
202350_s_at,9.129620268411763,5.939935324288461,-3.189684944123302,1.6306695877255537e-08,2.3390358851109853e-07
202357_s_at,5.223748183117647,8.247109389461539,3.0233612063438917,2.2711282921765935e-07,2.604583783938689e-06
202362_at,8.370178795294116,7.355587816259615,-1.0145909790345007,1.8941663997499855e-09,3.24283901919556e-08
202366_at,6.314583984529412,4.7533897510480765,-1.5611942334813351,4.6701395497649745e-20,4.576149847156598e-18
202376_at,7.127417138823529,10.403167252682692,3.2757501138591634,1.002201460383694e-06,1.009209474285639e-05
202377_at,9.28363950635294,8.16284597164423,-1.1207935347087101,1.3496297422266112e-05,0.00010708161317195264
202388_at,8.921934176823529,7.098095048634615,-1.8238391281889133,2.979271115141305e-06,2.7105457275095395e-05
202395_at,6.896489690588235,7.934437696038462,1.037948005450227,0.00010328297610173724,0.0006603891228510681
202404_s_at,10.629152036882353,12.663749721365384,2.034597684483032,1.7578526985493664e-07,2.055749784318103e-06
202409_at,8.009217120588236,5.7080991664807685,-2.3011179541074673,3.9093779929781084e-05,0.00027649338017202564
202415_s_at,5.293744835529412,6.438649975509614,1.1449051399802022,1.4993784186141497e-07,1.7809483070629311e-06
202421_at,5.080033836470588,8.476830543615383,3.3967967071447953,1.2529702635214132e-16,7.079281988895984e-15
202422_s_at,6.543232885882353,4.511054639817308,-2.032178246065045,3.923807582328947e-09,6.360483933351102e-08
202426_s_at,5.568517633941177,3.7669841271538465,-1.8015335067873304,3.1057517185534694e-15,1.3985876489020612e-13
202432_at,10.327674458941175,8.707305634557692,-1.6203688243834833,4.229292541358048e-14,1.617647929022081e-12
202440_s_at,5.7126165536470594,6.758268990576924,1.0456524369298643,7.757126827281526e-06,6.45784358002133e-05
202447_at,10.336265764235293,8.705633537057691,-1.6306322271776015,1.8862913037728966e-11,4.6063486831597734e-10
202453_s_at,5.209361755352941,4.195110459451922,-1.014251295901019,2.7061491269963126e-07,3.0598490408604046e-06
202454_s_at,3.8359849187058823,7.549668777057692,3.7136838583518093,1.4644135809241213e-16,8.197561931616166e-15
202458_at,6.9955605084705885,8.1050639945,1.1095034860294115,0.004864799648629046,0.019012953814717126
202464_s_at,11.460485133352943,9.007797885230769,-2.4526872481221744,4.921144083828246e-14,1.8691101110039097e-12
202467_s_at,10.677729645764707,9.370402927259615,-1.3073267185050916,2.2525518699221754e-09,3.80861302690466e-08
202468_s_at,6.81839586117647,4.265592099701923,-2.5528037614745474,1.47482768128906e-16,8.247399591913485e-15
202478_at,5.058850777058823,6.383874785701924,1.3250240086431004,0.0003640188046528587,0.0020090790109362298
202479_s_at,5.386016116647059,6.543495429673077,1.157479313026018,9.666750083958559e-05,0.0006232005112595963
202481_at,8.87436682,6.272555116384615,-2.601811703615385,8.35585130203881e-13,2.5413591009746405e-11
202484_s_at,10.80639512688235,9.525444092009614,-1.2809510348727358,4.300786657153876e-11,9.93367054425736e-10
202488_s_at,5.785594299058824,7.304786915625,1.5191926165661762,2.8963469635811655e-07,3.2573608268142684e-06
202489_s_at,6.833062866588235,10.076383301471152,3.243320434882917,9.019807856825838e-13,2.727380016718545e-11
202499_s_at,7.741631222352941,6.671321779163462,-1.0703094431894797,0.0026361601388110887,0.011286396628190337
202502_at,9.986830075235295,7.932338521942308,-2.054491553292987,7.458674610434237e-15,3.1630691652128223e-13
202503_s_at,4.765188117764706,8.624746484192308,3.859558366427602,5.930246495860747e-18,4.198014571953096e-16
202504_at,3.8843792950000005,5.321696878663461,1.4373175836634609,0.008558586534131928,0.0305346512254142
202525_at,3.648261341235294,7.5015521895,3.853290848264706,1.4792351178907023e-20,1.5707232198318415e-18
202528_at,4.726379835705883,6.8672970266634605,2.1409171909575777,1.8571178367978416e-12,5.3375268254128175e-11
202533_s_at,4.140138680588236,2.8189948811730767,-1.3211437994151591,2.1305104388252312e-10,4.363269389892769e-09
202535_at,5.084686631411764,6.092450584009616,1.007763952597852,0.0001418365908956787,0.0008732430112233781
202536_at,8.964511871117647,7.810027716663462,-1.1544841544541855,7.380957038138303e-06,6.171981832151837e-05
202546_at,8.059372689,9.572625111250002,1.5132524222500017,5.286603656880672e-08,6.887981403411081e-07
202551_s_at,9.614819422882352,8.211660088346154,-1.4031593345361983,2.208953206719e-05,0.0001662930442338156
202552_s_at,11.02253541117647,9.775555596980768,-1.2469798141957025,0.00011530861027767398,0.000727648125834798
202560_s_at,7.095542999823529,8.340485565057692,1.2449425652341635,4.106683813622099e-09,6.613711887390987e-08
202562_s_at,7.169614261705882,8.410739501923077,1.2411252402171948,1.2094079881726062e-07,1.465547925987404e-06
202564_x_at,7.166096276705882,5.730251226278846,-1.4358450504270355,2.4285231391171e-10,4.923713388182475e-09
202575_at,6.5558690181764705,9.63268084026923,3.0768118220927603,1.1507667343631073e-09,2.0505288147177288e-08
202580_x_at,2.4581492578823525,3.9857780500192304,1.5276287921368779,4.101345604888713e-06,3.624471207403191e-05
202581_at,7.228120793882353,8.596362415221154,1.3682416213388011,1.7146461210517086e-06,1.637796126021722e-05
202586_at,5.410630723588234,3.830907434644231,-1.579723288944003,3.59763444102207e-10,7.060600149462192e-09
202589_at,4.964010665411765,7.827086481711538,2.863075816299773,8.283496061997644e-13,2.5243156424777747e-11
202590_s_at,6.885437191588235,5.203697204067307,-1.6817399875209276,6.168542626982156e-14,2.3028241315872714e-12
202597_at,4.1921090788823525,7.557804042211538,3.3656949633291857,4.9215938310597104e-17,3.004649549277494e-15
202609_at,8.915550498882354,7.29029422725,-1.6252562716323533,1.467667623702874e-06,1.419525628815863e-05
202613_at,3.7675703717058826,5.617737637384615,1.8501672656787327,8.828432531397862e-09,1.3259411643675396e-07
202619_s_at,6.898243839529412,4.657579588230769,-2.240664251298643,8.734557887482758e-10,1.5943927589997375e-08
202620_s_at,9.98650419082353,8.580446702798078,-1.4060574880254517,8.102399439498458e-05,0.0005312600420571676
202621_at,6.163103300176471,7.270614044730769,1.1075107445542987,1.2334017018941399e-08,1.8013869812063225e-07
202642_s_at,5.942986395529411,7.018538189067306,1.0755517935378949,7.28946847527293e-07,7.56084948521325e-06
202645_s_at,4.0766749110000005,5.366109178490385,1.2894342674903845,9.73345167350411e-07,9.823262923228197e-06
202646_s_at,10.930480206411763,9.77110139139423,-1.1593788150175328,9.377856441915916e-07,9.501281357774806e-06
202658_at,6.560981038470588,7.969948836634616,1.4089677981640287,1.4761632361676042e-07,1.7547161801284584e-06
202670_at,7.184409453411765,6.0482805092019225,-1.1361289442098421,1.874949726834477e-05,0.00014390786266474325
202671_s_at,8.722886718823528,7.632132597336538,-1.0907541214869898,0.0005817488942080413,0.0030381085921902863
202672_s_at,9.361317464764706,7.1479756865,-2.2133417782647067,7.679297233774012e-06,6.401838456119624e-05
202675_at,8.078295944000002,6.5827662609519235,-1.4955296830480789,2.8939280607900163e-06,2.6377371347671727e-05
202680_at,7.710706484235294,6.485400786586538,-1.2253056976487553,3.6716519313791355e-06,3.2755000124671765e-05
202686_s_at,6.799718636764706,5.517253246432692,-1.282465390332014,0.00028415030965148685,0.0016171678571917103
202702_at,5.128586126117646,6.2837058475,1.1551197213823539,9.688288989117723e-10,1.7520779481015778e-08
202705_at,4.547567822117648,6.965918970980768,2.4183511488631204,1.6069622177531966e-11,3.9848428388346987e-10
202708_s_at,5.1020420404117655,7.228012885778846,2.125970845367081,2.936235552073393e-05,0.00021453187176973397
202709_at,9.927668776470586,7.377340171326923,-2.5503286051436636,1.7337571740935352e-08,2.478437213327686e-07
202712_s_at,4.845095148941176,6.589937626057692,1.7448424771165154,0.0006393772170137669,0.0032952828481082217
202715_at,6.066721463411764,7.238119814615384,1.17139835120362,4.61373476538237e-08,6.104252961479145e-07
202718_at,2.8687494218235297,4.771966087423077,1.903216665599547,5.0374018277111496e-05,0.0003469666258892565
202719_s_at,5.178197308352942,7.126629677144232,1.9484323687912894,1.0554994469825958e-10,2.2716129462485447e-09
202720_at,7.387916804705882,8.551551748173077,1.163634943467195,9.90851561717132e-07,9.98517123097477e-06
202723_s_at,9.221941813882353,6.818715399442307,-2.403226414440046,4.400645522904608e-16,2.238423410946977e-14
202724_s_at,8.829472020705882,6.450193370615385,-2.379278650090497,5.7230040110915786e-15,2.4711695879855005e-13
202726_at,3.202936165117647,4.911445496076923,1.7085093309592763,1.4309160257322098e-15,6.773457568815114e-14
202732_at,9.37195020182353,8.146666326471152,-1.2252838753523783,3.9724045136075e-06,3.521355626899199e-05
202743_at,6.618707341117648,8.611798278634616,1.9930909375169685,1.6632648665682254e-09,2.883714521995781e-08
202746_at,9.810309512176472,7.099645775692308,-2.7106637364841637,1.3889820782810087e-07,1.6602990111804463e-06
202747_s_at,8.19891015764706,5.698236760701922,-2.500673396945137,9.476351575821276e-11,2.0565001696093414e-09
202759_s_at,7.775355655705884,4.799917923875,-2.9754377318308833,1.5375992884899134e-14,6.258063502348321e-13
202760_s_at,9.671740644647059,7.320405811211539,-2.35133483343552,5.6000408146797246e-11,1.2666582164293605e-09
202762_at,7.040330565235294,5.514531866596154,-1.5257986986391403,2.727995061840962e-07,3.0813584950376215e-06
202765_s_at,7.861134414411763,5.911072101923078,-1.9500623124886856,3.748378295190063e-07,4.119668525436538e-06
202766_s_at,11.210801715058823,9.796443548442308,-1.4143581666165144,0.00017954800489612595,0.0010772288182066242
202768_at,9.401321569,5.503239656249999,-3.8980819127500013,7.842369348309283e-11,1.733611489110459e-09
202779_s_at,3.9930444230588233,5.4495753880673075,1.4565309650084841,1.708025874141798e-05,0.00013243691459693876
202780_at,8.463138362647058,5.867101479442308,-2.59603688320475,1.983115289024069e-12,5.663864435355555e-11
202781_s_at,6.833514240294117,5.4022846728173075,-1.4312295674768096,9.285711213181068e-10,1.684856490373037e-08
202782_s_at,6.39634064082353,5.280601244721153,-1.1157393961023763,1.3279241720683424e-07,1.5925461082689092e-06
202783_at,6.659836284588234,4.935814316567308,-1.724021968020926,3.5768491305421096e-08,4.834592587812229e-07
202784_s_at,5.630612902352942,3.803962671086538,-1.8266502312664037,9.645048441082214e-18,6.580213735822827e-16
202790_at,3.8534289587058823,5.659862142682693,1.8064331839768104,5.369794331271241e-09,8.412112652309215e-08
202796_at,8.874010626117649,6.597700588625001,-2.2763100374926477,3.449900622953059e-13,1.1329249464509928e-11
202800_at,7.602460761823529,5.02805136714423,-2.574409394679299,6.449682580009494e-11,1.448630557754478e-09
202812_at,5.593539698647058,6.78860849173077,1.1950687930837116,3.281826273931559e-06,2.9581964691149554e-05
202813_at,6.064475214529412,7.206789127740384,1.1423139132109723,1.3805628742037187e-07,1.6509583941972998e-06
202826_at,4.275974334058823,7.343803415749999,3.067829081691176,4.982531236052133e-15,2.179019009074434e-13
202833_s_at,4.811592005647059,6.546486828673077,1.7348948230260177,0.008632240547384621,0.030773289146682252
202837_at,4.440514958294117,5.691776699221153,1.2512617409270357,1.0975784635448848e-09,1.962802587215474e-08
202854_at,7.174843939588236,8.422635474076923,1.2477915344886874,3.3220581534188185e-06,2.9919902962944832e-05
202856_s_at,3.1941849292941176,4.775214521240384,1.5810295919462667,1.8455968867333e-05,0.00014191438782898956
202861_at,5.054276085058823,3.5421519855000003,-1.5121240995588225,1.2621271848579912e-08,1.8398942206828072e-07
202862_at,9.252793660941176,6.983175421663462,-2.2696182392777144,2.3003287583269308e-09,3.885782831963032e-08
202870_s_at,3.467122691235294,7.288386522019231,3.8212638307839373,8.40245283544505e-18,5.790372137698931e-16
202871_at,5.277645631,7.861593470384616,2.5839478393846154,1.587087570683855e-18,1.2392224967146513e-16
202883_s_at,8.517034041941178,6.5221528043942305,-1.9948812375469478,1.0645423811792906e-13,3.7999776731448334e-12
202884_s_at,6.464754989470587,2.75597329375,-3.7087816957205875,8.841247949132875e-34,8.319766755443503e-31
202886_s_at,7.077232999117648,3.6600928064999994,-3.4171401926176483,1.5557888636958719e-25,3.5828438983821514e-23
202890_at,6.865984213764706,8.811104761076923,1.945120547312217,7.401540506369703e-09,1.1302984871212983e-07
202894_at,6.077806970588235,8.311080737480768,2.233273766892533,1.0175087918432151e-13,3.648791875822e-12
202912_at,11.19144003735294,8.075348093384616,-3.116091943968325,4.049829149308402e-12,1.0991328947792304e-10
202920_at,6.784879857117648,3.441503412894231,-3.3433764442234173,2.2693403730855967e-23,3.870572756957462e-21
202922_at,8.04923484717647,6.585236296951924,-1.463998550224546,6.166370037362717e-07,6.492174195008096e-06
202923_s_at,8.424402207470589,6.884285402394231,-1.5401168050763578,4.3486225042020976e-09,6.956139145863021e-08
202929_s_at,7.456974552764707,6.363572677509615,-1.0934018752550916,4.808218932860841e-05,0.0003329034392193478
202930_s_at,10.232077321882354,7.657200128663463,-2.5748771932188914,2.9859127027014843e-16,1.5730514420921265e-14
202931_x_at,6.797815852941177,4.524873761711539,-2.2729420912296385,5.231967759523913e-12,1.3956772646483658e-10
202934_at,8.809496467529412,7.651445149403846,-1.1580513181255663,0.00014064563027041727,0.0008668885211212991
202935_s_at,3.790417130235294,6.698613298778847,2.908196168543553,2.0798577680078746e-11,5.054165499559296e-10
202936_s_at,4.573067787411765,7.05882189614423,2.485754108732465,1.1973391197599101e-09,2.1300381948297306e-08
202942_at,9.981095799941176,7.858316765788462,-2.122779034152714,1.8009190750166736e-11,4.423598658655942e-10
202947_s_at,7.460868177705883,5.0924098942980764,-2.368458283407807,1.868936269821363e-20,1.9392523321403077e-18
202948_at,9.60151685117647,8.586070767076922,-1.0154460840995476,0.002507558150292235,0.010811281798309494
202953_at,8.898002948294119,7.649496322250001,-1.2485066260441178,0.010795349409352364,0.03709636289621446
202954_at,5.502068012058823,8.288982418375001,2.7869144063161784,1.8791605671114248e-13,6.442380941732064e-12
202956_at,8.029460030117647,9.063164978000001,1.0337049478823541,1.404243125026489e-10,2.9603007153658068e-09
202963_at,6.781888632176471,8.028692242278847,1.2468036101023765,1.8557035340573138e-06,1.7589865089495336e-05
202971_s_at,4.323290059647058,5.416603920759615,1.0933138611125566,6.651033061775435e-06,5.624523295299682e-05
202972_s_at,7.670233277764705,4.663166716576923,-3.0070665611877825,3.1246505207110566e-19,2.71560988487084e-17
202973_x_at,10.964068786941178,7.721445811769231,-3.2426229751719475,7.168593390771492e-16,3.5248167448190746e-14
202974_at,6.278404395176471,4.899685253394231,-1.3787191417822404,4.8549363487788176e-08,6.380389380688636e-07
202975_s_at,8.662568697882353,6.182599892076922,-2.4799688058054308,5.530069636794161e-08,7.177780516209002e-07
202976_s_at,8.756583958705882,5.637331509259615,-3.1192524494462672,2.1077106024530476e-10,4.319817385328009e-09
202982_s_at,9.153764063882353,6.354424841326923,-2.79933922255543,3.700753415456761e-12,1.0124482238707496e-10
202986_at,2.8295583547647056,5.153381281192308,2.3238229264276025,4.337303126821293e-07,4.710958554403569e-06
202990_at,10.253333383764707,6.877944178701923,-3.375389205062784,1.8439108739051134e-15,8.572300816598568e-14
202991_at,3.560087761470588,5.0552673716634615,1.4951796101928734,1.5178090799047127e-05,0.00011907503488877291
202992_at,7.312136569823529,5.523382123163462,-1.788754446660067,1.4598898480415249e-05,0.0001150105773906732
202994_s_at,8.715225997470588,7.068492883923077,-1.6467331135475112,7.133335106485319e-05,0.000473994472785141
202995_s_at,6.235193226294118,4.095891839442308,-2.1393013868518107,1.7975234193332535e-09,3.092907651443558e-08
203002_at,9.361938452882352,7.712393672788462,-1.6495447800938905,9.007083508842579e-08,1.1223689744957056e-06
203010_at,6.554696098176471,4.509640390105769,-2.045055708070702,1.7090303264661826e-15,7.992901986992098e-14
203016_s_at,3.4215596284705883,5.631499568221154,2.209939939750566,2.7721042487681883e-13,9.231157888561253e-12
203022_at,4.717540162823529,6.164013257750001,1.4464730949264712,2.514478950423098e-07,2.857928917849693e-06
203035_s_at,5.025170269764706,6.585212417076923,1.5600421473122168,5.0548746298362345e-09,7.973699491960457e-08
203038_at,8.139134332529412,9.7054180075,1.5662836749705882,9.12534120565821e-07,9.27125833327661e-06
203039_s_at,9.072056614823529,7.969057041798077,-1.1029995730254516,1.54895652406278e-08,2.2276811100611977e-07
203046_s_at,4.7873008118823535,5.822929782432691,1.0356289705503379,1.161714826775075e-06,1.1513570642919341e-05
203049_s_at,9.142025296235294,8.081491493692308,-1.0605338025429862,1.029189793857694e-06,1.0333095889647909e-05
203058_s_at,8.553173900705882,7.427562972086539,-1.1256109286193432,0.0031467724602100224,0.013148652128755383
203060_s_at,10.578610507,9.456034277740384,-1.1225762292596162,0.0018393043966407625,0.008258938269375252
203062_s_at,6.189640122058825,7.418833753971153,1.2291936319123282,1.9465868589392045e-07,2.259522845045573e-06
203064_s_at,5.429539361764706,6.934495984711538,1.5049566229468319,8.038326332742947e-11,1.7719055448900537e-09
203065_s_at,10.619584413941176,6.079480015317308,-4.5401043986238685,2.8568090553623596e-18,2.1447287679865504e-16
203066_at,5.799770560941177,7.6329815084999995,1.8332109475588227,3.086589396751806e-09,5.1000527741868036e-08
203076_s_at,7.980892808529411,6.8207805193846145,-1.1601122891447968,2.7876092287215444e-06,2.5472111852401337e-05
203083_at,8.14401897317647,9.179643180740385,1.0356242075639148,0.004293989470584865,0.01711069274060214
203088_at,7.376354225117646,4.477478937971155,-2.898875287146492,1.9326554313994686e-17,1.2557428665518048e-15
203103_s_at,7.664349096058823,8.993545651365384,1.3291965553065612,3.3152558133962784e-10,6.5606724814849705e-09
203104_at,6.70316427117647,5.304981503278845,-1.3981827678976249,1.9941992618296004e-05,0.00015186465956662168
203108_at,4.406582128647058,7.961370283730769,3.5547881550837115,7.60312537832166e-10,1.407158291025493e-08
203120_at,5.666728567352941,6.669070802923077,1.0023422355701364,0.000745553529564982,0.0037649487500117642
203123_s_at,6.100565238588236,7.885264931980769,1.7846996933925334,7.876785311674698e-15,3.327454067537874e-13
203124_s_at,5.916752942411764,7.4936674743173075,1.576914531905543,2.7608474131265734e-14,1.0864044049101316e-12
203130_s_at,4.572678582529412,6.063284255653846,1.490605673124434,0.0018508811453329336,0.008302723927930154
203131_at,10.083902608529412,8.030334183740385,-2.0535684247890273,1.0486829048952076e-06,1.0507814258541496e-05
203140_at,10.427859336588234,9.30873157985577,-1.119127756732464,1.3716229737611522e-05,0.00010866861704878782
203145_at,3.7994874282941176,5.4583065048653845,1.658819076571267,1.01140134729982e-09,1.8224256894776122e-08
203146_s_at,3.914094747058824,5.124601735990385,1.2105069889315612,2.1323080256950876e-06,1.9962133745182196e-05
203147_s_at,5.102589382823529,7.101898669913462,1.9993092870899325,2.0138219496318257e-10,4.141386141256798e-09
203148_s_at,7.134618329705882,8.75258644403846,1.6179681143325784,1.4252687501839885e-08,2.0590191401877162e-07
203149_at,5.710906138470588,6.929077792365385,1.2181716538947969,7.936422333148024e-10,1.463385116624615e-08
203154_s_at,5.262135618470587,6.649588621105769,1.3874530026351817,2.222323323851418e-11,5.381197191325934e-10
203155_at,5.522121859352942,6.7492672830576925,1.2271454237047505,1.0391936208985317e-07,1.278875955693821e-06
203156_at,6.919945190941176,5.902561001788461,-1.0173841891527147,0.0006883102293574443,0.00351391675316621
203184_at,2.9793276880588233,4.205440547942308,1.2261128598834845,0.0016373924555241185,0.007468653028138024
203186_s_at,11.78164729235294,9.922537972336539,-1.859109320016401,8.22496003490391e-08,1.0329270449724355e-06
203197_s_at,9.103258773588236,7.6543003495865385,-1.448958424001697,7.236425023642763e-14,2.6740476734285606e-12
203213_at,5.32318502817647,8.106316404173075,2.7831313759966054,3.0069531519387234e-13,9.946454307858399e-12
203215_s_at,7.040117951470588,9.240639803317306,2.200521851846718,2.4380829049167613e-12,6.859181797291336e-11
203216_s_at,6.731332462941176,8.955095853673075,2.223763390731899,7.51471535296482e-14,2.7637846984465427e-12
203221_at,8.889518834117647,7.852004964874999,-1.0375138692426473,0.0014696295586552567,0.00682014202088458
203222_s_at,6.351943623588235,5.339592853423076,-1.0123507701651588,0.007300582278637412,0.02677605413905943
203228_at,4.809603168117647,8.646041668375002,3.836438500257355,6.476997246317864e-23,1.0216995164935916e-20
203229_s_at,6.968992698705883,8.268972244875,1.2999795461691175,1.2205472065967695e-12,3.5989327924821764e-11
203249_at,7.4637298454705885,6.303863616903846,-1.1598662285667425,2.8979670292912495e-05,0.00021187962825410195
203256_at,4.341147714705882,7.115469089548077,2.774321374842195,1.138691856021245e-07,1.38941790319212e-06
203259_s_at,9.592685097352941,8.09166376873077,-1.501021328622171,1.2463420121892415e-07,1.5036273360582807e-06
203261_at,8.492112773941175,6.65361438035577,-1.8384983935854047,5.053232304431861e-13,1.615702202364303e-11
203276_at,4.088972281764706,5.730372327278845,1.641400045514139,1.5836377074587967e-11,3.930575826984705e-10
203282_at,11.310830091764707,8.891349977644232,-2.419480114120475,3.3642199040986684e-19,2.9145358435841463e-17
203286_at,4.799440692411765,5.886250492894231,1.0868098004824658,5.7974318091751565e-06,4.971999225533797e-05
203287_at,3.468130637647059,4.696890892625,1.2287602549779413,4.706827938696339e-05,0.0003266708571542567
203295_s_at,4.804227938411764,2.3870191129423075,-2.417208825469457,8.936337034462413e-36,1.5241760593872627e-32
203296_s_at,7.776709433705882,3.1412879718269235,-4.635421461878959,9.13241494492612e-25,1.8738273506733936e-22
203297_s_at,7.101583508588235,8.216975180461539,1.1153916718733035,5.178780637274452e-11,1.180568070974599e-09
203298_s_at,5.418757321235295,6.939672817990385,1.52091549675509,2.186061316972184e-12,6.204526293241021e-11
203300_x_at,5.908930990529411,4.90757208375,-1.0013589067794113,2.1660794800638626e-05,0.00016344870999917814
203304_at,5.432576355764706,7.945431274846154,2.512854919081448,3.6875332805653354e-07,4.060974150927672e-06
203305_at,8.066980980588236,4.669094312384615,-3.39788666820362,6.611279723527888e-16,3.276259900784611e-14
203313_s_at,6.369416039235294,7.545628230365384,1.17621219113009,1.2294499245822855e-06,1.2103561946929394e-05
203317_at,4.624892744235294,6.496196903576924,1.87130415934163,7.16185298767956e-19,5.954328444121346e-17
203323_at,10.121697648882353,5.51177390125,-4.609923747632354,4.1996100386582184e-17,2.6076281717852893e-15
203324_s_at,10.87311301482353,6.666639077346155,-4.206473937477376,3.6578470031460285e-16,1.8869719431446797e-14
203329_at,7.595100093764707,5.754991793644232,-1.840108300120475,6.552501552370012e-13,2.0400968752242035e-11
203335_at,10.142656234,8.286671623326923,-1.8559846106730777,1.4202291073000253e-08,2.052281822804556e-07
203336_s_at,10.13789237235294,7.542016857423077,-2.5958755149298636,3.832763244846685e-20,3.831289105137128e-18
203337_x_at,8.744300092647059,4.583536939240385,-4.160763153406674,4.683962992095269e-22,6.472051041659942e-20
203346_s_at,4.408548776588235,5.817521833375,1.408973056786765,4.777045744165075e-07,5.1374656092765635e-06
203350_at,4.7348009524117645,6.169931371057692,1.4351304186459277,5.702647228223485e-07,6.0459359570553535e-06
203354_s_at,3.0337261137647054,4.426383336442307,1.392657222677602,0.007590985723664281,0.02764267479396002
203358_s_at,3.4760336014705886,7.227427530798077,3.7513939293274885,1.5509502602331164e-21,1.9594748669736867e-19
203362_s_at,6.005553363058824,7.814128079038462,1.8085747159796384,6.011527504005925e-07,6.342608924050635e-06
203367_at,7.650555081764706,6.50155027473077,-1.1490048070339363,0.00011143447717340005,0.0007059758943293095
203373_at,7.52992943417647,6.089904682249999,-1.4400247519264706,0.0002095310594673482,0.0012329914495599352
203379_at,4.057660579764706,5.450022436634615,1.3923618568699094,4.3532335926157756e-07,4.727320657607967e-06
203394_s_at,7.570208631294117,9.31088223951923,1.740673608225114,6.608840005607838e-07,6.914009558483231e-06
203395_s_at,5.798908238764705,8.116789163173078,2.3178809244083727,8.21079590853643e-19,6.769441539154226e-17
203397_s_at,4.670148199588236,7.551686384278847,2.881538184690611,4.4784103274793687e-07,4.845899232028082e-06
203400_s_at,8.784409510294116,3.9371753371442306,-4.847234173149886,6.504411904343925e-16,3.2350881375813135e-14
203408_s_at,8.188312565294117,6.698034717807692,-1.490277847486425,8.512047258094806e-06,7.033747574558008e-05
203414_at,11.561293485705884,7.391490261605769,-4.169803224100114,1.0640351470129584e-25,2.51402486098789e-23
203417_at,4.684446133588235,6.226516271692308,1.542070138104073,7.428648877671729e-05,0.0004914177877557488
203419_at,4.632680460058824,5.916034987788462,1.2833545277296388,2.6741421729633033e-10,5.387670936071028e-09
203421_at,5.072105955058824,6.257373040769232,1.1852670857104082,8.295371201262253e-08,1.0408116432038908e-06
203422_at,4.133285218235294,5.744443785355769,1.6111585671204756,1.8279560021452124e-13,6.286520345008352e-12
203429_s_at,7.379989368529412,8.920653446134615,1.5406640776052036,8.79719443092287e-12,2.2723240645780376e-10
203430_at,10.677199422,9.062713444317307,-1.6144859776826923,2.200623682537613e-07,2.530717234918255e-06
203431_s_at,4.949445146117647,7.0586259039615395,2.109180757843893,9.863153793418462e-10,1.7829681180672613e-08
203432_at,4.4826588125294125,5.7718304298846155,1.289171617355203,8.01512640820515e-07,8.24147671879105e-06
203434_s_at,7.98359960964706,3.5515964586057693,-4.4320031510412905,5.184901093804212e-25,1.0926128061727417e-22
203435_s_at,8.703980312823528,4.408529751721153,-4.295450561102376,1.7709674415287264e-29,8.041887360808643e-27
203436_at,7.7536757759411765,6.577848455634615,-1.1758273203065617,6.860878662744629e-08,8.753153261662906e-07
203438_at,5.2181453438823535,7.315139077413462,2.096993733531108,0.0005998367911066388,0.0031176547206751013
203439_s_at,3.4193815531764704,5.570276826442308,2.1508952732658377,0.0002849974499476009,0.001620974970893092
203451_at,5.322612856529412,6.354173813855768,1.0315609573263558,7.088317403307568e-09,1.0876392340599486e-07
203452_at,4.016541504999999,5.253540273086538,1.236998768086539,1.4967766467188894e-08,2.1571843834504954e-07
203453_at,3.9210329930588235,8.055642657403846,4.134609664345023,7.728768021364182e-12,2.0163882879447214e-10
203457_at,4.406472615470588,3.237254822048077,-1.1692177934225114,8.889622237750562e-19,7.282289309979486e-17
203467_at,6.857481697,5.8200886407884616,-1.0373930562115383,1.9436270311965668e-07,2.2565671077574435e-06
203476_at,7.387523328176471,9.813726490567307,2.426203162390836,4.228623344029439e-12,1.1419793839375693e-10
203477_at,8.436503119647059,6.866189620019231,-1.5703134996278276,9.783170009873451e-05,0.0006296646650576452
203485_at,8.364966290764706,6.813064295692309,-1.551901995072397,0.003379041400649823,0.013950431210746345
203496_s_at,6.031209774294118,7.212918074961539,1.1817083006674212,0.0004908003866167097,0.002622277329607825
203497_at,6.491734277058823,7.758268807826923,1.2665345307680997,0.0003686815728705904,0.0020321421496368366
203498_at,7.023334735117648,5.466208506413461,-1.5571262287041865,1.4938140134358592e-08,2.153483228719381e-07
203504_s_at,6.485788191764705,4.0080380567980765,-2.4777501349666284,4.3328465511703e-13,1.3960001884080507e-11
203505_at,9.294176398352942,7.74110422660577,-1.5530721717471723,2.244243572395911e-13,7.579738238725026e-12
203509_at,6.157794606941176,7.896618837173076,1.7388242302318995,3.358914897020672e-10,6.64225420885838e-09
203516_at,6.409429240529412,4.937553791836539,-1.471875448692873,8.839443039396935e-11,1.931336916121879e-09
203528_at,3.730515407411765,4.847348081153846,1.1168326737420808,4.3643260581085966e-06,3.835140105063743e-05
203542_s_at,7.435350810705882,6.110993459057692,-1.3243573516481897,1.2148260750553102e-06,1.1974714168402343e-05
203543_s_at,7.624573006294118,5.0320291221442295,-2.5925438841498885,2.4690832485220165e-12,6.935610560437486e-11
203548_s_at,11.699881792411764,5.240445633971153,-6.459436158440611,4.234751144863407e-19,3.6170341586150214e-17
203549_s_at,12.354229925882354,6.455794488144232,-5.898435437738122,8.293216175533523e-17,4.8358487782526085e-15
203554_x_at,4.773434863529412,7.713531586596154,2.940096723066741,4.1521621634797853e-13,1.340158833356376e-11
203562_at,4.826126016235294,2.7739566971250005,-2.052169319110294,4.173358777375459e-14,1.5988690672644384e-12
203564_at,4.683329777,5.897898964846154,1.2145691878461538,1.0096222180291024e-08,1.499841345612694e-07
203571_s_at,11.06226116735294,7.380806219971154,-3.681454947381786,1.08820562717084e-12,3.238450104981313e-11
203574_at,8.07723552417647,5.779439320730769,-2.2977962034457002,1.1945392758522854e-09,2.1257502163919756e-08
203598_s_at,7.289234062235294,6.012603569355769,-1.2766304928795247,1.2304798691632585e-11,3.116397251928607e-10
203599_s_at,5.8840481664705875,4.535919344134616,-1.3481288223359718,5.5890502035442467e-14,2.1023071747707887e-12
203603_s_at,8.21469977735294,5.226464904576924,-2.988234872776017,6.278185345028222e-15,2.6959644212926465e-13
203608_at,5.6598846328235295,4.101749611125,-1.5581350216985292,1.612347050787436e-07,1.8990135883670146e-06
203616_at,7.802099688764706,9.095015210221154,1.2929155214564485,1.2682836435813226e-06,1.243875165912399e-05
203621_at,10.546482290823532,9.41732461821154,-1.129157672611992,5.018898486713598e-07,5.371256507915954e-06
203627_at,4.362449736705882,5.970446465211538,1.6079967285056558,7.027576916122051e-05,0.00046735484404170275
203628_at,3.8073174359999995,6.0779353596538455,2.270617923653846,2.1255004216545074e-06,1.990523121370648e-05
203636_at,6.292438947588235,4.889302292096154,-1.403136655492081,0.00028204400755995604,0.0016063529049999833
203637_s_at,7.426770528,5.891235112490383,-1.5355354155096164,9.165012350751622e-05,0.000593518283212711
203640_at,9.271034115,7.70690715789423,-1.5641269571057705,3.706254365853533e-07,4.080767743270526e-06
203641_s_at,5.032800735,2.3909935817115384,-2.641807153288462,1.4316011861030585e-30,7.813536113631883e-28
203642_s_at,8.834890825352941,6.04722693760577,-2.787663887747171,2.0980852282095328e-16,1.1315355105775504e-14
203645_s_at,7.91437712417647,5.891985598528847,-2.022391525647623,6.993598124362332e-05,0.00046532194566569754
203646_at,7.362528116352941,6.163284444701923,-1.1992436716510175,8.941262055455372e-07,9.097784148484316e-06
203647_s_at,8.566164271352942,7.211885014086538,-1.3542792572664046,9.046199840499639e-06,7.448069710282543e-05
203649_s_at,7.613619684647057,4.669705516009616,-2.9439141686374413,1.2991205545543167e-22,1.9805782331569846e-20
203650_at,6.648378263588235,5.470988462211538,-1.1773898013766972,1.0731552320287048e-09,1.9222756615981187e-08
203658_at,6.953285982294117,5.1670897542788445,-1.7861962280152728,7.342008411907251e-14,2.7075640345505802e-12
203661_s_at,4.150456314647059,2.436808976961539,-1.71364733768552,6.248947547259548e-15,2.6855221116683377e-13
203662_s_at,4.534197827,2.5651977064615386,-1.9690001205384613,2.221672168458425e-21,2.7371703223993767e-19
203669_s_at,8.016644871764706,6.6959142282980775,-1.3207306434666286,5.887475845685341e-05,0.0003991212820539812
203680_at,11.034190454705882,7.1358905354711535,-3.898299919234729,1.03388147721391e-14,4.300931184821493e-13
203683_s_at,7.454925863647059,4.978918085442308,-2.4760077782047514,1.5788998944087373e-17,1.0445427555992058e-15
203685_at,8.931593371705883,7.75192133514423,-1.1796720365616533,0.008398857721094203,0.03007290268054848
203688_at,7.5756202406470585,6.046194941471153,-1.5294252991759052,1.7344374073446278e-07,2.0314132887438293e-06
203692_s_at,6.042308188,7.068260981798077,1.0259527937980772,3.390943269197212e-10,6.695886132037432e-09
203693_s_at,6.8474954701176465,8.113039526846155,1.2655440567285083,6.930346161035736e-08,8.82939689829994e-07
203702_s_at,3.5320180142941178,4.543520090557692,1.0115020762635742,0.0009698652180832205,0.004737695671508466
203707_at,5.676334588705882,6.9728091090576925,1.2964745203518104,2.854945380895849e-12,7.937853486699671e-11
203709_at,4.804926984882353,5.881840932086537,1.0769139472041847,4.295511609099054e-08,5.713983137046485e-07
203711_s_at,6.80146739482353,5.59491925648077,-1.20654813834276,3.5887089833026914e-08,4.849421827176964e-07
203713_s_at,3.1579800711764707,5.9287141621153845,2.7707340909389138,4.664338158745528e-22,6.461292192034826e-20
203717_at,5.459130959411765,3.8071249089230768,-1.6520060504886884,3.703293343481642e-11,8.656190466547518e-10
203722_at,3.766908978529411,2.506722272951923,-1.260186705577488,7.672180445665155e-14,2.8160049532209716e-12
203729_at,6.476997660000001,5.472766733144231,-1.0042309268557705,0.0012267133459060644,0.00582451393703411
203739_at,7.685965847941177,8.943065452278846,1.257099604337669,1.8139339499387954e-08,2.5822300744316514e-07
203743_s_at,8.185619186941176,9.398048331557693,1.2124291446165163,2.0401588022418948e-10,4.1908102095431074e-09
203744_at,5.420665407764706,8.022055021548077,2.601389613783371,2.1362009705977885e-14,8.497938248852529e-13
203748_x_at,7.3469428404117645,5.946871277432693,-1.4000715629790719,1.226575882791321e-05,9.811708208539867e-05
203749_s_at,3.9380371141764705,5.225189678336538,1.2871525641600678,4.298562581848767e-05,0.00030128579318700895
203755_at,2.982728743882353,5.575390509009616,2.5926617651272634,8.001846742422786e-11,1.7645769428472454e-09
203757_s_at,3.2575722651764707,6.0315494693365395,2.7739772041600688,0.00017492287229952248,0.0010524876471431637
203764_at,3.2681073831764706,5.350669293480769,2.0825619103042987,1.1221973029016e-08,1.649122417745461e-07
203766_s_at,6.550809698529413,4.3332227432307695,-2.2175869552986436,5.938867714211996e-13,1.8714634005425897e-11
203767_s_at,6.778240107470588,4.714723989038462,-2.0635161184321262,1.8496502339839412e-08,2.627591361806599e-07
203768_s_at,3.523118507882353,2.4996852575961532,-1.0234332502861996,4.96016391722794e-19,4.223413204966985e-17
203769_s_at,7.131695865352941,4.716430787403846,-2.415265077949095,3.872866252905725e-15,1.7129430082442591e-13
203775_at,6.163547333235294,7.2128173491057685,1.0492700158704746,1.8475871509087097e-05,0.00014204741387441395
203777_s_at,4.58535826017647,5.987861411346154,1.4025031511696842,5.5407032442370445e-11,1.2553177350237179e-09
203780_at,4.57869427982353,6.298929262605769,1.7202349827822392,1.8195481501860746e-06,1.730425483342146e-05
203786_s_at,7.408980836823529,8.575992499692308,1.167011662868779,0.008592631928890941,0.030644096840495214
203789_s_at,9.089714202117648,7.6791451735961545,-1.4105690285214934,0.002442924742308621,0.010570191018746015
203790_s_at,7.432946033352941,5.246841571875,-2.1861044614779415,1.730950599936531e-09,2.990615789614939e-08
203799_at,9.144296299411765,6.413081064576923,-2.731215234834842,1.2715600020481134e-10,2.7005684470393533e-09
203802_x_at,7.246823116470589,8.376191237740384,1.1293681212697955,1.0843554376704729e-10,2.330958465246819e-09
203803_at,8.588354768058823,6.599328814259615,-1.9890259537992074,6.557320855996713e-07,6.864058592240978e-06
203810_at,7.874635819941176,6.139303908538461,-1.7353319114027146,9.542735248309697e-10,1.7274724614178937e-08
203811_s_at,3.859978319235294,2.5375312397788456,-1.3224470794564485,4.739248145669778e-18,3.407950257477086e-16
203812_at,7.281236316941177,4.8890340203173075,-2.3922022966238696,1.303653531290412e-20,1.4006320095334525e-18
203813_s_at,7.303097653294118,5.2046905249807685,-2.098407128313349,6.265525865921863e-13,1.957447831918428e-11
203814_s_at,8.066128471882353,6.7200241122403845,-1.3461043596419682,3.0285036045767983e-05,0.00022044905072578965
203823_at,9.189897074470586,7.774777057538461,-1.415120016932125,3.783300608910277e-11,8.820536690889107e-10
203824_at,4.750295714941177,3.3633989770480763,-1.3868967378931005,0.006419120184039315,0.024065748078354293
203825_at,6.911515887294117,7.994144830413462,1.082628943119345,1.1535921157549145e-08,1.692524303381384e-07
203836_s_at,5.908519551411764,4.8525209680961545,-1.0559985833156098,1.5577675755128575e-05,0.000121877001869146
203837_at,10.003582469647059,8.544001824317307,-1.4595806453297513,6.493125626815262e-08,8.315070473626236e-07
203839_s_at,5.426095687529412,6.776016054528847,1.3499203669994344,2.683139539456734e-08,3.710237469572057e-07
203843_at,5.389995782058824,4.341800605461538,-1.048195176597286,1.4992415353214018e-05,0.00011780464116945981
203845_at,7.835853797529412,5.513567865288461,-2.32228593224095,8.91994720013361e-12,2.2985920596604921e-10
203847_s_at,5.117927838117647,6.255267441048077,1.13733960293043,8.321299511651332e-12,2.1627057430781813e-10
203851_at,8.714489095294118,5.0089403020769225,-3.7055487932171953,7.0595533955288e-20,6.795473805547908e-18
203853_s_at,5.593501731294118,4.168569157605769,-1.4249325736883494,2.554234831692534e-10,5.161332205810693e-09
203857_s_at,5.116453408588235,6.381226889615385,1.2647734810271496,1.747193301970876e-07,2.0449521183398682e-06
203859_s_at,6.942292634058823,4.767876447307693,-2.17441618675113,1.9072158937059955e-25,4.30140232489998e-23
203860_at,8.214760351588236,6.107647529153847,-2.107112822434389,2.64811632915272e-10,5.339177729177182e-09
203878_s_at,3.5373898014705882,6.942167559346154,3.4047777578755656,1.1107036504257436e-12,3.3000051462485934e-11
203881_s_at,9.102253066529412,5.753148843115384,-3.3491042234140282,3.9959973230149417e-10,7.773397441669345e-09
203882_at,4.229613879411764,5.458865695230769,1.229251815819005,3.431684649356102e-05,0.00024637979015680963
203884_s_at,6.485950467176471,5.292302485144232,-1.193647982032239,2.0641545456251538e-05,0.0001566237883298697
203886_s_at,9.331795886,7.263377552509616,-2.068418333490384,5.466587341385683e-09,8.553924039721593e-08
203887_s_at,6.209889112470588,4.933488925557692,-1.2764001869128956,0.00023273541086450542,0.001352333225761082
203888_at,5.013568113411765,3.7525023931826924,-1.2610657202290723,5.226888573084406e-07,5.576199207004961e-06
203892_at,3.7533178376470593,5.608351506471154,1.8550336688240945,0.00076543572589149,0.0038560749938556056
203893_at,8.290342808,7.212534292057692,-1.0778085159423085,2.099149219160972e-06,1.9688858091181768e-05
203896_s_at,4.64444663082353,5.706741109259615,1.062294478436085,0.008018622895527166,0.02891774604436882
203897_at,9.958959699058825,8.24123558639423,-1.7177241126645946,8.684010243411548e-13,2.6346003061431842e-11
203908_at,6.726108008647058,3.0435650523846154,-3.6825429562624428,1.584427855663485e-13,5.5013616039887485e-12
203909_at,6.1555257589411765,4.804845111673076,-1.3506806472681,6.123996284071299e-06,5.222524893567616e-05
203911_at,4.676077202882353,6.522941049471154,1.8468638465888008,4.9738916086962106e-08,6.519453172695256e-07
203914_x_at,4.102925103,2.7567868615192306,-1.346138241480769,2.8638451828875657e-05,0.00020963761566097162
203915_at,5.518397059058824,7.494403697894231,1.9760066388354076,0.004417522159112809,0.017505550128673344
203917_at,5.362422675882352,8.66998787539423,3.3075651995118784,4.9167388186861704e-12,1.314800039123334e-10
203920_at,7.330976553941177,5.138809677048077,-2.1921668768930997,1.1078741850910647e-09,1.9792689082842953e-08
203925_at,7.551182154294118,6.546670138375001,-1.0045120159191168,0.0001377391640193411,0.0008512813761761542
203927_at,4.495073789352941,5.7994529189134605,1.3043791295605196,3.185450062172166e-07,3.5531706073895415e-06
203936_s_at,5.005312401764706,7.5852583287596165,2.5799459269949105,4.317230081688404e-05,0.0003023224283146926
203938_s_at,4.879000705352942,5.937715604903845,1.0587148995509033,1.5859337806170168e-07,1.8727537821786275e-06
203939_at,6.111281877529413,4.469685319538462,-1.641596557990951,2.0678995266266797e-08,2.9178874938923875e-07
203945_at,3.671695927411765,2.5489891713557693,-1.1227067560559956,8.242149828622796e-18,5.700805709586843e-16
203953_s_at,3.197607745764706,6.0436454658269225,2.8460377200622164,3.7718828031895673e-07,4.142998420512848e-06
203954_x_at,5.50499175582353,8.731491731144231,3.226499975320701,9.069285992955847e-13,2.7406445029440497e-11
203956_at,8.48433745764706,9.812480716548077,1.328143258901017,1.0422429758810991e-12,3.113551142890778e-11
203961_at,5.269475124529412,8.419112188115385,3.149637063585973,1.3059207945046068e-11,3.292187115162445e-10
203962_s_at,4.012112308411766,6.741420638884615,2.7293083304728496,1.5075755948113508e-10,3.168346876750432e-09
203963_at,5.5215777729411775,8.584609037144231,3.0630312642030537,2.5169419199769175e-06,2.3240090179397764e-05
203973_s_at,12.099776181235296,10.752350294240387,-1.347425886994909,8.420421797097076e-05,0.0005498004561116896
203980_at,12.887326062882353,6.5211251293846155,-6.366200933497738,1.9322568818850895e-13,6.607810047393878e-12
203986_at,7.7675193738235295,4.724916987394231,-3.042602386429299,3.5627232647577923e-16,1.8448754560456883e-14
203987_at,5.001468377000001,6.073394749509616,1.0719263725096146,0.009512097150370828,0.03336294263672575
204005_s_at,3.970818560941176,5.734194357163461,1.763375796222285,6.307554314859056e-11,1.4178748226964268e-09
204011_at,7.314667458235295,5.098413279875,-2.2162541783602947,1.0423077239901829e-07,1.2815524502739398e-06
204018_x_at,9.197771005764706,4.205543962682692,-4.992227043082013,7.926387715239913e-26,1.92273028937813e-23
204023_at,5.395561243764706,6.496049087067307,1.1004878433026013,3.4217609278610584e-06,3.0741776079296906e-05
204024_at,4.895769508352942,3.758004345038461,-1.1377651633144805,8.235644520400051e-08,1.0339178211961207e-06
204026_s_at,5.708902917823529,8.566802041721154,2.8578991238976243,3.8526061174415865e-16,1.9818227076705406e-14
204027_s_at,4.259103083823529,5.32110855035577,1.0620054665322405,1.2030230060812722e-09,2.1387554608765394e-08
204029_at,3.352217708470588,4.693597328884616,1.341379620414028,3.9384379672538927e-05,0.0002785125755568155
204032_at,6.7257303597647065,5.623985222913461,-1.1017451368512452,0.0001873297165672988,0.0011163083961706081
204033_at,3.936464488823529,6.124224991048077,2.187760502224548,8.800870631700397e-08,1.098930949914381e-06
204036_at,7.722322106294117,5.990297299951924,-1.732024806342193,2.4848483734092023e-08,3.456180921822142e-07
204037_at,8.316862994117647,6.754504255576924,-1.5623587385407234,4.2981549445038466e-10,8.292294051469616e-09
204039_at,9.582641140058824,6.386908673125,-3.1957324669338236,1.8262680812095088e-18,1.4138423489976422e-16
204041_at,8.808635797941175,6.991414544721153,-1.8172212532200218,0.000687295728044132,0.003510379331922205
204042_at,7.641636110705881,4.046699537951922,-3.5949365727539586,5.955243403844746e-23,9.421195064882389e-21
204048_s_at,7.672740170000001,6.39665185,-1.2760883200000013,1.4326222989713258e-06,1.388829350897975e-05
204049_s_at,8.298829392764706,6.933175865942308,-1.3656535268223973,1.446971544278878e-07,1.7247053923388704e-06
204053_x_at,9.859464164235293,7.832727938884616,-2.0267362253506773,3.208551989058287e-14,1.2508539929343732e-12
204054_at,5.083009320117647,3.9638085023365384,-1.1192008177811084,2.571373772289652e-09,4.308965585440495e-08
204057_at,6.881878223176471,5.879350703538462,-1.0025275196380088,0.007811273707081773,0.028290080136616862
204058_at,8.02496820317647,4.377578622269231,-3.64738958090724,3.969956000393035e-19,3.423005190291492e-17
204059_s_at,8.901444409647057,5.218384956163462,-3.6830594534835956,1.0927709116302222e-13,3.888027613159446e-12
204060_s_at,3.5417864746470586,4.613003716634616,1.071217241987557,0.0013695026467727502,0.006407722671085293
204061_at,3.351601293588235,4.365398064798077,1.013796771209842,0.0016004534522786455,0.007329346280576958
204066_s_at,5.299877704647059,6.411203897461538,1.111326192814479,1.845385133072846e-05,0.00014191438782898956
204070_at,6.286495709647059,8.206870120259616,1.920374410612557,8.52905720336744e-06,7.045669942524467e-05
204078_at,5.6747629311764705,7.345091248240385,1.6703283170639143,1.1633575692545894e-07,1.4150856423522673e-06
204079_at,8.698096640647057,7.577290484048077,-1.12080615659898,0.0005287584409275064,0.0027934475798453554
204085_s_at,6.120708335764705,4.626956889932692,-1.4937514458320136,2.896598581781318e-06,2.639730405661088e-05
204088_at,3.835825939647059,4.918747199826924,1.0829212601798646,5.9764256059723195e-05,0.0004047491415167679
204092_s_at,2.8551573421764704,5.090140278442307,2.234982936265837,6.1832393211418614e-12,1.6295268899497908e-10
204093_at,7.941382355411766,6.092014208903847,-1.8493681465079188,3.4027544432515094e-14,1.3237272612845626e-12
204112_s_at,9.374645981588236,6.813501673846154,-2.561144307742082,1.409754389771532e-15,6.679078545081636e-14
204114_at,7.148907374470587,5.923593387490384,-1.2253139869802032,0.0009571887791472601,0.004682058287961849
204115_at,11.10451521664706,8.040366501269231,-3.0641487153778293,2.623735940255398e-16,1.3916509609640366e-14
204119_s_at,8.14132545264706,6.661135204961539,-1.4801902476855204,1.6339193359887504e-07,1.9227616092912896e-06
204120_s_at,4.667428289176471,3.5355193364999997,-1.1319089526764716,5.019749337897099e-07,5.371256507915954e-06
204123_at,3.994930056352941,5.036590004634615,1.0416599482816737,1.9653446878921384e-09,3.357325437260251e-08
204125_at,7.614882722705882,6.477373028471154,-1.137509694234728,9.86152086116738e-07,9.939648145552253e-06
204127_at,5.038876683882353,6.066312989548077,1.0274363056657245,1.0098091461564056e-05,8.222344232145377e-05
204134_at,4.579125096529412,2.8229805548942304,-1.756144541635182,5.654374985880797e-23,8.997379952022974e-21
204135_at,8.096686058470588,5.81433742876923,-2.2823486297013584,1.0684952005558462e-10,2.298675583411018e-09
204136_at,4.955709840705882,5.957001869509615,1.001292028803733,6.573723553714661e-05,0.0004404459340022005
204139_x_at,4.798301481352942,6.240890361278847,1.4425888799259052,2.372878071784127e-08,3.313105967764284e-07
204140_at,5.647452879588236,4.635120479653846,-1.0123323999343903,2.109317606216559e-06,1.976724684575783e-05
204141_at,11.369608028588237,10.114443330317307,-1.2551646982709297,0.00010376967960517803,0.0006632679872550664
204146_at,4.031209882058824,6.207387479509615,2.176177597450791,3.0467713807369674e-10,6.07340157740113e-09
204149_s_at,3.7702515189411763,2.6915044870961538,-1.0787470318450225,1.0842639505594396e-14,4.4933972784801554e-13
204150_at,7.694777248647059,6.410819853355769,-1.2839573952912895,6.811363709705692e-06,5.7511977090350705e-05
204151_x_at,12.92629360535294,7.237137206009615,-5.689156399343325,4.674890622732414e-16,2.3668910510028983e-14
204154_at,9.458034925529413,3.6419932650288462,-5.8160416605005665,1.2280867739662716e-24,2.4917378452158045e-22
204158_s_at,7.404179453941176,8.535263485826922,1.131084031885746,0.00013023157482131727,0.0008102951575664244
204159_at,10.510925390764706,6.721178980990386,-3.7897464097743203,3.011085906353935e-21,3.6439480639222046e-19
204160_s_at,6.570382635352941,5.550552984894231,-1.0198296504587105,0.007698174978670488,0.02796583414276202
204161_s_at,5.260208842117646,4.234740459519231,-1.0254683825984152,0.000778055742622047,0.003911708214496012
204162_at,3.8432605428823527,5.678823803548078,1.8355632606657255,1.0104342429317305e-07,1.2465752835662505e-06
204167_at,6.49607469517647,4.529945305769231,-1.9661293894072394,3.5944582998885753e-10,7.056904300345991e-09
204170_s_at,6.8739164032941185,9.58312126353846,2.709204860244342,2.6836573083205453e-13,8.958491267940493e-12
204176_at,6.572739661588235,5.320177046538461,-1.252562615049774,5.100417888764111e-08,6.669279059675525e-07
204178_s_at,4.2965605876470585,5.376889892788461,1.0803293051414027,2.0719256344267874e-09,3.5305535186194074e-08
204179_at,4.6315361093529415,7.192712245,2.5611761356470586,4.0941676918854254e-10,7.940852112843449e-09
204183_s_at,6.975220162470588,4.933159424394232,-2.0420607380763567,1.4506167223540148e-20,1.546351759557808e-18
204184_s_at,6.620705205352941,4.526958329586538,-2.093746875766403,2.5853489768872263e-13,8.656795203038522e-12
204199_at,3.0420162981176473,4.402802593673077,1.36078629555543,6.93003326330287e-08,8.82939689829994e-07
204202_at,4.7493347860588235,5.845289862538461,1.0959550764796377,1.0638720276973554e-06,1.0650233198769985e-05
204204_at,7.458682849647058,6.120600804259615,-1.3380820453874431,1.2618693441650413e-06,1.238455191568647e-05
204215_at,7.254970358588236,6.091299341740385,-1.163671016847851,8.218236092173315e-05,0.0005382086725158716
204220_at,8.31005046111765,6.3311474844519235,-1.9789029766657258,4.066842358702426e-08,5.430980892968429e-07
204223_at,8.146809940764706,5.078164959471153,-3.068644981293553,7.390030855184761e-14,2.721595776282922e-12
204224_s_at,5.545648045588235,7.262599933096154,1.7169518875079186,2.411387384652013e-06,2.234104771124125e-05
204227_s_at,7.046685180117647,5.369592263067307,-1.6770929170503397,1.1386868648268624e-14,4.701088532177407e-13
204231_s_at,4.084261049588235,5.462029635740384,1.3777685861521487,2.2492307727723562e-06,2.0981159861073734e-05
204233_s_at,3.794286370235294,4.845665636846154,1.05137926661086,2.895782228536175e-05,0.00021174825596366012
204235_s_at,7.866527120470589,5.670128680144231,-2.196398440326358,3.4198926711384296e-09,5.5918011413440486e-08
204236_at,6.781113452117647,5.0819289565192305,-1.6991844955984163,5.108017292631833e-06,4.4259481793070775e-05
204237_at,8.366594796352942,6.501483082221155,-1.8651117141317872,5.10250788714119e-07,5.452031675259965e-06
204239_s_at,5.10562201617647,3.339864837173077,-1.7657571790033932,1.943875868594019e-18,1.494292972281591e-16
204244_s_at,4.4769077853529415,5.589334683788461,1.11242689843552,6.105292341793233e-06,5.2082017931030454e-05
204249_s_at,8.114477937764704,6.770467933923077,-1.3440100038416274,5.907500186910844e-06,5.056067942628304e-05
204254_s_at,5.0075281618823535,7.839420798817309,2.8318926369349553,5.813144066790815e-22,7.931889750534398e-20
204255_s_at,4.816288582352942,6.101350899480769,1.285062317127827,5.8509286283346474e-08,7.554715722873828e-07
204257_at,8.879543003352941,6.989967994009616,-1.889575009343325,2.150741321645508e-12,6.113189241782157e-11
204266_s_at,4.801757195,6.061910393875,1.2601531988749999,1.1866587743669447e-07,1.4402190181492878e-06
204268_at,3.5551942455882353,5.215614303471155,1.66042005788292,0.004392338488259372,0.017425997117882407
204271_s_at,9.131117459705884,5.9058465123942305,-3.225270947311653,1.276242003495258e-17,8.578326639010799e-16
204273_at,7.096822559058824,3.9094836651634615,-3.187338893895362,2.61301366002977e-14,1.0304600617829827e-12
204276_at,9.032008015941177,7.309366678355769,-1.722641337585408,1.351410639222047e-13,4.743320982514477e-12
204277_s_at,6.061580124058824,4.602665023134615,-1.4589151009242087,1.2479608450270398e-13,4.402873623835217e-12
204286_s_at,3.829179039941177,4.985876595548077,1.1566975556069,0.0036734682133023064,0.014995828093779102
204288_s_at,4.79501566717647,5.898947898201923,1.1039322310254533,0.0011688316518911146,0.005577344179801114
204290_s_at,7.552076776117646,4.857896984759615,-2.6941797913580308,2.953801743706426e-17,1.868082796868517e-15
204298_s_at,4.849483580882353,3.4135617437211536,-1.4359218371611995,1.783686066896455e-08,2.544479922768992e-07
204300_at,6.008697644705883,4.894323151519231,-1.1143744931866522,1.5746553672872555e-07,1.8602405907179897e-06
204301_at,3.5219592107647055,2.5102217182980766,-1.011737492466629,5.183231977271723e-09,8.150262693388459e-08
204303_s_at,7.73042114982353,5.7449377555000005,-1.9854833943235297,5.870207036986012e-11,1.3250208017851925e-09
204310_s_at,5.555967727705883,4.089557356144231,-1.4664103715616523,1.6669560980088994e-20,1.7530018665361795e-18
204315_s_at,3.4739159435294122,4.854510962855769,1.3805950193263565,6.050403071877933e-05,0.00040939942919408426
204320_at,3.31972553,8.261705979442308,4.941980449442308,2.867488043018551e-14,1.1235077523324442e-12
204326_x_at,11.558619709764704,9.53242862333654,-2.026191086428165,2.637811431255556e-08,3.654038327576066e-07
204337_at,4.035399986411766,5.647838873115385,1.612438886703619,0.00036118432393027075,0.0019958955794434595
204345_at,7.05717462882353,8.084467970557693,1.027293341734163,0.0002797952157256546,0.0015943770180716751
204347_at,5.3243226515882345,3.9894178899711537,-1.3349047616170808,8.399015592657049e-10,1.5393212626985533e-08
204348_s_at,7.37205569682353,6.1442301788269225,-1.2278255179966076,0.0002911247793036136,0.0016525532324089367
204351_at,3.739604333705883,8.093151097413461,4.353546763707579,9.467951356298832e-10,1.715072409808941e-08
204352_at,6.117632163176471,7.646977730384616,1.5293455672081446,1.9177812490789775e-06,1.8146772328966974e-05
204359_at,7.573780429764706,5.417388409528845,-2.1563920202358604,8.576850980573313e-08,1.073660435019979e-06
204362_at,9.186162672058822,7.293323189076923,-1.8928394829818993,2.3687763249670234e-08,3.3089365864919697e-07
204363_at,8.258291213705881,6.253777276807692,-2.0045139368981895,4.5907240658875586e-07,4.958581610767406e-06
204364_s_at,3.1495912128823527,5.385543899471154,2.235952686588801,2.353258333854367e-06,2.1876764878800456e-05
204365_s_at,3.6641416433529406,5.231927352836539,1.5677857094835987,0.000454675145521628,0.0024509347918444378
204366_s_at,7.285488982176471,8.320271522115384,1.034782539938913,1.1550840288246444e-08,1.694257758914815e-07
204369_at,6.373886094352941,4.90474987964423,-1.469136214708711,1.2455453581516233e-09,2.2043002627288406e-08
204378_at,3.5490574659411767,4.819395987365384,1.2703385214242076,0.00011425920438700331,0.000721609941707736
204379_s_at,4.008316154588235,6.827279381173077,2.8189632265848417,1.2276265505092946e-07,1.4833435798150717e-06
204388_s_at,9.258066106647059,4.306582115730769,-4.95148399091629,7.417612520320338e-21,8.381902147961982e-19
204389_at,8.12737360447059,4.1508956506057695,-3.97647795386482,5.298549705240042e-23,8.480631799480828e-21
204392_at,5.413434744764706,2.975344963048077,-2.4380897817166294,5.508840093760588e-21,6.370063209266083e-19
204396_s_at,8.023756634588235,6.5113463930961535,-1.5124102414920815,9.171388208884087e-08,1.1407593369477772e-06
204401_at,3.2611581650000003,4.273280107355769,1.012121942355769,0.010699632487041179,0.03682063313431403
204402_at,5.419386655294118,6.570543982499999,1.1511573272058815,4.7104674172385455e-11,1.0820395671947078e-09
204404_at,4.322568146176471,5.689448769355769,1.3668806231792976,0.0004425096536644995,0.0023922082396349758
204408_at,4.68976598817647,5.754650335153846,1.0648843469773759,1.281870879267045e-07,1.5410403242184152e-06
204415_at,8.45152659782353,10.52709055521154,2.0755639573880096,2.9747438044670342e-05,0.0002169698544754861
204418_x_at,6.7600255101764715,5.722322347615385,-1.0377031625610869,0.004157855128395711,0.016654306109842178
204419_x_at,4.06037166135294,2.342660101192308,-1.7177115601606325,5.831525374489826e-26,1.4401756715578292e-23
204421_s_at,5.785322336235295,3.331723510615385,-2.4535988256199097,3.486405497493726e-20,3.497877309700552e-18
204422_s_at,6.20586139817647,2.636420857682692,-3.569440540493778,3.3696662221522542e-22,4.814476773268269e-20
204424_s_at,7.165487725294119,3.7519150914326924,-3.4135726338614263,3.789375632834727e-13,1.2332756867291982e-11
204432_at,3.835271262705882,4.901266631884615,1.0659953691787334,3.910505563193446e-08,5.238868019968952e-07
204438_at,7.598799357,3.9607210420576924,-3.6380783149423075,1.7832931660743126e-15,8.318833992407685e-14
204442_x_at,4.90066836364706,3.8607051733653845,-1.039963190281675,6.928989787980089e-07,7.221258996336934e-06
204444_at,3.6132637407647055,5.566419339644232,1.9531555988795262,1.035425552123784e-08,1.5344146404931854e-07
204451_at,6.7324747924117645,7.843784277951922,1.1113094855401577,0.0005809747228960931,0.0030346463203125527
204457_s_at,10.067722958823529,8.369050354923077,-1.6986726039004516,3.90580291795458e-05,0.0002762847595295591
204462_s_at,4.60398740782353,3.251544553240384,-1.3524428545831455,1.0985633653088914e-08,1.618312818223859e-07
204466_s_at,4.3512049523529415,3.2125941684615387,-1.1386107838914028,3.1361163409901366e-08,4.2845079793467003e-07
204472_at,7.835091751529411,6.642113285423077,-1.192978466106334,0.0034894281306090025,0.014339996833108106
204475_at,3.083286766882353,6.310273869951923,3.2269871030695705,6.284719382995775e-06,5.336969972453271e-05
204476_s_at,7.000247256176471,4.525546984778845,-2.4747002713976256,2.0751402550506046e-15,9.557728268388772e-14
204482_at,8.055397192941177,6.477690185875,-1.5777070070661772,2.7448900667538756e-11,6.547786492716773e-10
204500_s_at,6.365469163176471,5.117070259548076,-1.2483989036283942,4.249196161557957e-08,5.655129902503579e-07
204505_s_at,4.937537157000001,3.635300354923077,-1.3022368020769242,4.0970097471999815e-18,2.9735464759631355e-16
204508_s_at,3.515071159588235,6.3994399779807685,2.8843688183925336,7.804627558498664e-07,8.045787753689718e-06
204510_at,2.9238673376470588,4.591843356846154,1.6679760191990955,2.8381728917713896e-07,3.1952276868809958e-06
204524_at,7.492361717823529,8.528292856019231,1.0359311381957017,2.1590391324024535e-09,3.668686077440645e-08
204526_s_at,5.277678487941176,6.436767853836539,1.1590893658953627,4.0484705113906716e-05,0.0002854799380377151
204533_at,3.123264692,5.811764754221153,2.6885000622211535,9.137599702616799e-06,7.513122238160926e-05
204537_s_at,5.163576283235294,2.9236323071057693,-2.2399439761295246,5.988308555826908e-11,1.350003687189082e-09
204538_x_at,7.658237809352941,8.950858094586538,1.292620285233597,2.943989048527462e-07,3.304812387486227e-06
204542_at,5.471626809470587,6.7218769151442315,1.2502501056736444,0.0005925002514771073,0.003086872014640038
204565_at,7.572242053999999,6.06307088526923,-1.5091711687307692,6.252536793544043e-08,8.033361715038614e-07
204567_s_at,6.354521906705882,8.058345147298077,1.703823240592195,9.407900381663281e-07,9.529951650534524e-06
204570_at,10.862237902176469,6.863221857471154,-3.999016044705315,6.5296495270139154e-18,4.592548215655832e-16
204579_at,3.2342645641764705,4.276967960375,1.0427033961985295,0.005027544998922611,0.019528743754622248
204591_at,6.669107098235294,3.3794775057692306,-3.2896295924660635,2.3698405546241285e-15,1.083279125886351e-13
204595_s_at,4.277789688647059,5.79905110525,1.5212614166029415,0.0017011543395578728,0.007721831561770554
204600_at,5.623162483235295,7.2044000471250005,1.5812375638897054,1.7606114267390096e-08,2.514191812139937e-07
204605_at,6.894751351882353,5.678114983644231,-1.216636368238122,5.8963008039450565e-08,7.607765831843641e-07
204619_s_at,6.643148965411765,8.125450939,1.4823019735882355,4.1730266259434804e-05,0.0002934685415363542
204620_s_at,7.149134899705882,8.690041972548077,1.5409070728421943,1.166012639969043e-05,9.364303101364097e-05
204623_at,6.110167954117648,8.243054616721155,2.1328866626035072,0.004829364895992943,0.018893405967916197
204641_at,3.918502043647059,6.28302850564423,2.3645264619971713,1.9939135391519612e-12,5.691726310322954e-11
204642_at,5.2714991352352945,3.643377374971154,-1.6281217602641402,1.3314831471779976e-19,1.2380071327057568e-17
204646_at,8.173698165411766,6.422952948884614,-1.750745216527152,7.531841645809302e-07,7.790039514622436e-06
204647_at,5.716621279705883,6.804990092798077,1.0883688130921936,1.948517625009071e-05,0.0001489469796293699
204648_at,6.89749833017647,5.296569596326924,-1.6009287338495461,3.927634879795319e-22,5.567958028684382e-20
204653_at,5.469481672352941,10.130188429375002,4.66070675702206,3.890303999241669e-21,4.636002226519892e-19
204654_s_at,2.7172226816470584,3.999094177192308,1.2818714955452495,2.00738574607021e-06,1.8919203356029352e-05
204656_at,3.815117388941177,5.117082089807694,1.3019647008665167,5.471859861133038e-10,1.0387778760374959e-08
204663_at,7.143278894470589,5.900387996115385,-1.2428908983552036,2.805490050571711e-06,2.562263076809796e-05
204667_at,2.9831055714705883,6.310513601000001,3.327408029529413,4.189899824800418e-10,8.109239097084468e-09
204669_s_at,5.052869697764706,6.293369197951923,1.2404995001872168,7.140442908679461e-07,7.4203776373346596e-06
204674_at,4.497449992941177,3.404590958932692,-1.0928590340084847,0.010364556378076586,0.0358233881678831
204675_at,5.225680405823529,7.346895420634615,2.121215014811086,1.525567046276674e-05,0.00011954619356602239
204677_at,6.341079223882353,4.792913581711539,-1.5481656421708143,7.530828143761096e-09,1.1487564819964697e-07
204678_s_at,3.293691050588235,5.256580430836539,1.9628893802483045,2.016569344685892e-06,1.899263818181386e-05
204679_at,5.590616353647058,8.194895465355769,2.6042791117087107,6.969553142190995e-08,8.877275167972984e-07
204683_at,5.397314594588235,3.698192021644231,-1.6991225729440043,1.6916479989872946e-07,1.9855581964887648e-06
204686_at,9.286981234705882,7.830071191826923,-1.4569100428789596,0.00037292150606902145,0.0020521962976145515
204688_at,8.74931136947059,6.697948813548076,-2.0513625559225135,7.921961553217445e-06,6.586028021524066e-05
204690_at,9.501564160941177,8.163050150653847,-1.33851401028733,3.1239785593411235e-10,6.218221217734471e-09
204698_at,5.38028950482353,7.003504203846155,1.6232146990226246,0.00018623758045479243,0.001110770506353635
204709_s_at,2.7288967204117647,4.426665823778846,1.6977691033670812,3.238099364359376e-07,3.603838197540179e-06
204719_at,9.920501631764706,4.837477494144231,-5.083024137620475,1.14720835877495e-15,5.5214713415853614e-14
204731_at,10.103290770294118,7.173628430865384,-2.9296623394287336,3.162890878946115e-07,3.529491336781844e-06
204734_at,6.122873980235295,8.178569214221154,2.055695233985859,0.003243738805339668,0.013477468046333263
204740_at,4.259308738764705,5.657417789711539,1.3981090509468341,5.4224171639244556e-11,1.2310736538678571e-09
204748_at,5.25067375017647,2.988031455855769,-2.262642294320701,9.499049758129317e-10,1.720134826638819e-08
204750_s_at,4.418196830058824,5.8338780543653845,1.4156812243065602,0.0006654247035513936,0.0034108015491295563
204753_s_at,5.431620575000001,2.6992443985673082,-2.732376176432693,2.067664201873621e-18,1.584986579691859e-16
204754_at,5.485747221294118,3.4011848170288466,-2.0845624042652715,1.0124360552792062e-17,6.889993449012941e-16
204755_x_at,5.658790112647059,2.9235223550673077,-2.735267757579751,1.7190927701788415e-21,2.1618977950136171e-19
204759_at,8.230293213117648,6.67135093889423,-1.5589422742234174,1.1413424276600925e-10,2.4486371210401018e-09
204767_s_at,7.034518601235294,8.444448003375,1.4099294021397055,1.0598690015818763e-07,1.3025577626061075e-06
204773_at,5.0423662188823535,3.5964012173269233,-1.4459650015554302,2.1174083113373797e-12,6.025340366239982e-11
204776_at,7.940067469529413,5.723596023442308,-2.2164714460871044,3.7724395531471636e-05,0.0002681286344201316
204779_s_at,6.785933205470589,5.349959067086539,-1.4359741383840499,0.00044106206830627084,0.002385091313394229
204787_at,8.143428318294117,5.599314393173076,-2.5441139251210405,4.477428394562118e-09,7.144379954937944e-08
204793_at,4.861286808882353,3.752138582509615,-1.1091482263727377,2.903746420077477e-07,3.2643372988961607e-06
204796_at,4.889748505999999,2.883445742634615,-2.006302763365384,2.1705977301920703e-18,1.659230441402703e-16
204797_s_at,4.345522604764706,3.2111833850769234,-1.1343392196877824,8.630048118476741e-10,1.5784832314287603e-08
204798_at,3.6880697065882355,7.395058714980769,3.706989008392534,2.0571941549269067e-11,5.003547227350964e-10
204800_s_at,6.236117931058824,4.820069915076923,-1.416048015981901,5.041790164244617e-15,2.2014069229944555e-13
204811_s_at,3.539852399058824,4.64614992523077,1.1062975261719457,0.0009588799813753284,0.004689490188484234
204813_at,6.381290042058824,3.8642254817788464,-2.5170645602799775,4.427372624980045e-16,2.249921513024077e-14
204817_at,4.480358924470588,5.525839829596153,1.0454809051255651,1.1567737344045858e-06,1.1472933608952914e-05
204822_at,3.0495214080588235,5.252022097,2.2025006889411767,2.4688292772295164e-10,4.9980056795960596e-09
204823_at,5.644518704352941,3.5724354301923076,-2.0720832741606334,6.18895021381281e-06,5.26692674064926e-05
204825_at,4.361031847235293,7.21558055491346,2.854548707678167,1.9536285787450173e-11,4.762264144677281e-10
204826_at,4.50615928517647,6.015087354240384,1.5089280690639137,1.5305749731761963e-13,5.334434959194356e-12
204828_at,3.9802761316470594,5.044368372163461,1.064092240516402,1.1307077170197737e-06,1.1253263400295812e-05
204829_s_at,7.143915683294118,4.157311588884616,-2.9866040944095023,6.053138525269616e-17,3.634480171294724e-15
204832_s_at,6.77290762,5.551236801634615,-1.2216708183653848,2.2138747273912856e-06,2.0683168220864256e-05
204834_at,7.381692354352941,5.161852804375,-2.219839549977941,1.5316332678856544e-07,1.8145216437580017e-06
204839_at,7.601256337176471,6.5858067064711525,-1.0154496307053185,7.396787754172334e-06,6.1833248404805e-05
204840_s_at,6.363674850705882,5.0734289294807695,-1.2902459212251127,1.799486271042337e-08,2.5650081271146435e-07
204844_at,5.864590397529413,3.6951632410192303,-2.1694271565101824,1.5537378489046923e-16,8.644389200343447e-15
204846_at,2.833575838294118,4.0692965416730775,1.2357207033789597,0.013256185974871045,0.0438145324485246
204848_x_at,4.017683420941176,2.3498036827692306,-1.6678797381719455,4.4241509989212215e-22,6.191429163336445e-20
204858_s_at,5.115838239764706,7.171656369153847,2.0558181293891407,2.2307597296290514e-09,3.7787906667729364e-08
204860_s_at,4.7736876735294125,6.1756446254134625,1.40195695188405,0.00015682652442383175,0.000954182906346757
204862_s_at,7.9918932185294125,9.453761088519231,1.4618678699898187,3.049867343631614e-07,3.413137374370922e-06
204865_at,5.839657392882353,2.908621583701923,-2.9310358091804303,3.411546818987436e-12,9.389753597252409e-11
204866_at,5.976774594058824,7.0494548928076926,1.0726802987488684,0.0005473646594982984,0.0028794810362176024
204875_s_at,5.883487300588236,7.241834903759615,1.3583476031713788,4.445289556064505e-05,0.0003103741316111611
204881_s_at,7.240496804823529,8.518506523836539,1.27800971901301,1.796743319352513e-05,0.00013868541030538937
204894_s_at,10.645112750117645,6.239260203557692,-4.405852546559953,7.1186778303092e-17,4.191265558796611e-15
204897_at,8.816308837470586,6.735958457846154,-2.0803503796244325,3.6046232043198255e-07,3.975282478653703e-06
204908_s_at,5.411846305235294,6.434932149509616,1.0230858442743225,3.828778748691253e-06,3.402880887881776e-05
204913_s_at,2.433145799470588,4.488815535288461,2.0556697358178733,0.0013604903391047118,0.006375392995449134
204914_s_at,2.382417188529412,4.054411490692308,1.6719943021628962,0.0012385645505331056,0.005872099948188531
204915_s_at,2.3911156679411762,3.499742912028847,1.1086272440876708,0.009291641857210401,0.032692658646511503
204916_at,4.027893603588235,5.373470283201923,1.3455766796136883,0.0004888707457202337,0.002613071827506085
204920_at,4.373733051823529,2.894101358509616,-1.4796316933139133,1.6580782079461493e-12,4.803410324389219e-11
204922_at,3.7796335044117653,5.304118495288462,1.5244849908766964,5.324890641339185e-09,8.348957377582632e-08
204927_at,4.718152575411764,6.071889912576923,1.3537373371651586,7.14030176034025e-09,1.0946924993753103e-07
204929_s_at,7.943278708470588,6.020458432932693,-1.9228202755378954,4.828138519463277e-07,5.188323927028671e-06
204934_s_at,4.328382455235294,5.372167829567308,1.043785374332014,0.0006106714940216905,0.0031649263576307898
204939_s_at,6.034213083941176,4.052429853740384,-1.9817832302007918,2.7015043485582334e-08,3.734686064841941e-07
204940_at,3.777317354647059,2.503161730692308,-1.274155623954751,2.849497790667541e-10,5.713546653814979e-09
204942_s_at,4.670727931294117,7.652575978721154,2.981848047427037,1.1468670033821542e-06,1.1387093719773439e-05
204944_at,6.283040224529412,4.363245003932692,-1.9197952205967193,4.69066794124863e-09,7.455211577326994e-08
204951_at,3.968711378235294,5.617697829692308,1.6489864514570143,0.00020014377427518597,0.0011837502228180944
204952_at,3.044724292176471,4.388813120028846,1.3440888278523753,0.00013472824049282192,0.0008346575071348158
204955_at,9.715299064294117,6.201965861298077,-3.51333320299604,7.925790370253245e-13,2.4305963492151414e-11
204962_s_at,3.3303869200588236,5.392051765903847,2.0616648458450237,3.260494234333807e-07,3.627283220866385e-06
204963_at,9.269888263117647,6.874310533682693,-2.3955777294349536,1.0882497381366498e-14,4.5030767594966044e-13
204964_s_at,6.253191240352941,4.441463318817307,-1.811727921535634,1.0522420866271725e-08,1.5576436356393938e-07
204967_at,2.7945788364705884,3.9685928194903846,1.1740139830197962,5.492477399407497e-07,5.838993455049898e-06
204971_at,11.252667570588235,8.873249662134615,-2.37941790845362,2.8608490243097885e-06,2.609082915893835e-05
204972_at,3.229248460705882,4.503471722682692,1.2742232619768097,0.001523871653415001,0.007028198048978327
204975_at,8.180138640235294,9.462805953317307,1.2826673130820136,5.892475785686927e-06,5.046374327742144e-05
204976_s_at,5.138589914470589,6.820433064673077,1.6818431502024884,7.474235643756712e-09,1.1410805795820909e-07
204990_s_at,4.288964294058824,5.803763800153846,1.514799506095022,4.489190631579265e-06,3.934728368090007e-05
204997_at,7.89925556717647,2.5203479551826926,-5.378907611993778,5.703892069526152e-37,1.4929631641061197e-33
205005_s_at,8.00587584182353,4.524095677548076,-3.4817801642754533,2.9251602862433493e-21,3.55573103035358e-19
205006_s_at,8.107310513117646,4.61505720225,-3.492253310867646,8.025417234166598e-21,8.994235055925642e-19
205008_s_at,5.274125501882353,4.173578834307692,-1.100546667574661,5.348903180164735e-06,4.6192687764273905e-05
205009_at,5.477563925294117,8.51275066525,3.0351867399558827,0.0011333018435046168,0.005427259920736903
205013_s_at,4.204107001764705,5.502410215653845,1.29830321388914,0.0001089993124192415,0.0006923162425846365
205022_s_at,9.382738734411765,7.412328441596154,-1.970410292815611,7.608398998682634e-14,2.7944738152698487e-12
205025_at,4.681088404411764,5.760505188913461,1.0794167845016966,1.3783139132824398e-07,1.6486301791155443e-06
205027_s_at,6.6736049155882355,5.506403333384616,-1.16720158220362,0.00018689311652107007,0.0011140715821978467
205034_at,3.8668970659411768,6.8120690775673065,2.9451720116261297,2.7004568113626707e-15,1.2282352692280268e-13
205036_at,7.307545136176471,5.964350102740385,-1.3431950334360865,7.069678817258585e-13,2.1849150632341807e-11
205047_s_at,5.374005351470589,7.048441441019231,1.6744360895486423,3.6799262158289857e-07,4.053414589984464e-06
205052_at,8.317673928058824,7.157450694038461,-1.1602232340203624,1.8438789725928774e-05,0.00014184224164220813
205055_at,9.862150804176471,8.452109997586538,-1.410040806589933,3.465763912346159e-11,8.142829469304392e-10
205082_s_at,3.794619909882353,2.4120268499903847,-1.3825930598919682,6.198154888229734e-17,3.713381949996604e-15
205083_at,6.259372316411765,2.780119687201923,-3.4792526292098422,6.727612993726974e-27,1.9325599451822346e-24
205093_at,3.479193798823529,4.5804531116538465,1.1012593128303174,6.564725660145103e-05,0.00044000511089900475
205100_at,6.006926617117647,4.729805021961538,-1.2771215951561086,3.2264881875012804e-08,4.3958686666408484e-07
205107_s_at,4.986202235235295,7.062736483240385,2.07653424800509,2.4703323493450727e-12,6.935610560437486e-11
205108_s_at,5.153727593352941,2.3618722049423075,-2.7918553884106334,7.322857503130773e-31,4.344285213732331e-28
205109_s_at,6.168815389058824,4.26632515160577,-1.902490237453054,7.224006667925979e-10,1.3424550899854681e-08
205110_s_at,7.698039660058822,6.208226717817308,-1.4898129422415147,0.00030742431008264076,0.0017337168237239564
205114_s_at,6.77027104664706,5.582903935692307,-1.187367110954753,0.0029997933187417792,0.0126234170812342
205116_at,7.194172247058823,4.899089684874999,-2.295082562183824,8.010030723647171e-13,2.454685383862655e-11
205117_at,5.659046573235294,3.793718994625,-1.865327578610294,2.8280576532840056e-10,5.674726421271608e-09
205120_s_at,8.05669239264706,6.867676315048078,-1.189016077598982,0.00045638103325351117,0.0024577030502164173
205139_s_at,4.200132557647059,2.688373323461538,-1.5117592341855213,1.6249678087276574e-09,2.8244942048581787e-08
205141_at,7.4489991189411775,5.5116633245192315,-1.937335794421946,4.845159444200237e-07,5.204565190021743e-06
205145_s_at,5.3276032559411775,4.191158364875,-1.1364448910661773,3.820893750346764e-07,4.188402490463467e-06
205147_x_at,4.252916797235294,3.1118832260673077,-1.141033571167986,4.442855128584425e-06,3.896618834372639e-05
205158_at,7.517323305176471,4.5895019278365385,-2.9278213773399324,2.3557922564784665e-13,7.941740924418668e-12
205160_at,8.80848830252941,7.504815143134616,-1.3036731593947941,2.07673177788565e-06,1.9491993758421476e-05
205162_at,4.338210741411764,3.239421591769231,-1.098789149642533,2.0811246268047782e-12,5.93446713721933e-11
205164_at,4.771632361411765,6.351531620375,1.579899258963235,2.8139295007294507e-09,4.673811875237757e-08
205168_at,7.804862735470587,4.39354282785577,-3.411319907614817,3.442311007199106e-23,5.763125535641718e-21
205171_at,5.764408008882352,4.440740056865384,-1.3236679520169679,2.5367821926807323e-09,4.257534910649499e-08
205173_x_at,7.297480307705882,5.938035365673077,-1.3594449420328054,3.1557934216376774e-06,2.855343253737251e-05
205180_s_at,3.8129586405294114,5.357212900240385,1.5442542597109736,1.3104378101969973e-07,1.5722661077762567e-06
205190_at,2.826227634882353,4.3444986222019235,1.5182709873195703,2.9484845775064324e-05,0.00021534235214200936
205193_at,7.491631319058824,5.796850647990384,-1.6947806710684397,2.58337022876678e-10,5.214414338604368e-09
205200_at,9.755539113529412,5.363357498913462,-4.39218161461595,4.0111191084490246e-22,5.671576938342987e-20
205204_at,8.694407730705883,5.088843058192307,-3.6055646725135766,1.154243775032284e-25,2.703754120063821e-23
205207_at,4.567847457529412,2.8225187910961536,-1.7453286664332586,1.371570692527985e-10,2.8958977496125685e-09
205208_at,6.264541908000001,2.917791364519231,-3.34675054348077,2.02281826133979e-34,2.4000738670796606e-31
205214_at,3.7227595890588234,2.657855594576923,-1.0649039944819005,7.217682723754174e-08,9.163384633165365e-07
205220_at,7.131223157058823,3.1333004768365385,-3.9979226802222847,1.0502239575137994e-21,1.3680232309581303e-19
205222_at,6.776542652705882,4.36136122525,-2.4151814274558827,1.1789845252239756e-19,1.105632240587618e-17
205226_at,8.38608888152941,5.909146321096154,-2.4769425604332564,1.1829881923039547e-08,1.7319289846501488e-07
205231_s_at,6.968444858588235,5.019759592182691,-1.948685266405544,7.157612914307418e-16,3.52259112037858e-14
205236_x_at,4.282914296999999,2.9707869010673074,-1.3121273959326913,7.349514893778321e-13,2.2624318859984605e-11
205249_at,8.378897604647062,7.3113958220192306,-1.067501782627831,0.0004765382817651531,0.00255315430258764
205259_at,5.413731695764705,3.2856762651153844,-2.1280554306493205,1.0009885923432524e-10,2.161968990166299e-09
205280_at,5.221737691117647,3.6488706694230766,-1.5728670216945702,0.00033660818337367314,0.0018787540634183095
205286_at,5.005172183117646,7.980554120490385,2.975381937372739,1.2183281453805642e-10,2.599496944750814e-09
205289_at,5.147268852352942,2.7325343537211535,-2.414734498631789,1.3940411525510796e-27,4.583456148499119e-25
205290_s_at,6.326787261823529,3.1779627125769228,-3.148824549246606,1.6260899756583513e-17,1.0705713483891093e-15
205295_at,5.737226280411765,2.8599941431826923,-2.8772321372290723,1.6804347179510368e-25,3.83750822054601e-23
205298_s_at,5.68533605882353,6.725738213605769,1.0404021547822389,5.634914480042691e-05,0.00038333291462825633
205303_at,6.649591638823529,4.350632567432692,-2.298959071390837,1.97461384371945e-10,4.066884867032599e-09
205304_s_at,7.069874293764706,4.353489459807692,-2.7163848339570142,5.06523568895344e-16,2.55740516806096e-14
205310_at,5.3320833003529415,6.5159358904038465,1.183852590050905,5.048767112647505e-10,9.634848260181404e-09
205315_s_at,8.407660046470589,6.902585688826923,-1.5050743576436663,6.375463204571785e-16,3.1835901760505344e-14
205339_at,5.218284098235294,7.425401527288462,2.2071174290531674,1.7773060858100895e-15,8.297997335964832e-14
205345_at,4.154243592294118,6.424837541846154,2.270593949552036,2.0821595289096723e-15,9.581971747753879e-14
205357_s_at,7.7349066478235295,4.833264528048077,-2.9016421197754525,5.947587047285592e-05,0.0004029460693319269
205367_at,4.7673302881764705,5.8339887327403845,1.066658444563914,2.0251745730482043e-06,1.9058255047970177e-05
205376_at,4.762353887411765,6.5001274289230775,1.737773541511313,8.36930018295199e-06,6.922079628509421e-05
205382_s_at,14.07752716717647,9.52694020326923,-4.550586963907239,3.3158462155986635e-12,9.14479891870437e-11
205384_at,6.293005964941177,2.5805026840288456,-3.712503280912331,9.776171345690303e-27,2.6697332356452963e-24
205392_s_at,7.450516293117647,5.060345972134616,-2.3901703209830307,6.720579504190471e-12,1.7634735998039025e-10
205404_at,6.7212233441176465,3.4902521002403852,-3.2309712438772613,2.088766395721189e-17,1.3539522697395105e-15
205407_at,7.838520986470589,5.275598828711539,-2.5629221577590497,4.773249126714955e-12,1.2789355134363057e-10
205412_at,10.801998075882354,8.552752975173076,-2.2492451007092775,1.539445225124353e-13,5.361926033316022e-12
205413_at,4.869702639058823,3.5988740925096154,-1.2708285465492075,0.001975946523475414,0.00878790623409099
205419_at,6.1762495040588234,4.586951360625,-1.5892981434338234,1.0619362106519221e-05,8.608260276425257e-05
205421_at,4.071923154058824,2.3797265206442306,-1.6921966334145937,6.168694048341572e-17,3.6997928842245564e-15
205428_s_at,8.051060254764705,4.247540467009616,-3.8035197877550893,2.2156088768481684e-17,1.4267621966377474e-15
205429_s_at,3.960297249941177,2.679150568240385,-1.281146681700792,6.910262304584033e-09,1.0621098460205347e-07
205433_at,4.7263665918823525,2.6522704372307686,-2.074096154651584,1.139025769790171e-07,1.3895146957840353e-06
205436_s_at,6.300071782705881,7.974765698548077,1.6746939158421954,8.138381623862995e-10,1.496654431250494e-08
205440_s_at,7.247842975705883,5.211577456624999,-2.0362655190808834,0.001450053968097485,0.0067395465830531074
205449_at,7.688164579588236,8.722633043451923,1.0344684638636874,2.2781255599973666e-07,2.610493700169983e-06
205455_at,2.8224667263529413,4.176843826759615,1.354377100406674,6.129185411597477e-07,6.4576985613701434e-06
205471_s_at,4.079556831529412,5.435791349269231,1.3562345177398196,0.0037695038385707176,0.01533281785700933
205472_s_at,6.388388483705882,7.843667283192308,1.4552787994864254,0.007245931102524858,0.026617019359584347
205478_at,10.613658077529411,5.779858524653846,-4.833799552875566,1.9024984353131028e-21,2.3706954817569372e-19
205479_s_at,6.2906082674117645,7.55637995910577,1.2657716916940052,0.002262717886515706,0.009894565040999278
205480_s_at,11.452447655058824,8.474786633798077,-2.9776610212607473,2.203256017147277e-17,1.4214126496439864e-15
205483_s_at,8.16536211717647,10.629797661615385,2.464435544438915,3.064554329927129e-08,4.1940900394456567e-07
205498_at,9.984172699352941,5.169041621019231,-4.81513107833371,2.272201631438467e-17,1.455569164815494e-15
205499_at,6.389633256117647,4.71085428025,-1.6787789758676466,5.260550414998767e-06,4.548005403139834e-05
205511_at,4.130830737294118,5.138014475980769,1.007183738686651,7.32989073848216e-06,6.137743274250044e-05
205528_s_at,5.460048597117647,3.7044028537884612,-1.755645743329186,1.3197953283741544e-09,2.3236486847526767e-08
205529_s_at,5.676646801647059,3.8003804649038457,-1.876266336743213,4.784094454877095e-09,7.590438699207471e-08
205530_at,6.834506605352941,4.746483594711539,-2.088023010641402,1.928553809697777e-20,1.9935329238540713e-18
205541_s_at,6.416053544058823,4.763838565423077,-1.6522149786357456,0.00020048835182824042,0.0011852744534698368
205542_at,8.048961716117647,5.149505922961538,-2.8994557931561094,1.6449389536901036e-10,3.4358638788156205e-09
205554_s_at,5.4639224291764705,2.9778356379326922,-2.4860867912437783,3.737407095751648e-17,2.3365858176292008e-15
205559_s_at,8.357373313764706,6.212070787201923,-2.1453025265627828,7.867273469912933e-09,1.1944031118619693e-07
205560_at,5.625752568764706,3.408001668403846,-2.2177509003608598,2.9934461154910092e-18,2.2411425999641125e-16
205569_at,3.229563155705882,4.957471836403846,1.7279086806979636,0.000784661770894315,0.003940201931515394
205577_at,4.29206572917647,2.390966408798077,-1.9010993203783935,2.6522328650258896e-18,2.0077145289909574e-16
205590_at,3.8416142196470586,5.524104462048077,1.682490242401018,0.00011344552594395542,0.000717080050670673
205597_at,2.8004557649411765,4.294916380605769,1.4944606156645923,0.00010571866118353668,0.0006742251470829924
205603_s_at,6.360680491,4.998346636605769,-1.3623338543942314,2.4228002053533403e-06,2.24429756293245e-05
205608_s_at,6.772953238176472,3.3616264352500003,-3.4113268029264714,3.660749616771348e-27,1.1162014152724213e-24
205609_at,7.620865202058822,3.253678813307692,-4.36718638875113,4.01605675109623e-34,4.05911780403854e-31
205610_at,6.474317128058823,3.8199174059230767,-2.6543997221357465,2.8581960999752527e-28,9.873258540541097e-26
205618_at,6.045402694058824,4.653576454855768,-1.3918262392030556,5.634155812043679e-07,5.984947257016972e-06
205619_s_at,6.730311536588235,4.599394069067308,-2.130917467520927,7.77399917386587e-09,1.1818860749594019e-07
205620_at,3.6804876958235293,2.428371252298077,-1.2521164435254524,6.660480829463022e-17,3.955787762278414e-15
205624_at,4.885799053941177,3.4994675984807695,-1.3863314554604078,0.00010228932540285104,0.0006544190705851842
205645_at,3.982486782411765,5.19570729675,1.2132205143382353,0.0011188660130194829,0.005365661024917877
205653_at,5.790589392235294,4.454891810288461,-1.3356975819468326,1.5490814508117128e-10,3.246824750531969e-09
205666_at,5.131299445705882,3.741760025634615,-1.3895394200712672,0.00016577651796236163,0.001002872597413848
205668_at,5.651635985470588,6.693354605461537,1.0417186199909487,0.01491634722330726,0.0482555459131579
205684_s_at,6.4314146842941184,5.251979098221155,-1.1794355860729633,8.63346196326339e-07,8.81912259953121e-06
205709_s_at,4.759477179352941,7.801013052865384,3.0415358735124434,2.7240603138906744e-21,3.3260959255444996e-19
205710_at,3.4477295075294117,4.450485786346154,1.0027562788167423,0.012186764854748356,0.041002431204987706
205713_s_at,3.4184204547647057,6.852012904288461,3.4335924495237555,4.70336475671003e-11,1.080862926553586e-09
205715_at,4.313608173294119,2.6903242644903846,-1.6232839088037343,1.2988607041189106e-15,6.196723633750526e-14
205726_at,7.815708270529412,5.049866839567307,-2.765841430962105,1.2957103664257318e-17,8.68778576033784e-16
205728_at,3.851820348117647,2.575364212221154,-1.2764561358964932,3.0823025326504256e-10,6.137504192978022e-09
205730_s_at,5.325374953058823,3.922814544442308,-1.402560408616515,1.150914919002658e-06,1.1421751311295488e-05
205733_at,3.5402781744117644,4.605625951384615,1.065347776972851,0.00017440972741670526,0.0010498630762850287
205739_x_at,5.164696459352942,6.9034756304423075,1.7387791710893659,3.4971429935027855e-08,4.73506741360428e-07
205750_at,5.931244823058823,4.903833534442308,-1.0274112886165154,5.338076208163256e-07,5.6870361383045544e-06
205752_s_at,5.680133359294118,3.533566141076923,-2.1465672182171947,1.3680490723703828e-10,2.889580120777985e-09
205756_s_at,6.463400968470588,4.264806296567307,-2.1985946719032814,5.084697726698607e-17,3.093843001398922e-15
205771_s_at,7.895761199705881,5.9681068905,-1.9276543092058818,1.4314386929429304e-11,3.575583177214288e-10
205774_at,3.6635374688823523,6.564823788894231,2.901286320011879,1.801249163279255e-12,5.182413183058432e-11
205780_at,4.713917879117647,7.1319871930000005,2.418069313882354,3.185906058590172e-10,6.3230387917015625e-09
205792_at,7.6284751565294115,3.5867250875673076,-4.041750068962104,1.9982735675082415e-20,2.061697032911764e-18
205794_s_at,6.3582906818823535,4.211696543221153,-2.1465941386612,1.3977896804657248e-06,1.3584395115765454e-05
205807_s_at,6.714190814176471,8.24102886214423,1.5268380479677592,1.8958856811837017e-06,1.795203757691278e-05
205808_at,3.400930502117647,2.3627948590096155,-1.0381356431080313,2.8277746022313873e-18,2.1258555098510591e-16
205812_s_at,10.453464336647059,11.881852724105771,1.4283883874587122,1.1959857090449918e-12,3.5303247168180964e-11
205819_at,4.95666620535294,3.247138120701923,-1.709528084651017,0.00012145595276686574,0.0007618600673557943
205824_at,7.452285308941177,3.8964015981730773,-3.5558837107681,1.1098144638321967e-30,6.180873838928313e-28
205828_at,4.073348229882353,5.516266589134616,1.4429183592522623,0.0007664468999834404,0.0038604563818933364
205830_at,2.7754871159999994,4.809483837769231,2.0339967217692316,0.0001291799785537689,0.0008045776617010332
205831_at,4.305187030058824,5.602894193663461,1.2977071636046373,0.005374612490639239,0.020695708700902992
205839_s_at,3.697114681647059,4.9245086965288465,1.2273940148817877,6.24706016421956e-07,6.5695240212512394e-06
205862_at,3.8877623488823523,5.3263117724326925,1.4385494235503402,0.010888154387653367,0.03737043002916194
205871_at,4.665612762,6.291098926480769,1.625486164480769,2.1348884191302911e-07,2.4629058344475196e-06
205872_x_at,6.970786926470588,5.376387758798076,-1.5943991676725116,2.9602132654557203e-07,3.3216587133081366e-06
205880_at,5.037945187117647,3.440332626192308,-1.5976125609253393,6.133850377638909e-12,1.6196391860723466e-10
205882_x_at,8.435641327647057,6.754916140576923,-1.6807251870701334,1.2082107768660546e-06,1.1913809573725816e-05
205883_at,7.495384981352941,3.996749414961538,-3.498635566391403,9.582273003572197e-15,4.0075929368733097e-13
205890_s_at,4.490436733705882,6.251141262586538,1.7607045288806562,0.008523504219770764,0.03043734211010655
205893_at,3.7133580459999997,2.3839419630673073,-1.3294160829326924,1.8070547854981406e-21,2.262092732516124e-19
205907_s_at,5.213023989588236,2.981517158644231,-2.231506830944005,1.322271673964306e-13,4.647022903625104e-12
205908_s_at,4.572030810705883,2.65795291925,-1.9140778914558827,8.907267267826925e-14,3.230230831964955e-12
205911_at,3.486575676882353,2.4282029236249993,-1.0583727532573537,7.03731801721069e-17,4.1558870154958964e-15
205913_at,10.451544609411764,4.0568037006538455,-6.394740908757918,7.797927579002905e-20,7.440613449902088e-18
205916_at,2.314499329647059,4.69117884185577,2.3766795122087108,0.006631649353628058,0.02470471572395507
205923_at,4.6701665902352945,3.4569306042307693,-1.2132359860045252,7.167220904716918e-05,0.0004760035893873749
205928_at,5.353627250117647,6.486529502173078,1.1329022520554313,4.6228741507081134e-08,6.113672677492813e-07
205932_s_at,7.581416419117647,5.079310729596154,-2.5021056895214935,1.4434818586667362e-13,5.04700809507827e-12
205941_s_at,3.3978933817058823,6.990270142701923,3.5923767609960406,2.9679680243187094e-13,9.835381104996408e-12
205943_at,2.695118011,3.743399988403846,1.048281977403846,0.007258902394069635,0.02665390431686804
205951_at,4.393123835705882,2.4965203867692307,-1.8966034489366517,3.6578554696643336e-08,4.93186990313265e-07
205959_at,2.9395086326470583,4.124322465923077,1.184813833276019,0.0014037918190281937,0.006551868795171864
205960_at,4.261157581882353,2.3506337192403843,-1.9105238626419685,3.7834094448585405e-21,4.518483678138606e-19
205961_s_at,6.442361217411765,4.992596823,-1.4497643944117646,3.1819759916957173e-06,2.876716550765277e-05
205968_at,5.490708570470588,6.856541897307692,1.3658333268371043,2.1351965215577325e-06,1.9985747033116016e-05
205969_at,4.766907137470589,2.4555487910961533,-2.311358346374436,5.940342991982793e-21,6.825641687566923e-19
205978_at,4.117446479117647,2.4583882206442302,-1.6590582584734168,4.54841949165634e-22,6.332861924365087e-20
205980_s_at,3.6411481498235294,7.431818189874999,3.7906700400514697,1.2952211990339989e-20,1.3970726842307634e-18
206007_at,3.473566905529412,2.4141732680576924,-1.0593936374717194,4.7725661175214355e-09,7.576552825136777e-08
206030_at,7.194108164411765,2.513330356730769,-4.680777807680996,9.597888788509453e-37,2.2636457836266108e-33
206043_s_at,4.2199589900588235,5.952528652461538,1.7325696624027147,1.791500389563308e-07,2.093753742226462e-06
206059_at,7.804775089529411,6.4983181668557695,-1.3064569226736413,0.0017539882595689008,0.007933282689307437
206068_s_at,6.0997060612941185,2.480055083067308,-3.6196509782268107,3.6666990814840095e-36,6.900854109252267e-33
206069_s_at,5.954541639294118,2.343535625576923,-3.611006013717195,2.5295570248530235e-37,8.121217227026657e-34
206070_s_at,3.854700403352941,2.5153281567788466,-1.3393722465740945,2.531753819471348e-10,5.119695876729407e-09
206074_s_at,5.663442115294117,7.279931355576924,1.6164892402828066,2.4223931099628796e-08,3.376194932294791e-07
206082_at,4.089327643882353,5.777770712182692,1.688443068300339,4.863975121517937e-05,0.00033637974931237646
206093_x_at,9.831117721941176,5.956687193721155,-3.874430528220021,7.118887562550215e-20,6.8405240189512005e-18
206100_at,8.160608343117646,3.5575257566923075,-4.603082586425339,1.3297942066218768e-25,3.0884611916261876e-23
206101_at,10.387899526058824,5.720843396605768,-4.667056129453056,8.226652571407555e-18,5.700805709586843e-16
206102_at,3.8001156403529412,7.024392445875,3.2242768055220585,1.0176940805584825e-17,6.917151335342642e-16
206108_s_at,4.142012825470588,5.529862814903846,1.387849989433258,2.03512399383767e-07,2.353284586009877e-06
206110_at,2.7343697998235292,4.685295711759615,1.9509259119360856,9.699044053318795e-06,7.932041137845011e-05
206115_at,7.624115407941177,6.431594990894231,-1.1925204170469454,0.0011794992752042106,0.005620875835272035
206157_at,4.805867124235294,3.2293703328557686,-1.5764967913795256,0.0005613637127140766,0.0029443273184914073
206159_at,3.895732535294118,2.345208823903846,-1.5505237113902721,1.0199171521074923e-19,9.630805924718826e-18
206163_at,5.338957000764706,2.5628675002403845,-2.776089500524322,8.82059898481053e-21,9.804877229979103e-19
206167_s_at,6.342077568058823,4.437662231778846,-1.9044153362799765,5.2613163234547764e-11,1.1969878433423855e-09
206170_at,5.992428423941177,3.0940221204615383,-2.8984063034796383,2.1032745014701424e-19,1.8818790002580147e-17
206188_at,5.427191702823529,6.635263729,1.2080720261764712,6.789986007562482e-08,8.672844519231283e-07
206201_s_at,7.334098381823529,3.9142071923653847,-3.4198911894581445,4.719047776759017e-14,1.8011252350190936e-12
206208_at,5.380672303705882,2.7682863042403842,-2.612385999465498,7.831768748390232e-31,4.596237704498822e-28
206209_s_at,6.233916573764707,2.4220017583846154,-3.8119148153800912,8.551727351362005e-35,1.1384017734389923e-31
206227_at,8.953580930000001,7.661175603855769,-1.292405326144232,0.010326060726525583,0.03570163869207144
206233_at,3.694754944647059,2.6094308924423077,-1.0853240522047511,5.085249760552458e-08,6.6510387414616e-07
206243_at,10.057575549588236,3.7361064579230767,-6.3214690916651595,2.655461686995632e-26,6.926453711415705e-24
206247_at,4.3231606042352935,6.046477404586538,1.7233168003512445,3.29029150465156e-05,0.00023732102554827208
206261_at,4.552960677882353,5.954115663490385,1.4011549856080325,6.612475801483466e-07,6.916487481202877e-06
206262_at,7.208388168647058,2.6121386785096155,-4.596249490137443,5.7443753909431315e-37,1.4929631641061197e-33
206271_at,5.567489475058824,3.807075330605769,-1.7604141444530552,8.545464658212402e-11,1.8738566315009027e-09
206316_s_at,2.852955638235294,4.044467542673076,1.1915119044377822,3.6502009260535274e-06,3.257428324772327e-05
206326_at,3.1843434948235294,4.982664274538461,1.7983207797149316,1.7928964661651136e-05,0.00013842763647874628
206331_at,4.107712531294117,2.8169318666442305,-1.290780664649887,4.3138166388515165e-15,1.8941576696048024e-13
206346_at,2.8856952002352942,5.117941643192308,2.232246442957014,2.152122430398936e-08,3.0242196222642514e-07
206348_s_at,3.926541285470588,5.344964135009615,1.4184228495390272,2.494218168716023e-05,0.00018526392682410427
206363_at,7.77661551052941,5.076756310711539,-2.6998591998178716,6.663000871743193e-12,1.7492059864303594e-10
206373_at,2.3365771476470587,3.756187583336538,1.4196104356894792,0.009217940975656955,0.0324794061013803
206374_at,4.576762912352941,5.611836339269231,1.0350734269162896,4.519231963905442e-06,3.9591518677045765e-05
206385_s_at,7.1445441164705885,9.385811238730769,2.2412671222601803,3.972160552465576e-09,6.427410340735805e-08
206407_s_at,4.122245294823529,2.861694520451923,-1.2605507743716058,1.0562402592713953e-08,1.5622909786117477e-07
206432_at,4.126455065058824,2.720653164913462,-1.405801900145362,4.0042875058168164e-09,6.473637671207821e-08
206445_s_at,4.603578762647059,5.738400387826923,1.134821625179864,2.4569914205544757e-05,0.00018272262534738075
206452_x_at,6.525762260117648,7.780306438663462,1.2545441785458147,4.510282086729087e-15,1.9788318811220805e-13
206453_s_at,7.680974034999999,6.544417937990384,-1.1365560970096151,0.0024741246159302763,0.01068824184049854
206481_s_at,7.402845720529411,4.895879043519231,-2.5069666770101806,3.2028935892547264e-15,1.437588233617876e-13
206482_at,2.8416598650588236,4.123237189769231,1.2815773247104074,2.452163812653799e-06,2.2680333626644926e-05
206487_at,4.980877985235294,5.981897607336538,1.0010196221012446,0.00013303939432917768,0.0008250377346997146
206488_s_at,12.055728348764706,5.712468109163462,-6.3432602396012445,4.7924932106767294e-18,3.441703775599016e-16
206496_at,3.5340368692941175,2.439899863884615,-1.0941370054095025,9.385183201217244e-09,1.4026120315970315e-07
206499_s_at,4.23312679917647,5.525110038211538,1.2919832390350674,1.1085248250916322e-07,1.3553354934739292e-06
206538_at,5.431857854588235,3.292780625086538,-2.1390772295016967,1.4789774378474632e-22,2.2360418166281634e-20
206544_x_at,6.160140630470588,5.008724209903846,-1.1514164205667416,0.00014654535140275635,0.0008989882807925188
206546_at,3.240212104529412,5.436482596278847,2.1962704917494347,5.26678611741515e-09,8.264977559010968e-08
206562_s_at,8.606917786941176,9.648391441586538,1.0414736546453618,5.737708884779548e-09,8.942273364431266e-08
206565_x_at,4.221958988,5.713742433067308,1.4917834450673082,1.263953715433103e-06,1.2400742375449098e-05
206580_s_at,9.313107937882354,8.133245306596155,-1.1798626312861984,1.6252301874155874e-06,1.5594837974499886e-05
206584_at,7.7353304309999995,6.12181505776923,-1.6135153732307694,1.471397586549868e-06,1.4228810927764927e-05
206595_at,2.5441731952352944,4.0864038536634615,1.542230658428167,0.00029809551814340477,0.0016865093070124275
206632_s_at,3.8618622120000006,6.665727119923077,2.8038649079230766,3.6702910540040243e-10,7.185108157693172e-09
206637_at,7.852677581235293,4.493782706692307,-3.358894874542986,7.098587882415852e-16,3.5030183366580004e-14
206638_at,3.976886070294118,2.6672824876923076,-1.3096035826018104,1.4469514066572704e-09,2.5344403345297548e-08
206649_s_at,5.010042158529412,3.7361666403461533,-1.2738755181832588,7.126685588207041e-16,3.513707070630101e-14
206659_at,4.457712497470588,5.516038640846154,1.0583261433755657,4.619109878485918e-07,4.986281607157495e-06
206682_at,5.608808341058824,4.1662473676346155,-1.4425609734242082,2.3725954035379154e-06,2.2015281286925513e-05
206683_at,3.2355859060588235,4.344780289980769,1.1091943839219458,0.00025083580628003816,0.00144580921649152
206697_s_at,5.686842934058824,3.616544383403846,-2.0702985506549774,1.1577922947443119e-08,1.6977739294693658e-07
206701_x_at,4.449782565529412,2.4260636506442306,-2.023718914885181,2.5865143107589504e-23,4.397799519218466e-21
206702_at,6.101465478470588,4.499163714182692,-1.6023017642878958,2.2808171357891322e-11,5.5130521901787e-10
206710_s_at,7.048558485941178,5.055229112182692,-1.9933293737584856,2.050892047936923e-06,1.9272664787250227e-05
206723_s_at,4.010668210117648,6.375370097288462,2.3647018871708143,1.5519122689560756e-17,1.027934705429049e-15
206726_at,5.763510700294117,3.442532458971154,-2.320978241322963,4.243546512823989e-17,2.6229731044554978e-15
206734_at,7.388400306411765,6.3101285349326925,-1.0782717714790726,0.00035856536338467655,0.001984801112390696
206737_at,6.185874587705881,3.439706901971154,-2.7461676857347275,1.229684941108805e-18,9.855356005987881e-17
206742_at,6.5531987989411755,2.5123221307403845,-4.0408766682007915,3.1473595052406005e-34,3.2411270648401274e-31
206754_s_at,4.06725256,6.768317006836539,2.701064446836539,0.0019438547776936931,0.008663535024640215
206756_at,3.721090489294118,2.512634825346154,-1.208455663947964,4.23033992421536e-13,1.3645846496675541e-11
206772_at,4.0871020108823535,2.8417700804807686,-1.2453319304015849,1.4893315466632553e-05,0.00011712712750048099
206794_at,3.2304675571764707,4.332276680500001,1.1018091233235299,0.0019662694904524383,0.008747719475008447
206805_at,3.617827070470588,2.3969303444903844,-1.2208967259802037,1.0510918499851218e-16,6.013369190811107e-15
206833_s_at,7.724532343470588,5.951549782586538,-1.7729825608840502,1.4145067412503163e-10,2.9784862434684034e-09
206834_at,3.501544516117647,2.4034143722307695,-1.0981301438868774,5.755590347734178e-10,1.0884766652424938e-08
206845_s_at,4.709591903705882,5.724317880701923,1.0147259769960408,1.5342343528775623e-05,0.00012010467117857786
206847_s_at,5.000714239529412,3.6358651845673076,-1.3648490549621042,4.4071141342467714e-07,4.779175091060094e-06
206848_at,3.309830170705882,5.906404039653847,2.5965738689479645,2.649658875637496e-22,3.8258130098788064e-20
206856_at,3.825627357352941,2.3429320772692304,-1.4826952800837105,3.941388000678851e-20,3.9326693910246986e-18
206876_at,4.583301106176471,2.604458952625,-1.9788421535514709,2.7815231523111707e-19,2.429004034079862e-17
206928_at,4.529727857941176,5.724669935740385,1.194942077799209,2.421890277427605e-09,4.08354493208901e-08
206930_at,6.825252423176471,2.33710227025,-4.488150152926471,6.882328709267488e-39,4.1736735402567804e-35
206932_at,5.106597997823529,3.696062541201923,-1.4105354566216066,6.656752788985685e-07,6.957466688434503e-06
206949_s_at,4.866199339117647,6.8557490420288465,1.9895497029111997,1.5221793280860733e-09,2.65767836044817e-08
206953_s_at,5.850584497411764,4.073514063076923,-1.7770704343348411,3.5788440927513337e-09,5.837708659243127e-08
206955_at,8.854922548647059,4.447809273653847,-4.407113274993212,1.4044257812103112e-31,9.017900554432656e-29
206991_s_at,5.482179999470588,6.685576200269231,1.2033962007986423,0.0008576008542428481,0.00425705851708093
207002_s_at,8.591752391294118,6.786347931451923,-1.8054044598421957,7.155425238773433e-08,9.090687944762923e-07
207016_s_at,4.271086011235294,2.5196659921057694,-1.7514200191295246,1.763416608809789e-13,6.0837873003937714e-12
207030_s_at,9.316958577117646,8.030861000663462,-1.2860975764541838,5.142088645537764e-05,0.00035355260290350927
207038_at,3.9352289723529412,5.0630043855961535,1.1277754132432123,0.00029919791553905463,0.0016918693568385892
207056_s_at,3.0644607720000003,4.323515024942308,1.2590542529423079,0.00012812881544434023,0.0007987598650070412
207057_at,10.199872931529413,5.792060569884615,-4.4078123616447975,3.157223249841706e-20,3.1910756991316752e-18
207069_s_at,7.58725350182353,6.3005490220961535,-1.2867044797273763,2.5980736138665423e-06,2.3920421688802632e-05
207071_s_at,8.86148625317647,5.715484765375,-3.1460014878014695,2.088205057069547e-22,3.0720254396172185e-20
207075_at,4.278434360647059,2.5919405361538463,-1.6864938244932124,4.974141659899393e-13,1.5913462934094312e-11
207076_s_at,9.67054201652941,8.061831272528847,-1.6087107440005628,0.0010308038523312965,0.0049992930675503856
207092_at,11.937041136764705,4.58317913710577,-7.353861999658935,4.580810722173201e-22,6.361732020495957e-20
207096_at,6.370918884705882,2.8901041260096156,-3.4808147586962668,1.770557237036278e-19,1.6079075447621132e-17
207109_at,3.145859380882353,4.686724067913461,1.5408646870311085,1.8647377088712374e-05,0.00014322476697506794
207131_x_at,4.294761120058824,5.995386664461539,1.7006255444027154,1.3713771383282088e-05,0.00010866491410106753
207165_at,3.7214395471764705,6.11700885389423,2.3955693067177597,1.6897905916728585e-10,3.5214616534140106e-09
207168_s_at,9.85809146982353,11.017304285009617,1.1592128151860877,6.064125098010841e-10,1.1424711208986322e-08
207169_x_at,5.671673030235294,8.152178080846154,2.4805050506108604,3.7856246993784667e-13,1.2327900385881703e-11
207170_s_at,8.26811984464706,7.238455499894231,-1.0296643447528293,5.715375776905301e-05,0.00038832253769166493
207173_x_at,6.7586985277058815,7.899871761432692,1.1411732337268106,0.0038077791372765468,0.015470059366787007
207175_at,11.716995882705882,6.236242946278846,-5.480752936427036,1.5842033299199028e-13,5.5013616039887485e-12
207177_at,3.612440575588235,2.4799092805480765,-1.1325312950401587,3.181888288374614e-12,8.788678182752939e-11
207196_s_at,10.874773331,9.222176804750001,-1.652596526249999,5.664161684140198e-13,1.7942210131090418e-11
207198_s_at,7.300651350999999,6.179388708634615,-1.1212626423653838,2.4953821151805763e-06,2.306443022259791e-05
207233_s_at,6.974719776176471,5.3058861230865375,-1.6688336530899335,4.038350730081887e-11,9.367154462266864e-10
207240_s_at,3.567971065411765,2.3289624519519228,-1.2390086134598421,9.301800804923238e-13,2.8023494688964123e-11
207266_x_at,7.334380436705882,5.903133093701923,-1.4312473430039585,1.2551547438012072e-05,0.0001002562428829593
207275_s_at,9.334499430000001,4.810877753201923,-4.523621676798078,5.27624815330371e-21,6.127071233173685e-19
207277_at,6.174097161882353,3.40404802535577,-2.7700491365265827,2.1572964135753432e-26,5.715683541579061e-24
207302_at,7.167982873647058,2.5415026031057693,-4.626480270541289,4.813904792263532e-29,1.975474508698882e-26
207316_at,3.421999359352941,2.4160046657884613,-1.00599469356448,4.377037092024101e-07,4.750334210490821e-06
207317_s_at,6.108750490882352,2.773554809451923,-3.335195681430429,2.0776826181304548e-29,9.176156995038348e-27
207357_s_at,4.388998544235294,5.522605758346154,1.1336072141108602,1.3229309351208337e-05,0.00010513140289452531
207365_x_at,8.956072217941175,10.053865211201924,1.0977929932607484,8.13841497557061e-07,8.354082207103034e-06
207394_at,3.119842422529412,4.305442033028846,1.1855996104994335,2.214524294835033e-06,2.0685695958891197e-05
207400_at,4.421869709647059,2.461522474480769,-1.9603472351662905,1.9236801974404656e-16,1.0426270257805677e-14
207414_s_at,4.740469142,5.834161554528847,1.0936924125288465,0.01517262055164166,0.04889911172648658
207437_at,4.241965568823529,3.078084895163461,-1.163880673660068,0.0026235314172848717,0.011242911528265627
207469_s_at,7.577331088588236,5.537957289624999,-2.0393737989632372,1.2306933785290961e-08,1.7979125778035206e-07
207480_s_at,8.16810206835294,6.247310214711538,-1.9207918536414024,3.957890062281018e-08,5.299746852532769e-07
207507_s_at,10.467822183764707,9.302706538173076,-1.16511564559163,2.28760893564132e-06,2.132093717526769e-05
207522_s_at,3.314090203235294,4.971269119567307,1.6571789163320125,0.00023609199173587288,0.0013705238052491178
207537_at,6.189381155588235,2.520267890903846,-3.669113264684389,1.433813589364581e-33,1.304268531565491e-30
207547_s_at,3.906403075882353,2.6818249055769234,-1.2245781703054295,3.942230647312453e-09,6.384658946577637e-08
207583_at,4.135191729352941,2.3223135811153846,-1.8128781482375569,1.3482045431043038e-23,2.389079732405513e-21
207621_s_at,9.01711179252941,6.958163658317307,-2.0589481342121037,3.7093919447473503e-10,7.256448134493392e-09
207625_s_at,5.3675423551176475,6.417326032067308,1.0497836769496605,2.3441503983653276e-10,4.770372281595123e-09
207630_s_at,5.834746759470589,4.671300056490384,-1.1634467029802043,4.7786269663196706e-08,6.287673124271006e-07
207655_s_at,5.827583105294117,7.240786600538461,1.4132034952443435,0.00011022189375374799,0.0006987804320113616
207677_s_at,4.465589374882353,3.3507979661634617,-1.1147914087188915,0.00040569513507765313,0.00221247349894117
207700_s_at,5.862282460647059,6.916258952682693,1.053976492035634,3.4951262911813066e-05,0.0002503747182653689
207705_s_at,4.758434124117647,5.762812334471153,1.0043782103535062,1.0578476886801762e-05,8.576391711300556e-05
207711_at,3.6000388865294117,5.1143400886346155,1.5143012021052038,8.167568695165694e-11,1.7974908540864855e-09
207735_at,4.772936426470588,3.7068086415096158,-1.0661277849609725,3.490440115673779e-08,4.727164542763255e-07
207761_s_at,11.333229841294116,8.959793388807691,-2.373436452486425,9.290620378109818e-11,2.021821250465932e-09
207808_s_at,7.331174147235294,5.442786529990385,-1.8883876172449092,1.4254439778547167e-06,1.3826787068408438e-05
207809_s_at,6.868466954470588,8.67675664146154,1.8082896869909515,5.178613366840697e-08,6.758573384715409e-07
207820_at,3.720681465764706,2.4439427198076924,-1.2767387459570134,2.5705266321962676e-20,2.6174771093029868e-18
207828_s_at,3.535617817529412,6.56200010325,3.026382285720588,2.149945042833776e-17,1.3886609525778067e-15
207843_x_at,11.44406530235294,9.822805724346154,-1.6212595780067858,1.866937426502387e-05,0.00014335337338361535
207845_s_at,6.693586605411764,5.479507362086538,-1.2140792433252257,4.287096584502601e-09,6.873837969611265e-08
207847_s_at,4.3340433440588235,8.279331054442308,3.945287710383484,7.994837250984493e-11,1.7637438250666235e-09
207856_s_at,5.387845162705882,6.790669610326922,1.4028244476210396,2.7231162853194798e-09,4.538166831647386e-08
207877_s_at,5.444542458882353,6.732247782538462,1.287705323656109,1.1543032083302492e-05,9.278455789021602e-05
207943_x_at,7.637250035705883,6.052235135403847,-1.5850149003020357,2.6644172866861637e-08,3.6890215903106067e-07
207953_at,5.987235526764706,7.326196745884615,1.3389612191199092,1.3886761043859574e-06,1.3509154597418079e-05
207974_s_at,10.233408499058825,8.9100487785,-1.323359720558825,1.5916309129274812e-05,0.00012429478265369725
207977_s_at,8.629537136529411,4.548465692057692,-4.081071444471719,4.789884020906036e-22,6.601693938813901e-20
207980_s_at,5.819602185764706,3.795661482336538,-2.0239407034281673,1.6508207777424937e-10,3.4455123223100404e-09
207993_s_at,3.7062073844117647,2.364315991586538,-1.3418913928252265,3.92997704387781e-14,1.5158601913625937e-12
208016_s_at,4.053013800411764,2.983083414009615,-1.0699303864021492,0.0028121294492121094,0.011941959578640653
208022_s_at,7.6123877449999995,5.567814599249999,-2.0445731457500003,1.0458065573803516e-11,2.6660007517637653e-10
208029_s_at,7.058593939588236,9.154419355624999,2.095825416036763,1.4908311205266038e-06,1.4403978000924324e-05
208051_s_at,6.069331902352941,8.560264110211538,2.490932207858597,4.048479359952717e-20,4.024807923257911e-18
208072_s_at,5.277774237411764,6.719280168500001,1.441505931088237,1.6459871493348045e-08,2.3597670770565877e-07
208079_s_at,4.238147311235293,7.905316170701923,3.6671688594666296,1.3349812876929498e-18,1.0652330950437648e-16
208092_s_at,4.0694229412352945,2.9795451711346153,-1.0898777701006792,6.012620193341373e-10,1.1347261325462616e-08
208116_s_at,4.689062748470588,3.2183099889134614,-1.4707527595571261,3.5481217876254977e-07,3.919306598802106e-06
208131_s_at,8.939844937470589,6.0247328487980765,-2.9151120886725126,3.47154567395207e-11,8.15290410235069e-10
208146_s_at,6.369551171529412,4.855512265115385,-1.5140389064140276,7.758330726919051e-05,0.0005109096678867217
208149_x_at,4.080180671176471,5.334554536009615,1.254373864833144,8.770080837847602e-09,1.3179026488130075e-07
208156_x_at,3.487641897705882,6.428940354730769,2.941298457024887,9.784320783905704e-13,2.9390118000263585e-11
208158_s_at,10.044417002470588,8.257067537057692,-1.7873494654128965,7.46723728473551e-08,9.456017256695578e-07
208159_x_at,4.231525520470589,5.388780748826923,1.157255228356334,1.0327053501725673e-08,1.5307991664059898e-07
208161_s_at,4.279065835764705,6.117740990615385,1.8386751548506801,3.759689416726899e-05,0.00026732684819637503
208165_s_at,2.915473755647059,3.9847276837307697,1.0692539280837106,0.0006374708866361237,0.003286964905216154
208186_s_at,10.480113664058823,5.893042097105769,-4.587071566953054,7.100393512822207e-30,3.4294900666931255e-27
208190_s_at,4.694285783941176,7.670624636355769,2.9763388524145933,1.4773155610693744e-18,1.1618214122133342e-16
208270_s_at,6.70198912164706,7.740109434028846,1.0381203123817864,0.00015134465605712926,0.0009243777957634353
208284_x_at,4.855016496294118,6.285768760423077,1.4307522641289596,0.00032148500249660166,0.0018038788887901741
208296_x_at,8.957152122764704,6.887315030932692,-2.069837091832012,9.93005375732901e-09,1.47716654134985e-07
208335_s_at,6.585693897529412,4.754679933307692,-1.8310139642217198,0.00012837878609704302,0.0008001354078326494
208350_at,5.659046688117648,2.5828956942499994,-3.076150993867649,4.2240718482725853e-19,3.613567670954066e-17
208383_s_at,9.16294115217647,2.9868133582788463,-6.176127793897624,1.6571916241883344e-34,2.1034386431761654e-31
208396_s_at,5.145704497352941,3.5359070727307698,-1.6097974246221716,3.723321851283783e-12,1.0176023200862173e-10
208405_s_at,11.962459254294117,10.952527579692307,-1.0099316746018108,1.9624855298414643e-05,0.00014982584659842954
208436_s_at,5.954013826823529,7.856623735182692,1.902609908359163,5.071807836776047e-10,9.672054504661073e-09
208451_s_at,5.212642270470589,9.571168265923076,4.358525995452487,2.314629322314399e-11,5.592304284311536e-10
208454_s_at,6.088533544647058,4.957782918461539,-1.1307506261855194,8.05989883690508e-06,6.688478312596052e-05
208456_s_at,5.147758175529412,2.9751541269615385,-2.1726040485678735,6.39449663728583e-16,3.188370768378932e-14
208470_s_at,4.564587519352942,2.626746774480769,-1.9378407448721733,6.135906771173462e-10,1.1547988126340565e-08
208485_x_at,4.482202132705883,3.311719236269231,-1.1704828964366518,1.8725644071107783e-18,1.4455826418062117e-16
208490_x_at,4.072906269705882,5.3577381978557685,1.2848319281498863,9.727627648523836e-06,7.95153795759746e-05
208510_s_at,8.477466193764705,3.7394195194423077,-4.738046674322398,2.3377359739988125e-27,7.418098356097744e-25
208527_x_at,3.930017307647059,5.451934715038461,1.5219174073914021,4.591318017435706e-06,4.015214646268601e-05
208546_x_at,3.382741498705882,4.531008762019231,1.1482672633133486,0.00013149447862504168,0.0008166633077920062
208561_at,3.4126632693529415,2.3546171919134613,-1.0580460774394802,1.2511770430213585e-16,7.076475837415826e-15
208579_x_at,5.17868441582353,6.615800601134615,1.4371161853110852,0.0004284568945744454,0.0023224979509261596
208581_x_at,11.15252900817647,9.712877676067308,-1.4396513321091629,7.101653884641284e-06,5.963892185511258e-05
208591_s_at,4.463107572882352,2.321168647413461,-2.141938925468891,1.7821744126527114e-31,1.1310383403275854e-28
208607_s_at,11.646701374411762,6.278608875509615,-5.368092498902147,1.8371773215029326e-18,1.4202733856984214e-16
208609_s_at,5.459185401529412,3.437141605548077,-2.022043795981335,9.737686035645533e-23,1.501336627512705e-20
208610_s_at,8.643214435764706,10.188655622951924,1.5454411871872171,1.1990959930978195e-08,1.7536296947289897e-07
208612_at,9.665687865999999,10.800250122451924,1.1345622564519253,7.801897738236106e-08,9.854658103568353e-07
208613_s_at,4.9149312872941175,7.457645351971153,2.5427140646770354,5.165492402891325e-11,1.1781337645524683e-09
208614_s_at,7.216677276470588,9.056658840480768,1.8399815640101798,6.265600241181523e-10,1.177649070340493e-08
208621_s_at,3.1211550249411766,4.997664654153846,1.8765096292126695,2.115211122285167e-12,6.022227847845703e-11
208622_s_at,4.7012505334117645,6.646181838192306,1.9449313047805417,6.044959943167478e-12,1.5992625726521464e-10
208623_s_at,7.045080541470589,9.226672196057693,2.1815916545871046,1.647594096472541e-16,9.110844801557732e-15
208631_s_at,8.083462228117648,6.874620112278846,-1.2088421158388023,8.816374036512478e-06,7.267616350080268e-05
208650_s_at,6.2926112190588235,10.766769877259614,4.474158658200791,1.9660667336742268e-14,7.840457238008736e-13
208651_x_at,5.036022582705882,8.684197599019232,3.64817501631335,2.2249217605355206e-14,8.831563983146776e-13
208654_s_at,8.400210774058824,7.3817797135769245,-1.0184310604818991,0.0030663633675102665,0.01286882323993409
208657_s_at,5.046692158058823,6.384369819682691,1.337677661623868,7.454199803962698e-15,3.1630691652128223e-13
208658_at,6.488776095647059,8.380980356163462,1.8922042605164036,3.537890056259707e-14,1.3723845158535789e-12
208660_at,9.39216363917647,8.201493677153845,-1.1906699620226249,2.5092263581765224e-07,2.852552914037001e-06
208666_s_at,8.37357271717647,7.0312128422499995,-1.342359874926471,1.5460325832290773e-06,1.487937089755948e-05
208667_s_at,10.573424835647058,9.256210572028847,-1.3172142636182116,3.773959137648776e-08,5.07462221664776e-07
208669_s_at,9.553803474529413,8.314187540432693,-1.2396159340967206,3.3935950514474243e-06,3.053129207386907e-05
208671_at,10.09781033917647,8.209473514076922,-1.8883368250995485,5.5412419704476e-09,8.658329387490971e-08
208682_s_at,7.248757443058823,9.341258617884616,2.0925011748257933,1.124167100681589e-06,1.1196055820891596e-05
208685_x_at,8.575481368882352,9.746176364884615,1.170694996002263,8.943565696912916e-11,1.951742791570612e-09
208698_s_at,5.212940791294118,6.468515578115385,1.255574786821267,2.1935337240225615e-07,2.524691630607916e-06
208699_x_at,6.3979473483529405,4.856660956365385,-1.5412863919875557,1.3775387543407805e-07,1.6480641752118689e-06
208700_s_at,9.890950350235293,8.585334860980769,-1.3056154892545244,1.3102416545276965e-06,1.2820308222027097e-05
208710_s_at,8.177515354,9.345690217903845,1.168174863903845,5.681140519792205e-07,6.030162746591574e-06
208729_x_at,8.79156444347059,9.80798114989423,1.016416706423641,0.006534771345414065,0.024418820023370823
208733_at,4.356538323941177,2.9982466173173075,-1.358291706623869,3.0873732325460706e-09,5.1000527741868036e-08
208740_at,8.580984401294117,7.118732799028846,-1.4622516022652707,1.0583443513171926e-06,1.060072973950102e-05
208747_s_at,11.01867820617647,9.854590286384617,-1.1640879197918519,0.0017782990246737061,0.008024620294970336
208750_s_at,5.752819155058823,6.806385426057693,1.0535662709988696,0.0008431613183449873,0.004192551239125748
208763_s_at,8.601580679235294,7.563488791278846,-1.0380918879564476,0.0006573048431567648,0.003375203785365798
208767_s_at,4.536102495058824,6.083912603000001,1.547810107941177,0.0003170186607428929,0.001781381806309724
208770_s_at,9.558409244235294,8.182980386057691,-1.375428858177603,5.847625927570491e-13,1.8469767100744786e-11
208774_at,8.288880286647057,9.386284359163463,1.0974040725164063,1.33166552948266e-09,2.343035877937914e-08
208779_x_at,5.781672590235295,8.195552779259616,2.4138801890243213,3.730657363833411e-15,1.654066192206854e-13
208781_x_at,10.36190284417647,8.525948988980769,-1.8359538551957009,5.017087029508954e-14,1.9029019665293206e-12
208782_at,10.480172512764707,8.649565839173077,-1.83060667359163,2.8610566796065523e-06,2.609082915893835e-05
208786_s_at,8.151289317529411,6.9979386391923075,-1.1533506783371035,2.3966121001079936e-06,2.2215470756079175e-05
208788_at,12.44953217582353,10.854933174096153,-1.5945990017273761,7.25537119204355e-05,0.00048098008537658795
208789_at,9.187031857588234,7.261538517115385,-1.9254933404728494,6.016671440071076e-10,1.1350982043817464e-08
208790_s_at,6.442184464294118,4.764961960134615,-1.677222504159503,2.1825151151842438e-13,7.398726240474587e-12
208791_at,9.940102749588236,8.451556042163462,-1.4885467074247742,0.004399728564829232,0.017451510562486533
208792_s_at,11.275250405941177,10.050891287817308,-1.2243591181238695,0.00484657853795379,0.018953956006232436
208794_s_at,8.281345352882354,10.295290757134616,2.0139454042522615,3.578134435336808e-23,5.972201814869958e-21
208795_s_at,7.5851271688823525,8.596751300057692,1.0116241311753393,4.29632094786385e-07,4.667374622083222e-06
208796_s_at,10.765134376058825,9.33938244310577,-1.4257519329530552,1.0399769413774785e-07,1.2792630489844805e-06
208806_at,3.8256918189411766,5.200746152278845,1.3750543333376686,1.0371824944013882e-09,1.86395730529909e-08
208807_s_at,5.021995980294117,6.148614895615385,1.1266189153212673,7.110447184136703e-09,1.0907282092832972e-07
208821_at,8.218614158,9.394463183221154,1.1758490252211544,1.5278682724619167e-05,0.00011967497480295486
208829_at,6.678418057647058,8.525961637355769,1.8475435797087103,4.298204861707955e-12,1.1584776451711529e-10
208835_s_at,10.244315600235295,11.341116492865384,1.096800892630089,6.381022419928005e-05,0.00042881526208127485
208837_at,6.775235123176471,9.31719354885577,2.541958425679298,1.313446594313993e-16,7.382760213291804e-15
208847_s_at,11.480003703529412,10.010455928182692,-1.4695477753467205,9.219238859948657e-18,6.313385667969105e-16
208848_at,8.370365168,5.879388419375,-2.490976748624999,1.433081314622986e-12,4.18268155458866e-11
208858_s_at,9.226714047058822,7.75128526810577,-1.4754287789530522,2.0000107389865367e-09,3.414406822744641e-08
208862_s_at,6.200301219588235,7.528808672721154,1.3285074531329188,1.0172686663835358e-07,1.2541564613179805e-06
208866_at,5.197647850647059,6.3086968353269235,1.1110489846798641,2.0236408798948117e-05,0.0001538277097267116
208868_s_at,5.5183490420000005,4.003055254990385,-1.5152937870096155,5.282659103173613e-15,2.299220503924343e-13
208869_s_at,7.842641074588236,5.841966788250001,-2.000674286338235,9.673775407191419e-15,4.042764073117155e-13
208874_x_at,7.111656360882353,8.377116948740383,1.2654605878580298,1.0269734098540915e-12,3.072981454847942e-11
208890_s_at,8.070214357411764,9.344368479749999,1.2741541223382349,1.280701499808426e-08,1.8639841908811756e-07
208891_at,10.283726066411766,8.678239923769231,-1.605486142642535,1.064966540397408e-05,8.630261144521178e-05
208892_s_at,9.507484927529413,8.153520201288462,-1.3539647262409513,0.00013699507731651956,0.0008469703585023019
208893_s_at,7.511516456352941,6.237869641076923,-1.2736468152760176,2.4382574871532496e-05,0.00018155205373988708
208906_at,6.548395328294117,7.645144090461538,1.0967487621674206,0.00042606582248408046,0.002312244856851807
208909_at,10.561973933,9.376680202836539,-1.1852937301634618,0.00013499573617303188,0.0008360299880390227
208924_at,11.024445168764705,9.829651336365385,-1.19479383239932,8.820577581223221e-07,8.988392528110197e-06
208930_s_at,7.185197878764706,8.794425829153846,1.6092279503891405,5.327459431153944e-12,1.4204563179919446e-10
208932_at,7.432585152588236,8.65174472514423,1.219159572555994,3.7493870009997093e-06,3.339389574535952e-05
208937_s_at,6.592072528294118,5.438222147980769,-1.153850380313349,0.0011176803585840089,0.00536044607127914
208944_at,10.359332857470589,7.780481840259616,-2.5788510172109733,1.2952230132414085e-09,2.284070334077636e-08
208949_s_at,13.519013574117647,12.275980464682693,-1.243033109434954,2.344918140791056e-06,2.180886544034782e-05
208952_s_at,4.508032513,5.951631066548078,1.4435985535480782,1.071651961751317e-07,1.315557634287565e-06
208964_s_at,6.962542424058823,5.396589860634616,-1.565952563424207,1.677315924549084e-07,1.9708552388797514e-06
208971_at,7.5356838785294125,6.474224120125,-1.0614597584044123,6.158883406875992e-07,6.485543072812748e-06
208978_at,4.583793339882353,6.0370390645769225,1.4532457246945691,0.000206702446132744,0.0012177906743824519
208981_at,7.764839183941177,6.557755650307692,-1.2070835336334849,0.00021242510953902003,0.0012466612960785133
208983_s_at,4.848277998176471,3.6025833194519232,-1.2456946787245475,2.4056379173348433e-07,2.7422162048917797e-06
208988_at,8.523512195000002,10.02522371498077,1.501711519980768,1.4059649046209736e-12,4.114539331330194e-11
208989_s_at,5.55544395782353,6.8762706129423075,1.3208266551187773,7.761497130182272e-11,1.7192157137508855e-09
208999_at,6.650504610235295,8.233629048336537,1.5831244381012421,3.765564726884858e-15,1.668187964518252e-13
209004_s_at,10.790566663529413,9.186246259134615,-1.604320404394798,1.29017326158577e-08,1.8767688284672107e-07
209005_at,8.578952765882352,6.581668653721154,-1.9972841121611982,2.6404769515318564e-14,1.0405385670588968e-12
209006_s_at,4.9809573785294115,6.713803110096155,1.7328457315667434,7.756261503367357e-10,1.4330704014633953e-08
209007_s_at,8.28968471252941,9.469304433826924,1.179619721297513,7.805647988381438e-07,8.045787753689718e-06
209008_x_at,6.726633789058823,10.705375401634615,3.978741612575792,7.021111829487577e-20,6.7704109989682414e-18
209009_at,9.689486217411764,8.03387845685577,-1.6556077605559931,1.037725344894207e-09,1.8642794857505332e-08
209013_x_at,6.624264097117647,7.670617597788462,1.046353500670815,1.7669094727756644e-05,0.00013661446680071255
209014_at,8.92400870864706,10.299282331153847,1.3752736225067874,1.1521087764486854e-05,9.266218764604466e-05
209016_s_at,4.9266914015882355,8.573983917913463,3.647292516325227,3.141722018006146e-08,4.2900186645173245e-07
209018_s_at,6.795247416764706,5.609786401846154,-1.1854610149185518,1.4022791490588158e-07,1.6754595813590434e-06
209019_s_at,8.860644400352939,7.656903915817308,-1.203740484535631,3.725966658319983e-08,5.015031670639861e-07
209034_at,8.579641341058823,7.281820434509616,-1.297820906549207,9.6950417873425e-08,1.19933292318986e-06
209035_at,4.381597098705883,6.846319229961538,2.4647221312556553,2.6966160404058825e-09,4.4994988342804236e-08
209047_at,7.935828137764705,6.667273004201923,-1.2685551335627823,0.0010214552145939957,0.0049604060999489
209048_s_at,6.754000720411765,8.45328584001923,1.699285119607465,1.3089292649271662e-09,2.3052613859457826e-08
209049_s_at,6.830400754941176,8.087181225384615,1.2567804704434389,8.741548509758114e-07,8.914517490920929e-06
209053_s_at,4.614951937,5.910888307326923,1.295936370326923,5.6828749094707755e-08,7.358615176370236e-07
209054_s_at,5.203054403529412,6.601341735336538,1.3982873318071256,8.579292696485741e-13,2.6042781762040893e-11
209061_at,6.5218014908823525,7.613153821874999,1.0913523309926463,1.195311138384135e-06,1.1795134084590073e-05
209063_x_at,7.829495803058823,6.774170094509615,-1.0553257085492076,1.3041327188298433e-07,1.5650452871814869e-06
209064_x_at,6.355243426117647,8.471080162278847,2.1158367361612003,1.731669807344144e-17,1.1318898971860603e-15
209074_s_at,4.760884987882354,3.168891246528846,-1.5919937413535075,3.3145091298064094e-08,4.5045466582595617e-07
209075_s_at,11.545090414705882,9.985976501499998,-1.5591139132058842,7.43667204143023e-15,3.161106879666827e-13
209080_x_at,7.216986538764706,6.017973542778846,-1.1990129959858598,3.156317491960371e-05,0.00022868532111204715
209086_x_at,8.053961454117646,4.362117964057693,-3.691843490059953,3.195657053426588e-22,4.5778416356684966e-20
209087_x_at,10.079160924764707,7.314596901009616,-2.7645640237550912,8.657348498273667e-14,3.1500628245818566e-12
209090_s_at,9.130149258470587,7.115672186769232,-2.0144770717013545,1.7404120066796198e-12,5.025923117067035e-11
209091_s_at,8.627011515,6.782194832692308,-1.844816682307692,4.623983732331177e-08,6.113672677492813e-07
209094_at,8.174575472,9.34724967976923,1.17267420776923,2.4946950724004573e-05,0.00018527413574165812
209095_at,10.187364463705883,8.208627346567308,-1.978737117138575,3.672893527717725e-10,7.187624806357322e-09
209102_s_at,7.837709427941176,6.8071593513461535,-1.0305500765950226,3.2856014691051258e-06,2.9611103464710806e-05
209110_s_at,7.054891212999999,8.548104065759615,1.4932128527596156,1.3329003859954685e-11,3.349372475471762e-10
209114_at,3.138967237882353,4.721294347923077,1.5823271100407243,0.0007998454662134448,0.0040057593779100386
209116_x_at,11.436081833882353,5.121668277153845,-6.314413556728508,4.5180613095501886e-20,4.451105924439345e-18
209121_x_at,6.78515493982353,7.878524764769231,1.0933698249457011,0.00012952839728859008,0.0008066556818363713
209122_at,10.808159359000001,8.647113286798078,-2.1610460722019234,9.124422501159359e-10,1.6589002521344992e-08
209123_at,9.287167062,7.6113611696826915,-1.6758058923173085,0.0002571751891963441,0.0014790689832610395
209127_s_at,6.824412333647058,7.916715631759615,1.092303298112557,1.7168687473890336e-08,2.4575132274782603e-07
209135_at,11.499533632941178,9.898954432442308,-1.6005792004988706,1.3157091843768442e-05,0.00010461843178045421
209147_s_at,9.349642060294117,6.743646009673077,-2.605996050621041,6.992149895184613e-15,2.986107583171213e-13
209153_s_at,8.264380417411765,9.655816627124999,1.391436209713234,3.60634840238509e-08,4.869946345587017e-07
209160_at,11.868731358411765,7.507332268057693,-4.361399090354071,5.040695089855473e-14,1.909202618384607e-12
209163_at,4.9578769817058825,7.311238231403847,2.353361249697964,4.1298999071996864e-13,1.3337621718050396e-11
209164_s_at,6.050841788294117,8.987292871182692,2.936451082888575,4.1228986148270103e-20,4.083914401064309e-18
209172_s_at,3.3406351412941175,5.298965333971154,1.9583301926770362,2.8494813898432066e-11,6.782461612570972e-10
209173_at,5.271660915588235,9.613165886586538,4.341504970998303,9.466887333311818e-08,1.1737692952404036e-06
209177_at,8.943772879058823,7.886293987173076,-1.0574788918857472,1.6096745159908288e-05,0.00012556013349758962
209179_s_at,5.630759740705883,7.133651290932692,1.502891550226809,6.537190773749692e-12,1.7186576842027187e-10
209182_s_at,6.204568644882353,3.2373181208942308,-2.967250523988122,2.1815879328267057e-19,1.9392327000936284e-17
209183_s_at,10.02774034982353,6.622042167201924,-3.405698182621606,2.1986931244159462e-12,6.237134721283676e-11
209184_s_at,8.243580217058824,6.038844618096154,-2.20473559896267,3.0078786949573677e-10,6.000256260675372e-09
209185_s_at,9.261159028764709,6.385827705528846,-2.875331323235863,5.570740321508277e-10,1.0553468795820904e-08
209186_at,5.599334774529411,7.770533205086538,2.1711984305571272,4.23265407780211e-17,2.619206654335163e-15
209189_at,10.329546826235296,6.800393955028846,-3.52915287120645,9.107434302894369e-10,1.656685439792793e-08
209190_s_at,7.004275298764706,8.265571361173077,1.2612960624083707,5.273611857889473e-11,1.1992852566322897e-09
209191_at,10.876229356764705,8.781179987778845,-2.09504936898586,1.4079218051431185e-09,2.4700406365447207e-08
209193_at,6.705773367176469,5.69668108710577,-1.0090922800706998,4.1047768656904845e-05,0.0002890396291478789
209196_at,5.06577342217647,6.1799250349423085,1.1141516127658386,2.9263624970787368e-08,4.022108756687494e-07
209199_s_at,7.760931445529413,6.2246121233076925,-1.5363193222217202,4.113549779741354e-07,4.483095715425387e-06
209209_s_at,7.187134972529411,3.6557243545480773,-3.531410617981334,2.8415805330348957e-27,8.862321366429233e-25
209210_s_at,11.85030083547059,8.701537189413463,-3.1487636460571267,1.0388382513618001e-16,5.962013976979568e-15
209212_s_at,3.1950462431764706,4.331625217115384,1.1365789739389136,0.0036202228388418634,0.014807264862196497
209215_at,5.813209272117648,7.4356238100096155,1.6224145378919674,2.5104622813700103e-09,4.215954487842886e-08
209218_at,4.559899886647059,7.994099549894231,3.4341996632471723,1.0994713354327422e-14,4.5460640921654267e-13
209220_at,6.959054778823529,3.4980085123749998,-3.4610462664485295,1.5056997544221487e-20,1.5957201339146886e-18
209238_at,3.8143079799411765,5.615911974173077,1.8016039942319004,2.8867643918092627e-10,5.781897751947074e-09
209248_at,10.739408822294118,9.6860052135,-1.0534036087941185,1.2794760681907508e-06,1.2539508767423772e-05
209262_s_at,7.133356038705881,8.54087271625,1.4075166775441188,7.079393768899572e-07,7.359737762147995e-06
209263_x_at,8.254563087470588,7.047625995413461,-1.2069370920571272,1.246644743970558e-06,1.2252948582958595e-05
209264_s_at,4.54907017882353,3.501421813326923,-1.047648365496607,3.5631642559985026e-07,3.935126303685599e-06
209272_at,8.376013957294118,7.229463276326923,-1.146550680967195,3.041931244980221e-05,0.00022127250250860044
209274_s_at,8.372943799705881,7.017509192711539,-1.3554346069943426,1.4160612343634988e-06,1.3748695873407582e-05
209276_s_at,8.30124767347059,6.546149703173077,-1.7550979702975127,9.858747195080163e-07,9.938687904696717e-06
209278_s_at,6.4046723482352945,4.415223220990384,-1.9894491272449102,0.000808597509559588,0.004044395479678588
209282_at,4.4379876668823535,5.890981060576923,1.4529933936945696,3.8344900838066695e-09,6.228649829883459e-08
209283_at,11.013830065058825,6.326577430586538,-4.687252634472286,2.2683360104377285e-17,1.4548003656131702e-15
209291_at,9.506268023,7.543021724980769,-1.9632462980192313,0.0004616033565786924,0.0024821526698234927
209292_at,6.824171563941176,4.941027476788462,-1.883144087152714,0.000660719877512366,0.0033895507279582127
209297_at,9.239318283941175,6.360259047259614,-2.8790592366815613,4.958830711283342e-17,3.0240002390070783e-15
209298_s_at,8.073907525529412,4.564912585942308,-3.5089949395871045,4.051279185765132e-16,2.076194992299297e-14
209302_at,7.9199268236470575,9.198075310125,1.278148486477943,7.497628753842376e-13,2.3054258014420452e-11
209303_at,7.578275545294118,6.083964000788462,-1.4943115445056563,1.6568886147744394e-11,4.091915099808784e-10
209308_s_at,7.429027777058824,6.305462215173076,-1.1235655618857479,2.565711231670123e-10,5.182603749567862e-09
209310_s_at,7.5600846801176464,6.379721098682692,-1.1803635814349542,0.0002019837827221521,0.0011929523728159658
209311_at,7.505511640294118,6.189905510384615,-1.3156061299095034,9.596899474359903e-07,9.699799563168316e-06
209317_at,6.279404754117647,7.707641670971155,1.4282369168535078,2.2261078852131246e-13,7.527803114439104e-12
209318_x_at,7.507687046705882,5.381133305134615,-2.126553741571267,3.8721156330824984e-07,4.23859204047352e-06
209324_s_at,4.417778321352941,5.548692736298076,1.130914414945135,0.0008886937279741836,0.004389106413818023
209326_at,6.2261715774117645,8.534578516192308,2.3084069387805437,9.266477229779205e-17,5.3803729864268e-15
209335_at,11.488055863705881,8.811040684557693,-2.6770151791481887,8.374813532224252e-09,1.2654732773401646e-07
209341_s_at,7.124886117058823,8.52779379076923,1.4029076737104074,1.1311312422099273e-06,1.1255426083605401e-05
209342_s_at,3.0269030905882355,4.250674771076924,1.2237716804886887,1.0996670176773933e-05,8.892980613100379e-05
209343_at,6.5762142522941165,9.447215533634616,2.871001281340499,2.1457199501139068e-08,3.016776124607597e-07
209348_s_at,9.741377061647059,7.669488232730769,-2.07188882891629,1.5700939405413203e-10,3.2858189103069295e-09
209355_s_at,8.193272695352942,5.364487063538461,-2.8287856318144806,9.703771643525715e-09,1.4458699222822548e-07
209356_x_at,8.011381496352941,6.634797400846154,-1.3765840955067867,5.035996934969462e-07,5.386237051022894e-06
209357_at,8.263153532764706,6.631522315336539,-1.6316312174281675,9.703325632064877e-07,9.79648186593542e-06
209360_s_at,6.30885591717647,8.497081373971154,2.188225456794684,3.2163221930217614e-15,1.4424293259896033e-13
209366_x_at,11.739715195941175,9.858074706009615,-1.8816404899315593,4.7030311762558947e-07,5.067852686453514e-06
209379_s_at,7.95234264,6.927548860673077,-1.0247937793269237,3.970214629205204e-05,0.000280423463378559
209380_s_at,3.897570828823529,5.749875798817309,1.8523049699937797,2.7534344969320323e-07,3.1062360770577383e-06
209384_at,8.922351548823528,7.901212491798077,-1.0211390570254508,0.0008583586839531056,0.004259716185804378
209386_at,9.329810090117647,10.396578371624999,1.0667682815073523,0.01423057776461883,0.04644723740073742
209392_at,10.938498074000002,7.351954471721154,-3.586543602278848,9.0827075716657e-10,1.653519334736298e-08
209403_at,4.789218244705883,6.854799431730769,2.065581187024886,5.171883364066572e-09,8.134761444593356e-08
209406_at,3.7311844110588233,2.6682809967307692,-1.062903414328054,5.8669155963668463e-05,0.0003978262968494299
209408_at,3.2915507551764702,6.044955125442309,2.7534043702658386,1.271635777293673e-10,2.7005684470393533e-09
209411_s_at,6.758788141647059,7.769148369346154,1.0103602276990946,7.740894983191733e-06,6.447280746034207e-05
209431_s_at,6.337361003411765,7.911774400173077,1.5744133967613125,8.940144345785603e-13,2.704790123329448e-11
209433_s_at,5.206488754176471,7.296444421336537,2.0899556671600665,1.9069309058840497e-13,6.526243672089697e-12
209434_s_at,4.2679119051764705,5.304195057634615,1.0362831524581448,7.375961100439203e-06,6.168749324254846e-05
209436_at,8.092164322235293,5.7794732421249995,-2.3126910801102936,6.373673511333003e-08,8.169768120597557e-07
209439_s_at,6.831225542647059,5.756962033701924,-1.0742635089451351,9.797859094146163e-06,8.002953479488228e-05
209442_x_at,5.2127702568823535,6.869695113298078,1.6569248564157242,2.245532132955605e-08,3.1473779734099633e-07
209452_s_at,9.73711866264706,7.5725833597307695,-2.16453530291629,1.1030476730052272e-17,7.482509791237193e-16
209453_at,5.126833125764706,6.143650203798076,1.0168170780333705,1.4940617690467851e-09,2.6119281644075747e-08
209457_at,3.7900193507058817,4.881971946432692,1.0919525957268106,0.0007119299748711945,0.0036148875335840474
209458_x_at,9.788821748117648,4.449311266240385,-5.339510481877263,6.7453836345362825e-25,1.3998338151686532e-22
209460_at,6.528236461529412,7.87664244725,1.3484059857205883,0.002706168393283384,0.011548984653766033
209471_s_at,7.817785624941178,6.2656986818269225,-1.5520869431142552,3.0898115195762653e-06,2.800844094451968e-05
209478_at,8.164773918470589,9.381492598000001,1.2167186795294125,1.8846663818532816e-07,2.1946491669547742e-06
209479_at,7.367711211117647,6.324982064442308,-1.042729146675339,3.5145433811718335e-05,0.00025160055509047417
209481_at,8.802493308411764,7.534129328307693,-1.2683639801040707,1.5908560280077599e-07,1.8772678643049184e-06
209485_s_at,8.370951573235295,7.128252075471154,-1.242699497764142,0.0002644254952068628,0.0015161339534505059
209487_at,9.415626059352942,8.211141219798078,-1.2044848395548637,0.0009925114714395562,0.0048362006606284735
209488_s_at,7.5725775214705875,5.272670893432694,-2.2999066280378937,4.7305801940632635e-08,6.239482075896544e-07
209493_at,8.818433132117647,4.766234677336539,-4.0521984547811085,3.276152425921503e-16,1.711092088558562e-14
209496_at,11.486348365647059,8.180142665230768,-3.3062057004162906,2.89386566398179e-15,1.3129201502449052e-13
209498_at,4.148122657352942,5.7814494578557705,1.6333268005028287,3.330075558018869e-05,0.00023990521895606105
209502_s_at,4.733957802823529,6.237761691557693,1.503803888734164,1.515486875663334e-08,2.182421060338499e-07
209504_s_at,2.9003243098235294,4.42721677285577,1.5268924630322407,0.0003202228249866197,0.0017977207945839041
209512_at,8.167878601470589,4.725037126134615,-3.4428414753359737,3.202841728039847e-18,2.3654654759768174e-16
209513_s_at,10.596241140352943,7.989085157519231,-2.607155982833712,3.885539858775753e-16,1.9950035743379287e-14
209529_at,3.9349894294705887,6.446071843259616,2.511082413789027,2.662051148517032e-12,7.447057387745315e-11
209539_at,10.781806537235296,8.671448462067307,-2.110358075167989,6.041825548769782e-10,1.1386629717759181e-08
209540_at,9.210220594764706,5.137704682673077,-4.07251591209163,4.666513992351434e-17,2.8681719277989746e-15
209541_at,9.743574774058823,5.047218233192307,-4.696356540866516,4.294178021370397e-16,2.188346799517973e-14
209542_x_at,8.887320553705884,5.0162699854615385,-3.8710505682443452,1.4281165557018897e-20,1.5283367351696751e-18
209543_s_at,4.467682134294117,2.9994292649423073,-1.4682528693518098,5.275343368396404e-20,5.150679171801562e-18
209550_at,9.223002577588236,6.240045748028846,-2.98295682955939,7.827993170150914e-15,3.309403867030726e-13
209554_at,3.503700030470588,2.4882599874519227,-1.0154400430186654,1.3000431231310435e-20,1.3995079608948565e-18
209555_s_at,12.137146829882354,5.678954303490385,-6.4581925263919695,1.8702205316269683e-16,1.015669317369834e-14
209558_s_at,5.499562250882354,7.364152757740385,1.8645905068580308,1.2408503469519922e-12,3.656823492780388e-11
209567_at,6.393442388705882,7.415830709711538,1.0223883210056561,1.728863566696943e-06,1.650798541055851e-05
209568_s_at,9.421949924647057,7.611629103490386,-1.8103208211566715,4.4775496164855447e-10,8.620112187589579e-09
209574_s_at,4.378889009058824,5.6724212435673085,1.2935322345084845,1.5233696283123875e-05,0.00011940828801330145
209576_at,7.756367958294118,4.037001674134616,-3.719366284159502,8.82470804066913e-22,1.166207603272834e-19
209581_at,9.885944732941178,6.566951528557693,-3.318993204383485,5.5868822062034276e-11,1.2652549540762525e-09
209583_s_at,5.667297486352942,4.632288967817308,-1.0350085185356344,9.581582488466463e-05,0.0006182941483069414
209596_at,8.16700212582353,9.949636584442308,1.7826344586187783,3.663187832167457e-08,4.937839681201967e-07
209602_s_at,5.851110334294118,9.666349480826922,3.8152391465328037,8.933513706186766e-12,2.3010016260970624e-10
209603_at,5.202696832294118,9.641728236461539,4.439031404167421,2.0828465604613417e-12,5.93627584456499e-11
209604_s_at,7.751121835117648,11.470355029548076,3.7192331944304273,1.3691458082182208e-12,4.017559627244208e-11
209605_at,9.511280940176471,8.155773324490385,-1.3555076156860864,4.975595846345137e-05,0.0003430558940091855
209610_s_at,5.987653979882353,7.762157554951923,1.77450357506957,2.4523378412843756e-05,0.0001824511273711286
209612_s_at,11.863514457235294,5.218610002471154,-6.64490445476414,8.114484359631702e-19,6.710309725217252e-17
209613_s_at,11.832515501235294,5.361821659221155,-6.470693842014139,1.1862730114817183e-15,5.689419568862978e-14
209614_at,8.689613725941175,3.3519072396826926,-5.337706486258483,1.2315416470446857e-28,4.541642672571074e-26
209616_s_at,9.901195037705882,4.905200459586538,-4.995994578119344,3.7603884526431776e-21,4.500838626245878e-19
209647_s_at,5.113937777411764,6.148591558471154,1.03465378105939,1.4606432971925325e-05,0.00011503842201313157
209655_s_at,7.905467227470588,6.256869851365384,-1.6485973761052035,2.754206473676512e-09,4.5843804552238595e-08
209656_s_at,9.323595802235294,7.299289556701923,-2.0243062455333716,1.7839172845890015e-06,1.700094665192651e-05
209663_s_at,5.746141839705882,2.8522937579519234,-2.893848081753959,9.78300531576356e-27,2.6697332356452963e-24
209676_at,3.7768640479999998,2.7540927027307687,-1.022771345269231,0.0004718669184765443,0.002530610645920341
209679_s_at,4.21564018335294,5.362718282326923,1.1470780989739824,0.000594507230231768,0.0030940793476513457
209680_s_at,4.036978632941176,5.278185905086537,1.2412072721453606,7.851847527172962e-08,9.906287244234236e-07
209683_at,4.851590441470588,2.9148432765384618,-1.9367471649321262,1.5326854978875874e-15,7.230115971409388e-14
209686_at,8.56258098582353,3.1983875929807697,-5.36419339284276,4.539834563316219e-20,4.464497849211458e-18
209687_at,11.431509528764705,8.099030048971153,-3.3324794797935517,1.69943233570677e-10,3.538852249162144e-09
209695_at,4.247696010117647,5.972427406326924,1.7247313962092772,3.0325703138174447e-07,3.3951724134942013e-06
209699_x_at,12.252298509823529,6.312034437615385,-5.9402640722081435,1.2322006439209986e-16,6.983621904939168e-15
209710_at,6.110911188705882,7.132237405778846,1.0213262170729642,0.0037831524422205676,0.015379165584981109
209711_at,5.363847472,6.4098356157019225,1.0459881437019227,4.288280111416592e-06,3.7768281458932734e-05
209714_s_at,3.402783250117647,5.040476350605768,1.6376931004881214,4.6444695389679355e-06,4.058445452566938e-05
209717_at,6.777487125117648,5.54723644701923,-1.2302506780984173,1.1841747094089273e-10,2.532565496270762e-09
209732_at,8.890946230764706,6.830914109153846,-2.0600321216108606,1.6632923375322953e-10,3.4675642662404564e-09
209733_at,5.965194602117647,4.884951640701923,-1.080242961415724,6.985425822892202e-12,1.8303291214000648e-10
209737_at,5.935581382823529,4.1423538420961545,-1.7932275407273748,7.487746426602414e-07,7.750677030744305e-06
209758_s_at,8.20872161582353,5.1222487029807695,-3.08647291284276,2.773421982827371e-11,6.612957553548934e-10
209763_at,11.043551699235294,5.573823437326923,-5.469728261908371,1.902862518463029e-15,8.816327113344113e-14
209771_x_at,8.55060346952941,12.720348408846151,4.169744939316741,2.27723866770319e-17,1.4570856886819743e-15
209772_s_at,5.394287648352941,7.754049635144231,2.3597619867912893,4.017385617658649e-08,5.371506360269264e-07
209773_s_at,3.6121811527647063,7.482265504163461,3.870084351398755,2.0797112417831613e-13,7.0854282063222955e-12
209774_x_at,6.471401083588235,4.081253286451924,-2.3901477971363114,6.154702994596437e-09,9.540401441126921e-08
209782_s_at,5.752812921117647,4.696338994788461,-1.0564739263291854,0.0024933521303484953,0.010758531577380864
209784_s_at,5.020155770352941,6.105405423990385,1.0852496536374439,5.213462186798977e-05,0.00035791893420541055
209788_s_at,7.243603275117647,6.005482733451923,-1.2381205416657242,1.1604760871662843e-06,1.1504872160964906e-05
209789_at,4.120060371882353,2.360028003509615,-1.760032368372738,9.6565610114154e-24,1.756818144806804e-21
209791_at,4.36999531082353,6.392806045173076,2.0228107343495463,0.00011899010725555096,0.000748370714899829
209795_at,5.857837541647059,4.696636402586538,-1.1612011390605206,0.004808792582876765,0.018831821079201474
209797_at,7.687312695352942,8.688376664798078,1.001063969445136,4.58991220298508e-07,4.958581610767406e-06
209803_s_at,5.409253865294118,7.932005218038461,2.5227513527443435,4.045270273102154e-08,5.406141190882528e-07
209806_at,7.704085672352941,9.353852622384615,1.6497669500316734,0.00011769545871424284,0.0007409112388886575
209818_s_at,5.938697073411765,4.332123204288461,-1.606573869123304,2.8180374390213416e-31,1.7281535436443348e-28
209821_at,5.488376570647059,3.167112072153846,-2.321264498493213,9.588762282303518e-13,2.883443838048726e-11
209822_s_at,8.155975241235293,4.912317832769231,-3.2436574084660617,1.7694605306214438e-11,4.352203077998548e-10
209825_s_at,5.167582245588235,6.596426098990384,1.4288438534021486,1.5203408404036512e-06,1.4660544651659165e-05
209833_at,5.3959540744117644,4.381231665798077,-1.0147224086136877,9.471403446657447e-09,1.414335783078295e-07
209838_at,6.712930504117647,5.580315634759615,-1.132614869358032,9.110162849112265e-06,7.492820647102144e-05
209840_s_at,6.495126405647059,2.753734907240385,-3.741391498406674,1.625239108218789e-27,5.279995552825791e-25
209841_s_at,7.743406836117647,3.903394546692307,-3.8400122894253403,7.665856297721245e-23,1.198838885023862e-20
209850_s_at,6.528042176411764,5.153434509432693,-1.3746076669790712,5.888865172230978e-19,4.952363208554616e-17
209868_s_at,6.869748997117647,5.040602243442308,-1.8291467536753387,4.949419453111854e-08,6.490494097342428e-07
209869_at,8.146128232294117,4.651527659192308,-3.4946005731018097,2.423352425387451e-13,8.144344336528428e-12
209875_s_at,6.035909562705883,8.953561468740386,2.9176519060345028,9.132908617282066e-07,9.27721979197167e-06
209877_at,3.9460916418235295,2.6970620480673073,-1.2490295937562221,1.0410345088996053e-13,3.723369754995515e-12
209885_at,4.611159284705883,5.641920844192308,1.0307615594864252,0.00036193455884199135,0.0019991930257096495
209890_at,5.629643275588235,7.624251655692309,1.994608380104074,2.253705356010168e-07,2.586934400756299e-06
209894_at,9.667366899588234,6.706744309423077,-2.9606225901651575,9.303683170524009e-13,2.8023494688964123e-11
209895_at,5.467266450470588,3.836620255894231,-1.6306461945763573,8.879900623646911e-18,6.107428208971335e-16
209896_s_at,8.15582289217647,6.692730850086538,-1.463092042089932,2.840529097148227e-14,1.1153470330449862e-12
209897_s_at,6.622127459705883,5.433540953346154,-1.1885865063597292,2.242574047223059e-05,0.00016847549748573616
209905_at,6.213412739235294,5.083870933528846,-1.129541805706448,0.00022216411809648136,0.0012971218872045204
209911_x_at,4.765255836764705,7.814543566740385,3.0492877299756795,8.491167654103219e-11,1.863447685537996e-09
209919_x_at,4.709205099294117,6.1708497455096145,1.4616446462154977,0.0003611913123758781,0.0019958955794434595
209921_at,3.045540751117647,4.399909169096154,1.354368417978507,2.7153837914390317e-05,0.00019962679411766014
209939_x_at,8.34239435317647,7.1033394830769225,-1.2390548700995474,2.7495792380748313e-06,2.5166742450928427e-05
209946_at,7.255577440294117,5.644921981269231,-1.610655459024886,3.7341472041869654e-08,5.023564709325127e-07
209949_at,6.09203210017647,5.001764385605768,-1.090267714570702,0.0034439016574091576,0.01417638649669918
209959_at,4.91302751082353,3.403607491682693,-1.509420019140837,5.358584319740677e-08,6.969269726928398e-07
209960_at,4.900088422352941,3.840187401778846,-1.0599010205740953,8.289532504415434e-05,0.0005424222450047835
209969_s_at,7.125445762058824,9.043581813740385,1.9181360516815609,5.784342948130637e-07,6.1194738082190735e-06
209970_x_at,6.042919744764706,4.834178541932692,-1.2087412028320141,0.00025077493334883365,0.0014456110147070124
209974_s_at,9.586495520470589,10.606993069365384,1.0204975488947952,4.550807810173455e-08,6.027142428329459e-07
209980_s_at,4.969178288529412,2.687607664192308,-2.281570624337104,2.3472852759895565e-19,2.0673764956768714e-17
210002_at,6.222035473058823,5.090397212442308,-1.1316382606165156,0.002732966637936962,0.01165150649366985
210006_at,7.190559122647059,5.644170608096155,-1.5463885145509044,6.338568368852758e-07,6.655496787295396e-06
210010_s_at,6.863356935117647,5.669981852153847,-1.1933750829638,0.0005649965689303707,0.0029611050255089976
210024_s_at,8.66219641217647,7.266830334942308,-1.3953660772341623,0.00044285412763783483,0.002393833359645973
210026_s_at,6.210012716823529,7.38168455101923,1.1716718341957009,0.0022707053013389595,0.00992457702639904
210046_s_at,7.978477041176469,9.246115296471153,1.2676382552946839,4.097380773330186e-05,0.00028855605835817835
210052_s_at,3.5636348054705884,5.961697240846154,2.3980624353755653,9.366604215315207e-10,1.6978408883018556e-08
210056_at,4.057000901529412,5.289669955076922,1.23266905354751,0.00013721635551768667,0.0008482423227771911
210058_at,3.666037148,6.196964955759616,2.530927807759616,1.767310861877141e-14,7.113426219055493e-13
210059_s_at,4.526333419882354,7.253389941951923,2.727056522069569,3.262634564048655e-16,1.705664098383252e-14
210069_at,6.904367474058823,8.57718237525,1.6728149011911775,7.670064698746461e-07,7.919494158018976e-06
210070_s_at,3.7015842177647063,4.783834260682692,1.0822500429179858,2.869725630847069e-05,0.00020995543593297877
210075_at,7.656534416705883,5.8702286143269236,-1.7863058023789593,8.350106376014154e-14,3.0443584228221543e-12
210078_s_at,6.287025756294118,3.7211337480865385,-2.5658920082075793,1.9115167314746676e-18,1.47356880914062e-16
210089_s_at,7.423852330823529,4.697231003038461,-2.7266213277850673,2.627056651153074e-27,8.240352009384117e-25
210096_at,7.224864347352941,4.99990378564423,-2.224960561708711,0.0007074270644938281,0.0035954395027617612
210101_x_at,8.367081779235294,6.425373909413461,-1.9417078698218324,4.0867632956779303e-10,7.932128517596222e-09
210105_s_at,8.238758243176472,6.624930126211539,-1.6138281169649327,1.8136443167661864e-08,2.5822300744316514e-07
210106_at,8.298199083235295,3.7877219352115383,-4.510477148023757,1.7431475167303455e-33,1.5596598084528777e-30
210108_at,2.7656033372352944,4.9029373095,2.137333972264706,1.6177461051228413e-05,0.00012615368577153816
210117_at,3.3559741861764705,4.899047699163462,1.5430735129869912,6.846529238207569e-07,7.142139130201279e-06
210125_s_at,8.221016303176471,9.248257553586539,1.0272412504100679,3.8761421794766365e-07,4.24214886732816e-06
210130_s_at,6.831806549941176,4.763726599701923,-2.0680799502392535,2.7250867207075906e-07,3.0787105802007783e-06
210135_s_at,4.327012686529412,2.8113898112115385,-1.5156228753178733,3.973512428457465e-11,9.228524886501276e-10
210139_s_at,11.40050783817647,10.286465912903846,-1.1140419252726232,0.001549428740671699,0.007127372207089816
210145_at,6.905733811882352,3.5304336071153846,-3.3753002047669676,2.901900253752944e-16,1.5317486842319336e-14
210150_s_at,5.759314239352941,7.766185225951923,2.006870986598982,8.072644905663175e-14,2.9550428323688156e-12
210155_at,4.94456927,2.416099504701923,-2.5284697652980768,2.3662464810092203e-19,2.079667740531437e-17
210163_at,2.3832745054117646,3.893098885192308,1.5098243797805435,0.0016166088547753107,0.007388452075429717
210168_at,4.473802245411766,2.4410469232788463,-2.0327553221329193,3.275986061111458e-20,3.2988937865203366e-18
210172_at,4.865805383705883,6.501266921144231,1.6354615374383483,3.1061276517936166e-09,5.1248289331089416e-08
210198_s_at,3.9193943744705884,2.679356729365384,-1.2400376451052044,8.379006775575317e-07,8.575153088901117e-06
210201_x_at,7.380498257823529,5.032230781913461,-2.3482674759100677,1.1266367308556255e-13,3.9954974745529035e-12
210202_s_at,7.1538407198235285,4.910179086557692,-2.2436616332658366,6.609475349107829e-17,3.938193832739696e-15
210210_at,4.868060962764706,6.218500258711539,1.350439295946833,2.8758274871418045e-09,4.76791580864862e-08
210220_at,6.135067217588236,7.638192032701924,1.5031248151136882,3.476256885814128e-07,3.847710901862691e-06
210235_s_at,3.946847495352941,5.079300768759615,1.1324532734066741,4.7206543079300655e-05,0.0003274638935847929
210239_at,5.218227909470588,8.084518676067308,2.8662907665967197,4.806924745347843e-10,9.199058403798735e-09
210243_s_at,5.4125485796470585,6.843166690192307,1.4306181105452485,1.9239251758244275e-08,2.726718051709204e-07
210247_at,4.4791688384117645,2.591435394673077,-1.8877334437386875,2.6364307929339982e-21,3.226317404653468e-19
210253_at,3.7263125504705883,4.829825764913462,1.1035132144428736,0.003685152243264836,0.015035652559254802
210260_s_at,8.739052045647059,6.61980438725,-2.1192476583970583,4.6146224223717826e-08,6.104252961479145e-07
210272_at,2.623006946352941,4.54625863973077,1.9232516933778285,0.006746371483098011,0.02505001763222031
210282_at,5.0532959001764715,6.225337624307693,1.1720417241312218,7.080298468958743e-08,9.001528305085004e-07
210283_x_at,7.516203883647059,6.3875882511634625,-1.128615632483596,3.795055704592217e-07,4.1634240261495195e-06
210285_x_at,5.5331005366470585,4.448504088778845,-1.084596447868213,6.976715357639991e-09,1.072021811668449e-07
210298_x_at,7.997531235058823,2.5352203131346154,-5.462310921924207,4.81818098010289e-34,4.781299994782466e-31
210299_s_at,10.218745082764706,4.1601168939711535,-6.058628188793552,1.0427623868887307e-26,2.831488970845773e-24
210330_at,3.692546113882353,2.5846020095288464,-1.1079441043535065,5.933665802635761e-17,3.570601387453772e-15
210336_x_at,5.709405859411765,6.722714765067309,1.0133089056555438,2.6945334181050352e-05,0.00019830763137372535
210374_x_at,6.938083594882352,4.123954215759615,-2.814129379122737,1.6519083981070296e-26,4.441355096565693e-24
210375_at,8.583176107470587,4.665788072807692,-3.9173880346628946,4.836330317187171e-18,3.468621187670941e-16
210385_s_at,7.012607769588236,5.715175115653846,-1.29743265393439,3.109971899033765e-05,0.00022559696474928746
210387_at,3.428707554823529,5.643047964682693,2.214340409859164,2.2286552067569563e-05,0.00016752206656051223
210397_at,4.714048926058824,3.5431143833365386,-1.1709345427222857,0.007175235231338318,0.026410653067926497
210428_s_at,6.451358215882353,7.469761261509614,1.0184030456272612,7.276834532885694e-06,6.097057905593618e-05
210469_at,3.3038182969411767,5.188727180826922,1.8849088838857457,1.190452951386578e-06,1.175782331410207e-05
210470_x_at,6.800099851,7.914121975009615,1.1140221240096153,1.0685345053043576e-08,1.578468961437071e-07
210480_s_at,3.5576014903529414,5.242029679778846,1.6844281894259048,2.972779284224933e-09,4.924167543360019e-08
210495_x_at,9.457415337294117,11.760470834365385,2.303055497071268,2.47663001410736e-09,4.165546673034379e-08
210510_s_at,6.27844901417647,4.419910424923076,-1.8585385892533939,3.866560334564502e-07,4.233360010034021e-06
210511_s_at,3.6799034251764713,7.40563765985577,3.7257342346792983,8.153857744868996e-18,5.669164354868852e-16
210517_s_at,8.755048060058824,4.817634183701924,-3.9374138763569,1.1749182197629273e-21,1.5194898878937417e-19
210519_s_at,9.592453747941178,8.380873571557693,-1.2115801763834853,0.009519386137314982,0.03338421743805914
210544_s_at,5.726963430764705,3.7950063673942314,-1.931957063370474,4.2293916884995117e-16,2.1613854772154948e-14
210554_s_at,8.313941425941177,9.47090389526923,1.156962469328052,3.0847604472814185e-11,7.294763451133992e-10
210559_s_at,3.6938257161176473,4.931304945153847,1.2374792290361993,9.935122349036498e-06,8.10194925022182e-05
210563_x_at,8.148866271294118,6.4413088545,-1.7075574167941179,8.972930807880158e-08,1.1183685557508362e-06
210564_x_at,6.902967120764706,5.381673371038461,-1.5212937497262446,7.252394767876888e-14,2.6781356835991387e-12
210582_s_at,3.4040192115882353,4.7103805360192315,1.3063613244309962,2.128311087983104e-09,3.6209816356306056e-08
210589_s_at,7.373022393470587,8.477519672346155,1.1044972788755674,7.817699562754983e-08,9.872332818963542e-07
210612_s_at,3.0198754524705884,4.666455024288462,1.6465795718178735,1.0455369121865082e-09,1.8764998069788698e-08
210627_s_at,4.60498296182353,5.673591186615384,1.0686082247918538,4.458894858218227e-07,4.826696201243408e-06
210640_s_at,6.1006577713529415,4.077098631682692,-2.0235591396702493,1.2633115923572827e-09,2.2321231272019465e-08
210644_s_at,6.664990377058823,4.384574390971154,-2.280415986087669,8.71883472823039e-11,1.90804041953523e-09
210648_x_at,12.444207084705882,10.962885864269232,-1.4813212204366497,5.895953320636112e-13,1.8600880710231116e-11
210652_s_at,4.312483110705882,6.674294931990385,2.361811821284503,2.106168409747995e-07,2.4330878255200975e-06
210653_s_at,5.468876796411765,4.065980269153846,-1.4028965272579192,4.912563011294861e-09,7.762672652801823e-08
210664_s_at,7.303379799647058,5.3800651259230765,-1.923314673723982,2.902455614496092e-05,0.00021217937983335414
210665_at,4.178012844352941,2.8288250361153846,-1.3491878082375566,0.00034931874339587865,0.0019404094178535935
210667_s_at,4.009505904764706,2.9979918800480765,-1.0115140247166292,7.967121490704326e-07,8.195203992483065e-06
210678_s_at,8.634201557529412,5.87563697864423,-2.7585645788851823,2.7673590291665385e-26,7.158279073596232e-24
210681_s_at,6.198824028529412,5.101658929192308,-1.0971650993371043,4.996439236271151e-08,6.545863107931905e-07
210693_at,3.5268503262941175,4.74505313389423,1.2182028076001128,1.846676833816776e-10,3.8184163095982425e-09
210694_s_at,5.353505450588236,6.883358520249999,1.5298530696617627,7.156193783646656e-11,1.5974556258390629e-09
210701_at,3.2956100590588235,4.469033847605769,1.1734237885469456,1.4222646666649948e-05,0.00011227333416532941
210715_s_at,6.782853408764706,10.981785466355767,4.198932057591061,7.113159895586217e-27,2.0279097874833316e-24
210716_s_at,3.8911138871764708,2.7587275420865387,-1.132386345089932,3.8407207997586794e-14,1.4835293738855554e-12
210719_s_at,7.1782712570588245,8.582503792336539,1.404232535277714,1.892187886784531e-09,3.24046823573307e-08
210720_s_at,6.333157882823529,7.533113786307693,1.199955903484164,0.0008655605654621323,0.00429038507877193
210735_s_at,2.6662758091176473,3.977201001317307,1.3109251921996599,0.00012788628045532098,0.0007975211724144155
210740_s_at,9.994894967823528,8.805136482865386,-1.1897584849581424,1.5080845299847286e-07,1.7905100187521538e-06
210746_s_at,4.015135786529411,2.3281675719326924,-1.6869682145967189,1.5826477775037183e-25,3.6293837415283803e-23
210749_x_at,5.726145826588235,8.073999926548076,2.347854099959841,1.8290907323097278e-13,6.286520345008352e-12
210751_s_at,4.908199900823528,2.7456929216442303,-2.162506979179298,6.366746185070927e-19,5.32144931140867e-17
210752_s_at,3.6695117589411765,2.5357681690769236,-1.133743589864253,1.737963960041483e-14,7.01081559313408e-13
210757_x_at,6.8193282718235295,4.803915295682692,-2.015412976140838,1.0723773444687198e-08,1.5831561559036585e-07
210762_s_at,8.352211551882354,5.207282191442308,-3.1449293604400452,1.187974224060024e-15,5.692576398153824e-14
210764_s_at,7.527295466058824,5.593422332057691,-1.933873134001133,1.7576081933902748e-08,2.5112172143206233e-07
210774_s_at,12.465093847647058,11.409169730692307,-1.0559241169547509,9.808338722612496e-07,9.891524743929553e-06
210776_x_at,7.329646894823529,8.469443984701922,1.1397970898783925,1.064297424482826e-08,1.5733556102613263e-07
210785_s_at,4.237130249529412,3.2228968209711537,-1.0142334285582582,0.00012036271706242476,0.0007556519961678204
210791_s_at,4.566766299058823,6.5036910634230765,1.936924764364253,1.4009504593168503e-08,2.0281823639006465e-07
210807_s_at,6.360376610529412,2.6807695379903844,-3.679607072539028,2.3472926214493305e-34,2.6145486527772043e-31
210809_s_at,9.237904396941175,11.471868332692308,2.2339639357511327,9.840981493364007e-06,8.03336716910431e-05
210827_s_at,4.964329763764706,7.374508523240385,2.410178759475679,8.370951886724218e-13,2.5438651616120327e-11
210829_s_at,5.350904322588235,4.267120244269231,-1.0837840783190043,3.718645537497993e-05,0.0002646843437546987
210831_s_at,5.272403849294117,2.5722092701442305,-2.700194579149887,3.109107226327188e-29,1.3457185168836868e-26
210832_x_at,6.289031914764706,2.9388602839615383,-3.350171630803168,9.102486536135089e-32,6.13339027970021e-29
210835_s_at,9.026113264588234,10.586178433826923,1.5600651692386887,3.3682318401030255e-13,1.1074381060300182e-11
210839_s_at,7.239630433823528,3.97220381875,-3.267426615073528,5.946344793142697e-13,1.871658318713583e-11
210852_s_at,4.060346859,2.918362234932692,-1.141984624067308,3.0115888300980296e-11,7.140291344827122e-10
210869_s_at,10.113410011,6.419732719913461,-3.693677291086538,1.6797147319730325e-16,9.272855943908889e-15
210889_s_at,5.435389434058824,3.6038182317788463,-1.831571202279978,3.730988671534157e-07,4.105516748057717e-06
210896_s_at,9.58610485288235,6.686093009336537,-2.900011843545813,1.2082213640541433e-09,2.1459002222164365e-08
210942_s_at,4.401127172705882,3.252802195759616,-1.1483249769462662,7.704528339212508e-05,0.0005076728869079795
210946_at,10.64360321564706,8.347737927375,-2.2958652882720596,1.3882651231542063e-11,3.477288763498551e-10
210950_s_at,9.013747647882354,7.54145622473077,-1.4722914231515842,5.305991341508033e-05,0.0003636766312045296
210951_x_at,5.4523900077058824,6.5314150417884616,1.079025034082579,0.0002122359613743111,0.0012459531607882676
210963_s_at,6.201425564117647,2.407185430221154,-3.7942401338964933,3.0843239374800317e-34,3.237294541994666e-31
210964_s_at,8.559402234882352,3.269872484211539,-5.2895297506708125,5.068493983945187e-28,1.7289583321859023e-25
210968_s_at,12.394873326058825,10.991903704413462,-1.4029696216453633,4.629479522879595e-07,4.994512015798486e-06
210980_s_at,10.856972195411764,9.642488186509617,-1.2144840089021471,1.7990396794073786e-05,0.00013882339412183702
211005_at,4.061662427588236,5.123382648605769,1.0617202210175334,0.0014873603323779145,0.006887133246869789
211006_s_at,6.325706837823529,2.9630457625384614,-3.3626610752850676,4.857556753532342e-18,3.4792728353155077e-16
211009_s_at,7.146742981117647,6.108040544057692,-1.0387024370599551,3.224543226569931e-05,0.00023304071075603847
211026_s_at,9.38976047717647,5.871478869971154,-3.5182816072053154,1.2441746696143114e-14,5.11338925398189e-13
211048_s_at,6.743387472999999,8.272636617807693,1.529249144807694,1.3728422098073762e-09,2.4100467986193887e-08
211052_s_at,6.306625575529411,7.652003125509617,1.3453775499802054,2.371667592853279e-10,4.8245712094796544e-09
211067_s_at,4.834176347294118,3.7095374303557693,-1.1246389169383488,2.328331970208103e-06,2.1670878342767402e-05
211071_s_at,5.171590255117646,6.794931845557692,1.6233415904400461,4.960936289363758e-08,6.504034151745965e-07
211122_s_at,2.338566874470588,3.5197007112980767,1.1811338368274886,0.00851783542386327,0.030429044351291623
211126_s_at,7.704420925352942,6.403670206749999,-1.3007507186029423,6.529378066452083e-06,5.5293549338850004e-05
211143_x_at,5.875258515764706,4.854869265471154,-1.0203892502935519,1.4079797739119119e-11,3.5250517468045064e-10
211162_x_at,5.9588847468235295,3.0011355729903846,-2.957749173833145,5.718547315828174e-18,4.058681325755344e-16
211202_s_at,6.325538923352942,8.14429245421154,1.8187535308585971,4.89398633437206e-11,1.1213638964890542e-09
211240_x_at,6.199972133647059,7.486652671307693,1.2866805376606347,5.171201743371678e-07,5.523268492201229e-06
211317_s_at,3.6078759588823535,2.585010192663461,-1.0228657662188922,1.8291012743544242e-10,3.785761033484646e-09
211340_s_at,10.206275184176471,7.518833712076923,-2.6874414720995485,8.680661635939937e-17,5.05097901309132e-15
211343_s_at,3.593018894647059,5.046318699,1.4532998043529415,6.233968184855562e-06,5.2997468779008064e-05
211355_x_at,3.4291537637647056,2.340589847038461,-1.0885639167262444,9.778428611799773e-14,3.515789559969827e-12
211366_x_at,5.315991622882353,4.268445909432692,-1.0475457134496615,0.0003625856932754566,0.002001864580174599
211368_s_at,6.3624741059411765,4.978623814413462,-1.3838502915277147,0.0006542934647571562,0.0033610054600452543
211375_s_at,7.737074597470588,9.183477142500001,1.4464025450294127,5.045415237134717e-12,1.3478889781085448e-10
211376_s_at,6.270980784882353,4.93939950910577,-1.3315812757765828,6.942265581589464e-11,1.5528766933507023e-09
211379_x_at,3.6869601623529418,4.834371715307692,1.1474115529547504,5.614632752272199e-06,4.8304073295438895e-05
211417_x_at,5.147254875470588,6.488043485,1.3407886095294126,0.0008936363059842348,0.004411920031145504
211421_s_at,3.1458792248235294,4.770868719567307,1.6249894947437777,0.00488654515864527,0.019084275364128815
211423_s_at,8.198382285764707,6.872802075076923,-1.3255802106877832,0.0005231505673492628,0.0027669798427824815
211429_s_at,6.612301904000001,8.314406582086537,1.7021046780865365,0.0038287553877391464,0.015534466273224419
211430_s_at,9.16357622870588,11.490950301461538,2.327374072755658,0.0004566037186685422,0.00245865966468137
211432_s_at,6.836272940588235,3.939274243057693,-2.896998697530542,3.2337742603254282e-25,6.948667927334705e-23
211456_x_at,9.756724472588235,8.640300024807692,-1.1164244477805436,5.360184287578511e-05,0.0003664247222341527
211458_s_at,11.307166835176469,9.575823296153846,-1.7313435390226228,4.186383091777574e-10,8.10530694452388e-09
211535_s_at,8.349388913705882,7.275820072557692,-1.07356884114819,8.187459127134842e-05,0.0005364505782711795
211538_s_at,5.8307915794705885,7.211467402423077,1.3806758229524885,0.0024537373491805253,0.010611087138968694
211548_s_at,3.837859640529412,2.663781349903846,-1.174078290625566,0.00026869919947460405,0.0015386983116277846
211569_s_at,9.858334310294119,7.079878022701923,-2.7784562875921957,2.592333830962536e-12,7.261834930202277e-11
211577_s_at,7.859655491411766,4.087179234259616,-3.7724762571521495,1.7247708609640103e-20,1.7999286581368015e-18
211653_x_at,11.076752872352941,5.624827056125,-5.451925816227941,6.72484751572933e-21,7.69466357570212e-19
211657_at,3.760792483823529,7.089508751644232,3.3287162678207025,1.1636805378102975e-05,9.346949238138077e-05
211663_x_at,6.620728156411765,5.126455389442308,-1.4942727669694573,1.7150228056326035e-07,2.0116963186894875e-06
211671_s_at,9.72499018535294,7.554134256317307,-2.170855929035633,1.0335954534744e-09,1.8587349672217224e-08
211673_s_at,6.596242654705883,4.450108634249999,-2.146134020455883,2.173720186851374e-23,3.730801071640288e-21
211675_s_at,10.171950498705883,7.471257666692308,-2.7006928320135746,4.2991030989534926e-15,1.889216972929007e-13
211676_s_at,7.888065598411764,6.465378859278847,-1.4226867391329172,4.385838044801269e-05,0.0003065761458084125
211696_x_at,11.416018130588236,5.54462925225,-5.871388878338236,4.671725985312281e-21,5.483400700050732e-19
211699_x_at,9.74434500370588,4.7524585305288465,-4.991886473177033,8.707171392075968e-24,1.5947272060674975e-21
211708_s_at,6.175485641176471,3.181707586317308,-2.9937780548591633,8.184502768263375e-14,2.9939810763340932e-12
211711_s_at,8.364093800058825,5.995361748913462,-2.368732051145363,1.0334340301799766e-16,5.937241677178204e-15
211712_s_at,2.8702345495294113,4.9992796635961545,2.1290451140667432,4.881321206012837e-05,0.0003374510830943314
211713_x_at,4.85076052,6.176325205125,1.3255646851250003,1.992994184630797e-08,2.818751738869248e-07
211719_x_at,10.277452618352939,12.595517098673078,2.318064480320139,6.764937091213824e-10,1.2631662726697205e-08
211726_s_at,9.068760864352942,5.552539300249999,-3.516221564102943,7.501231468554624e-14,2.7606858551735862e-12
211730_s_at,11.608795620588236,10.060989549192309,-1.547806071395927,4.0979158472497024e-08,5.468463301394658e-07
211734_s_at,4.162684652411763,2.923546812951923,-1.2391378394598402,4.4726074721152256e-07,4.840579877465337e-06
211744_s_at,6.211512279411765,4.653359861548077,-1.5581524178636874,1.2722203024404772e-07,1.5304498983226539e-06
211745_x_at,10.516680868058824,5.166446793625,-5.350234074433824,4.3398670453858497e-23,7.070615028958636e-21
211748_x_at,9.234834724941175,7.251930913403846,-1.9829038115373292,5.404192163151489e-07,5.754104644413677e-06
211749_s_at,7.782491485,6.077689533365385,-1.7048019516346153,2.1437504783688058e-16,1.1550222838982334e-14
211762_s_at,6.508210425058824,8.258700947634615,1.7504905225757916,1.8383060795758968e-06,1.745830999080788e-05
211776_s_at,6.596388216647059,4.370061235509615,-2.2263269811374435,7.87656490408789e-14,2.8871392605789988e-12
211778_s_at,4.024556896117647,6.906330516567308,2.8817736204496605,1.8506606431228767e-19,1.672304755645753e-17
211783_s_at,6.451319929294118,7.816205649259615,1.3648857199654971,4.294307261430303e-09,6.883377269356961e-08
211792_s_at,7.680223925588234,4.521217870759615,-3.1590060548286196,4.5270544556470707e-29,1.871834129808799e-26
211813_x_at,10.726870702235292,8.01533247614423,-2.7115382260910614,5.909823903055521e-10,1.1164841772408006e-08
211896_s_at,12.06142660517647,9.278030539307693,-2.783396065868777,2.7273118876460642e-08,3.7665474573844775e-07
211922_s_at,9.043462575058825,5.709971774769231,-3.333490800289594,4.756099837217662e-23,7.679975533003042e-21
211926_s_at,6.14520537,7.440088509038461,1.2948831390384612,7.174588431305633e-10,1.3337256879844351e-08
211944_at,6.514433313705882,7.821957995096155,1.307524681390273,8.601402366253622e-12,2.2270205870386929e-10
211946_s_at,10.349597349058824,11.392587384586538,1.0429900355277137,4.770150082094226e-11,1.0948276759067317e-09
211952_at,6.355740092941176,5.005754186000001,-1.3499859069411748,1.6535059995210397e-09,2.8677502130976434e-08
211953_s_at,8.34902003552941,7.193990443884616,-1.1550295916447944,0.0002695796353270117,0.0015430924925551096
211966_at,6.3749021642941175,4.488418702355769,-1.8864834619383481,5.715762459989377e-06,4.910213226562448e-05
211980_at,11.28689863982353,10.158441067067306,-1.1284575727562238,8.458788633921594e-05,0.000551777488766352
211981_at,7.8984041448235285,5.191297377932693,-2.7071067668908357,1.047963877187773e-12,3.128928908809161e-11
211984_at,9.619879335235295,8.178742893875,-1.4411364413602943,2.7829205339422216e-06,2.544204687136223e-05
211985_s_at,8.766850996823528,6.9800970318557685,-1.78675396496776,4.233719493155392e-06,3.732388567548508e-05
211996_s_at,8.290844267823529,9.998799705067306,1.7079554372437773,3.1151010829481527e-08,4.256862844422314e-07
212001_at,5.287482662647059,7.068284305173076,1.7808016425260176,2.886623864830086e-20,2.9338741884275837e-18
212018_s_at,7.612298831764705,6.576622813076924,-1.0356760186877807,0.0007782308105555063,0.003911975974929091
212021_s_at,3.498305343058824,4.545208524240385,1.0469031811815612,0.00020358780534659966,0.0012016458124810277
212022_s_at,5.1167845625294115,6.552428031586538,1.4356434690571263,3.3580740886707575e-05,0.00024166709610437933
212023_s_at,2.9297961331176468,3.953475193442308,1.0236790603246613,1.4622137961878324e-05,0.00011514379856028813
212032_s_at,7.161025244588235,8.272066561230769,1.1110413166425337,5.813385986478172e-07,6.147816193683243e-06
212036_s_at,6.314988587058823,7.455516433307692,1.1405278462488688,0.00011698157555008559,0.0007368421710269037
212064_x_at,6.295347174294117,7.7730417461538455,1.477694571859728,5.601268916030705e-12,1.486924397704474e-10
212070_at,6.070786794941176,8.399678539375,2.3288917444338235,1.8588214353874623e-10,3.8414469943965285e-09
212071_s_at,11.535476332529411,9.171204750625,-2.3642715819044113,8.92813193508612e-14,3.2356474959167687e-12
212091_s_at,5.247566646764706,4.2179376532211545,-1.0296289935435512,4.392132383542758e-05,0.0003069768131148421
212094_at,4.56120581735294,6.474058873557691,1.9128530562047512,0.004924781283276666,0.01921435682750426
212097_at,12.311582430000001,8.790592564932693,-3.5209898650673086,5.361440654022456e-13,1.7062511338535953e-11
212109_at,5.206621719411765,6.5904867444519235,1.3838650250401585,9.825583729481276e-12,2.5129828227336394e-10
212111_at,9.24826489582353,7.694366663692307,-1.553898232131223,4.860037047704743e-13,1.557580516891821e-11
212112_s_at,9.22307451082353,7.756319203115385,-1.4667553077081443,2.4111965326412554e-08,3.3630914761663316e-07
212113_at,4.983193191058824,6.284648961740384,1.3014557706815602,1.3430733218726493e-07,1.6089464186674128e-06
212115_at,8.25545182152941,10.029314852134615,1.7738630306052041,3.6304082133163574e-14,1.4032864721996705e-12
212117_at,9.847846389941177,7.556329848692308,-2.2915165412488685,3.2994403555801128e-21,3.9665232415684357e-19
212119_at,10.983251863941177,8.606038453865384,-2.377213410075793,2.2080116525714394e-18,1.6854694823174349e-16
212120_at,9.442069248705883,6.715876887548077,-2.726192361157805,1.6966119402468145e-19,1.551078443663834e-17
212122_at,7.797023818882354,4.95327412514423,-2.8437496937381246,3.596861561761313e-16,1.8607877457760256e-14
212127_at,5.419349424470589,6.6804503041538466,1.2611008796832577,1.626695394246798e-12,4.725035014507503e-11
212130_x_at,11.06146003064706,9.987829800278847,-1.073630230368213,3.965854193428659e-05,0.00028019722462542757
212134_at,8.711043808882353,7.521298946413461,-1.189744862468892,5.073599971050224e-11,1.1595980436346322e-09
212135_s_at,8.184688006705883,6.819038986432693,-1.3656490202731906,4.4335822913282133e-07,4.804059715672078e-06
212151_at,8.36629949364706,9.508319658115385,1.1420201644683239,0.00020227549908853872,0.0011944167980908098
212153_at,7.2003844647647055,8.379389707451924,1.1790052426872188,1.778772194809246e-09,3.063540789539092e-08
212154_at,7.458521487058824,5.313994141240386,-2.144527345818438,2.5502713458121083e-07,2.895595169192408e-06
212155_at,7.913540408235294,9.021816386451924,1.1082759782166303,1.6005386717708678e-09,2.7855803624547893e-08
212157_at,6.630785036,4.515925592759616,-2.114859443240384,1.5142480750911783e-09,2.645523229526294e-08
212158_at,10.194961819764707,7.80158878776923,-2.393373031995477,7.933269462340175e-08,9.992843618395209e-07
212174_at,6.947358971294117,5.556384644788461,-1.3909743265056553,2.4230879293595617e-05,0.00018057802078551367
212187_x_at,8.612542109470587,6.334329608519231,-2.278212500951356,3.663985273764292e-07,4.036670412934625e-06
212188_at,10.270313581117646,9.160649587923077,-1.1096639931945695,1.1263287578017142e-05,9.084144352300252e-05
212192_at,10.795706892294119,9.008604072259615,-1.7871028200345034,7.404813422495747e-08,9.381321072107599e-07
212214_at,6.159216837117647,5.106843678903845,-1.0523731582138023,9.404920717039317e-11,2.043436177608634e-09
212218_s_at,8.220549716235293,6.910937838576923,-1.3096118776583703,0.0003500996881518237,0.0019441560953209554
212224_at,8.16991466917647,3.983680574884616,-4.186234094291853,1.0273702898636428e-22,1.579516705646979e-20
212226_s_at,8.837803094764707,6.839848877682692,-1.9979542170820155,1.0724108596137193e-07,1.3161932158051987e-06
212227_x_at,11.116796269882352,10.014748899788462,-1.1020473700938904,5.2129569934842154e-05,0.00035791893420541055
212230_at,8.820129223764706,6.051098739625,-2.769030484139706,1.3825705369997308e-11,3.464615121161997e-10
212232_at,6.449629609588236,7.6398871017307695,1.1902574921425337,0.00021994240106761818,0.001286214112061452
212233_at,7.889427506117647,6.33136528258654,-1.558062223531107,1.1330621798344381e-06,1.127053047442752e-05
212236_x_at,6.299799712882354,8.065274416673077,1.7654747037907228,0.0023051583323038813,0.010057817301048329
212239_at,9.483646893411766,8.338404975423076,-1.14524191798869,0.00040647743035187515,0.002215854142146923
212242_at,6.702871048529412,8.2033806255,1.5005095769705878,1.1400248473756237e-06,1.1335085168526542e-05
212243_at,6.992521425764705,5.893848656375,-1.0986727693897054,8.06897674256424e-12,2.1011292062615157e-10
212256_at,5.657479836529411,7.117000338875,1.4595205023455886,1.0229913983264845e-05,8.322230962775555e-05
212262_at,6.911444642529411,4.739954099625,-2.1714905429044116,1.3694643956673822e-17,9.14859207480172e-16
212263_at,8.591678238,7.467423176740384,-1.1242550612596158,4.283871371130998e-06,3.773554156955435e-05
212276_at,8.324884648294116,7.130469711884616,-1.1944149364095002,0.00033371712979437347,0.0018642730017448422
212279_at,3.4408473343529415,5.533735724105768,2.0928883897528268,4.036316130955985e-09,6.519624093265662e-08
212281_s_at,4.938547531176471,7.715585623048076,2.7770380918716056,1.6120118653248584e-11,3.993735614959848e-10
212282_at,5.129261127588235,7.5009584968076926,2.371697369219458,7.409968097489236e-10,1.3737386168235904e-08
212285_s_at,3.651038209,5.991322979105769,2.340284770105769,9.611568018344599e-19,7.853140282533382e-17
212290_at,3.2472685122352942,4.485330375586538,1.238061863351244,6.748795792541745e-08,8.628309336170904e-07
212294_at,8.939292079941177,7.504974793423077,-1.4343172865181,1.0314069196362528e-06,1.0349909591253363e-05
212295_s_at,5.351010164411766,7.600203558259614,2.2491933938478486,6.796738148326347e-14,2.5252496351089425e-12
212298_at,7.483115987705883,5.335572281336539,-2.147543706369344,1.1197069870622725e-07,1.3674756689834811e-06
212307_s_at,6.030608652823529,7.37068467421154,1.3400760213880103,1.0346100680355316e-05,8.405475275872473e-05
212312_at,5.523449136411765,6.568229750692307,1.0447806142805423,2.5555626402479325e-09,4.286418357163242e-08
212319_at,3.723984547764706,4.819090893336538,1.095106345571832,6.47214480136703e-08,8.290147644069728e-07
212322_at,6.904206824117646,8.082384564682693,1.1781777405650464,9.646155627859335e-07,9.745974232005455e-06
212325_at,5.4177735814705885,4.155657729192308,-1.2621158522782805,9.953220205528551e-06,8.11527943826625e-05
212327_at,9.087230098647058,7.634691694663463,-1.4525384039835956,0.001678846391468243,0.0076332686771030675
212328_at,9.177037646941177,8.016869516326922,-1.1601681306142542,0.0034018258833354406,0.01402752001258424
212335_at,8.16920827335294,6.049070204692308,-2.1201380686606317,3.540471032406061e-09,5.77856963150988e-08
212338_at,4.721925147941176,5.774045268519232,1.0521201205780555,0.00012486524552416878,0.0007811806780678137
212339_at,6.197801343764705,4.7764585542499995,-1.4213427895147053,2.4372213511676784e-06,2.2557419726196495e-05
212343_at,6.825414111058824,5.807505172673077,-1.0179089383857471,1.4174741558442868e-05,0.00011191135824074256
212344_at,4.467938735588236,5.566963558423077,1.0990248228348412,0.00012961136158523746,0.0008069145424014263
212351_at,7.493485381764707,8.582580403961538,1.0890950221968314,1.8539193588925748e-12,5.3311414483139016e-11
212353_at,6.117435499117647,8.720191794134616,2.6027562950169685,1.7418972931474287e-09,3.004772830679315e-08
212354_at,6.8011761661176475,8.674381924240384,1.8732057581227366,3.1522369758666233e-07,3.5190415607654824e-06
212382_at,9.85387130035294,8.661869040942308,-1.192002259410632,1.3515174211539504e-05,0.00010721579844354863
212384_at,5.756222017000001,7.694790503980769,1.9385684869807687,2.5559937913052315e-16,1.357038765910975e-14
212385_at,6.599188730647059,5.2254012509903855,-1.3737874796566736,6.070678844269237e-06,5.182724552500715e-05
212387_at,8.086923672117647,6.811764143211539,-1.2751595289061086,3.8005451686212676e-06,3.379989486038458e-05
212390_at,5.2000870767647065,3.8069990580096156,-1.393088018755091,4.263857700592976e-09,6.842607745976597e-08
212397_at,9.505742664588235,7.964442458730769,-1.5413002058574659,2.1170965925273957e-08,2.982679786359131e-07
212398_at,4.542454927823528,3.4016925390961537,-1.1407623887273748,9.728246444702827e-11,2.1061402725324694e-09
212399_s_at,8.119463520411767,9.194526939038461,1.0750634186266943,8.264281768959927e-10,1.5176858501617225e-08
212400_at,5.235362954529411,7.0636756579807685,1.828312703451357,1.0277113165314038e-13,3.6829583680215034e-12
212409_s_at,6.120753013941176,4.701890886105769,-1.418862127835407,3.039524585254797e-13,1.0035947509898462e-11
212419_at,8.235569347647058,6.255452829221154,-1.9801165184259037,1.419138883546376e-09,2.486522668541819e-08
212423_at,8.258786245882353,6.326449940567307,-1.9323363053150464,1.5243325334825223e-09,2.6605866755658008e-08
212440_at,8.698493124,7.570898607788461,-1.1275945162115395,4.915787168915564e-09,7.763273955215354e-08
212442_s_at,6.7533080395882354,8.124428873471153,1.3711208338829177,1.1552286295508924e-05,9.281793518660113e-05
212443_at,4.863603698764705,6.101023101807693,1.2374194030429875,4.4650844258467945e-09,7.129895929733534e-08
212444_at,4.985970982882353,7.7118522655576935,2.7258812826753402,3.6768931114103945e-08,4.955090101917726e-07
212446_s_at,7.1557233035882355,8.376190744134616,1.220467440546381,0.0001340501425205967,0.0008309281917809934
212457_at,9.732408683058823,8.623521558586539,-1.1088871244722842,1.591872515011698e-08,2.2875937334603333e-07
212459_x_at,9.042034209588238,7.837523941634616,-1.204510267953622,1.620529544055427e-05,0.00012633464074418105
212464_s_at,9.493805043294119,11.817814133009616,2.3240090897154975,2.6946590299218305e-09,4.497608415721822e-08
212472_at,3.795577979235294,5.767721176230769,1.9721431969954755,1.82209685489269e-08,2.5918223675576783e-07
212473_s_at,6.330833781058823,8.955577290298077,2.624743509239254,9.587428396244043e-16,4.643054609038187e-14
212481_s_at,8.16350416517647,9.456706944759615,1.2932027795831456,1.4022661706343412e-08,2.0294977476761022e-07
212486_s_at,6.4419540040588235,4.329593367596154,-2.112360636462669,1.1145352177544555e-13,3.960300628243517e-12
212488_at,6.734817524470588,8.265010704932694,1.5301931804621054,0.00013212306839974035,0.000819820935674105
212489_at,5.5982508868235294,7.383950410634616,1.7856995238110862,3.702733716545601e-06,3.3016092716115395e-05
212492_s_at,6.139229465764706,8.606484973807692,2.467255508042986,1.7431952122178506e-14,7.021538855176241e-13
212494_at,6.701758612352942,5.013580686480769,-1.6881779258721723,1.2997017405534909e-11,3.281055564184504e-10
212495_at,4.643032537941177,6.236729892913463,1.593697354972286,4.478843353943471e-09,7.144379954937944e-08
212496_s_at,8.339074136294117,10.157202515221154,1.818128378927037,1.899212520492296e-09,3.2504584558152717e-08
212503_s_at,8.596209939470588,7.298751666192308,-1.2974582732782807,9.688466776343974e-07,9.78691149705863e-06
212509_s_at,10.433550938529411,8.714083233701922,-1.7194677048274887,1.2965034205611434e-08,1.885474558774491e-07
212520_s_at,6.561768769470588,8.354111253980768,1.79234248451018,2.7487097865101853e-12,7.669827783125736e-11
212521_s_at,4.621421075117646,3.1109122666538465,-1.5105088084637996,5.707546406918584e-14,2.1439241248672363e-12
212522_at,7.227553334705882,5.989903687134615,-1.237649647571267,9.541990608396626e-07,9.647875239267866e-06
212526_at,8.626085252470588,6.827331347230769,-1.7987539052398196,8.533358207879004e-09,1.285870120452314e-07
212530_at,11.111461927117647,9.067951842096154,-2.0435100850214933,8.748756162417275e-14,3.1769684802965565e-12
212533_at,6.763084747823529,7.939210825182693,1.1761260773591635,5.24556366371153e-07,5.593935506090497e-06
212549_at,8.587337065470587,6.9670152875384606,-1.6203217779321264,2.230427979730758e-12,6.323871621076627e-11
212554_at,7.785215756352941,6.7752592874423065,-1.0099564689106346,0.010610135820912591,0.03655028272357646
212556_at,5.617972929117648,7.245579721451922,1.6276067923342747,4.293940128959961e-11,9.922055812807184e-10
212558_at,7.899454215705883,6.061209298,-1.8382449177058833,6.429284094740648e-07,6.739080019336467e-06
212560_at,6.687390858294117,8.447680205442309,1.7602893471481913,5.712238754314155e-06,4.908654571407426e-05
212563_at,4.265730200058822,5.619294766644231,1.3535645665854084,2.4614800744767187e-05,0.00018300656720455634
212580_at,3.6139678210588237,2.3534586925673078,-1.260509128491516,9.47167442593293e-21,1.0485892870040433e-18
212586_at,10.411824687470588,8.99163079010577,-1.4201938973648183,1.2237662199261296e-07,1.4808993247218787e-06
212589_at,8.161235408117648,6.032684562519231,-2.128550845598417,2.4684454283410802e-08,3.4351168544984147e-07
212590_at,6.482140180352941,3.8631985588173077,-2.618941621535633,1.5953225111142368e-14,6.488160009992841e-13
212599_at,6.364364648117648,8.503522045682692,2.139157397565044,4.978966752487312e-11,1.1403568039614143e-09
212609_s_at,7.119349170882352,5.948722038153846,-1.170627132728506,3.656689739180462e-05,0.00026061435005841004
212610_at,10.76859651082353,9.562836068096153,-1.2057604427273763,1.3734800833119657e-11,3.4434161445605774e-10
212614_at,9.11375180817647,7.508224006759615,-1.605527801416855,1.0213167355757538e-07,1.258578598125741e-06
212621_at,4.993365355470589,6.013699166548076,1.0203338110774869,2.9692852753838144e-05,0.00021660353890182247
212622_at,7.644729357529411,8.722867577509616,1.0781382199802048,1.7464377613534243e-05,0.00013518483417516457
212623_at,4.868127102764706,6.258906440798077,1.3907793380333704,2.6614802649651482e-05,0.00019621900767463575
212631_at,8.973164648176471,7.263511106634615,-1.7096535415418561,1.8324127562737902e-13,6.290150129182737e-12
212632_at,8.941641783470587,7.175147525865384,-1.7664942576052027,2.9471727793837706e-08,4.047653324760614e-07
212636_at,10.645575502117648,8.020951313067307,-2.6246241890503406,4.616228166007463e-13,1.4811823461053575e-11
212640_at,10.191633764705882,8.837819795240385,-1.353813969465497,4.773737281981904e-08,6.285785455085412e-07
212646_at,9.448550005705883,7.064731234567308,-2.383818771138575,3.407112085196788e-11,8.015378038704977e-10
212647_at,8.903183212176472,6.717720704644231,-2.1854625075322414,2.9106180728197632e-12,8.072084542501517e-11
212650_at,8.741472906588236,7.200049099307693,-1.5414238072805428,1.588306284377604e-07,1.874744132678314e-06
212653_s_at,9.834610223411763,7.798012290692309,-2.036597932719454,5.1845631118364575e-11,1.18100279666495e-09
212665_at,8.309162881882353,7.014809505490385,-1.2943533763919675,2.4759745031273337e-05,0.0001840090038210604
212667_at,11.575046567058822,9.662639909317308,-1.9124066577415135,5.761323311679048e-07,6.10103346969598e-06
212675_s_at,7.894622164941177,6.746510295057693,-1.1481118698834845,1.532223062907355e-06,1.4756873575158025e-05
212680_x_at,8.087184386117647,9.693378622701923,1.606194236584276,3.6276921265191977e-10,7.109364760261806e-09
212681_at,7.778011289176472,5.878696777663462,-1.8993145115130101,6.557017364957174e-07,6.864058592240978e-06
212684_at,5.616543753058823,6.987344170403845,1.3708004173450217,2.8136446017217235e-09,4.673811875237757e-08
212686_at,4.63372207435294,6.822020589096154,2.188298514743214,8.652920406601008e-09,1.302089172516891e-07
212687_at,10.849013935058824,9.551916566384616,-1.2970973686742084,1.1122172614255696e-09,1.9850786759760027e-08
212690_at,8.737810170058824,7.6019656448749995,-1.135844525183824,0.00019067402848829817,0.0011337616081123028
212692_s_at,7.154901522529412,8.264296066192308,1.109394543662896,8.834778282761049e-05,0.0005744500403798133
212695_at,6.453399707588235,4.916314315576923,-1.5370853920113126,1.4073731387536248e-16,7.886346872693438e-15
212701_at,7.203107785235295,3.654555245538461,-3.548552539696834,9.398243004817775e-26,2.2596771143610102e-23
212703_at,7.339621243352941,5.096697794788461,-2.24292344856448,2.026749479056411e-22,3.0059228211255393e-20
212705_x_at,6.536346770705882,4.527534582451922,-2.00881218825396,3.699133771953487e-30,1.86939835314305e-27
212713_at,6.387527553882353,3.264498064596154,-3.123029489286199,1.6314559062740132e-14,6.625240469384625e-13
212724_at,9.262599137882354,7.621896454384616,-1.6407026834977385,1.3765306514165308e-05,0.00010897833829948192
212727_at,3.4063348498235295,6.121272461634616,2.7149376118110866,1.3354926653519533e-21,1.7030339762206601e-19
212728_at,3.9227553825882353,5.09451505660577,1.171759674017535,4.4876098533961766e-13,1.4424573509335096e-11
212729_at,2.882818751058824,4.140297640259615,1.2574788892007915,5.936305285112641e-13,1.8714634005425897e-11
212730_at,10.298399703235292,8.582641381403846,-1.715758321831446,0.0016013148350102779,0.00733206060235117
212731_at,8.566074488117648,7.367936034721153,-1.1981384533964947,6.535526209522737e-05,0.00043810179929936317
212741_at,9.557955751,4.483062476048077,-5.074893274951923,1.1557672966551844e-18,9.317669613610533e-17
212758_s_at,8.530418549411763,6.510178933865385,-2.0202396155463784,8.216074780071434e-14,3.003517383935156e-12
212764_at,9.130979360823531,6.587211044557692,-2.5437683162658393,5.245719019068061e-13,1.6703973065444327e-11
212766_s_at,7.142584700588236,8.645484174288462,1.5028994737002268,3.025894281414214e-08,4.1463792112806025e-07
212767_at,5.367343434176471,6.380923112846153,1.0135796786696822,9.397291036253496e-06,7.708081656463722e-05
212769_at,5.44642864317647,6.494197656538461,1.0477690133619904,3.094969078632973e-07,3.4586469562389237e-06
212771_at,6.999772045470587,5.878053343259615,-1.1217187022109725,0.005040485368362646,0.019571464440923298
212775_at,6.910187860294117,8.007822217673077,1.0976343573789595,0.0005354701125078331,0.0028220764069684266
212776_s_at,3.7942661532941173,5.464837169307692,1.6705710160135743,4.907008292759565e-05,0.00033892635486019274
212780_at,6.7730585028823524,5.6622820469519235,-1.110776455930429,8.58734172278078e-05,0.0005597617626748503
212788_x_at,14.174085086470589,13.101153639038461,-1.0729314474321274,1.6945155810048114e-08,2.4267899736463293e-07
212793_at,6.232193890588236,4.095093615019231,-2.1371002755690043,3.55408076785633e-14,1.3767081208575631e-12
212800_at,3.421196688647059,4.6445334725096155,1.2233367838625564,1.1407879579599028e-06,1.1337047698014118e-05
212807_s_at,7.8581906248823525,6.630051931326923,-1.2281386935554295,0.0002160626346742375,0.0012652878259533484
212809_at,4.822651821941176,6.479403084201923,1.6567512622607472,2.334223900568381e-13,7.873894083382055e-12
212810_s_at,4.985724413470589,7.081356292913461,2.0956318794428723,1.224247009499096e-07,1.4808993247218787e-06
212811_x_at,5.380392875470588,6.925798897846153,1.5454060223755652,1.903234668643256e-05,0.00014581224730471682
212828_at,3.3872550058235293,5.4129364067788455,2.025681400955316,3.2770021792371856e-09,5.382350344284873e-08
212833_at,7.699950368647059,6.200334292461538,-1.4996160761855206,4.6515443771235466e-07,5.017324912233716e-06
212845_at,9.488504133882353,6.663752386923077,-2.8247517469592758,8.985754228211125e-17,5.222933759547763e-15
212847_at,5.662728437411764,7.070018826980769,1.4072903895690052,2.5442420598679165e-06,2.345645057188024e-05
212851_at,6.230534007352941,5.143143010317308,-1.0873909970356328,4.710943536240546e-07,5.07437511869889e-06
212855_at,7.182955242117647,6.094085750990384,-1.0888694911272623,4.243988146756001e-06,3.740232989856221e-05
212858_at,3.880032695058824,6.327077637596154,2.4470449425373295,1.2356679527573594e-16,6.996008422566797e-15
212875_s_at,8.158326336470589,6.12497062926923,-2.033355707201359,3.2313108086412737e-09,5.316652421391289e-08
212881_at,5.008933323999999,6.054231874903847,1.0452985509038477,3.4903416479064254e-07,3.861734376669061e-06
212886_at,8.666410124882352,4.673691341192308,-3.9927187836900444,5.022367349979537e-21,5.869717079112058e-19
212887_at,9.106984471529412,7.786833757105769,-1.3201507144236428,4.928626470945275e-07,5.287979244303561e-06
212913_at,4.086876893,5.483030199951923,1.3961533069519225,5.105970220423245e-06,4.4248769237929547e-05
212915_at,9.301160436941176,7.175715471028846,-2.1254449659123296,4.034070650930834e-08,5.392494294811511e-07
212923_s_at,9.647625587647058,8.270124133403847,-1.3775014542432107,1.513928720788202e-07,1.7954957768774289e-06
212925_at,4.272828775352941,5.37885878414423,1.106030008791289,4.6876404074716236e-05,0.0003256290260906119
212931_at,6.0122862335882346,7.304971402153845,1.2926851685656109,8.374597889961629e-15,3.532281130109859e-13
212935_at,5.8121902886470584,6.903055772432692,1.0908654837856337,0.000255096309491166,0.001468660493219235
212936_at,6.356877546529412,4.994270606038461,-1.3626069404909504,3.1403233278775536e-07,3.5064588157166327e-06
212944_at,8.328040139411764,7.204665727682693,-1.1233744117290705,0.00014382610575293207,0.0008840956217917872
212950_at,7.687470774352939,5.810613449192308,-1.876857325160631,1.7344945263767634e-09,2.9948426686212395e-08
212951_at,5.418882999882352,3.944547446759615,-1.474335553122737,7.925949278657866e-09,1.201973841844589e-07
212960_at,4.099079169882352,5.527946726067308,1.4288675561849553,0.00016335014982553955,0.0009896201384535601
212961_x_at,7.5815220888235295,8.631800704788462,1.0502786159649329,0.00045845565070711864,0.002467414550827712
212977_at,10.869139758823529,8.364346071913463,-2.504793686910066,1.5949726731454203e-11,3.9569097058001774e-10
212980_at,5.935671433235295,7.182070017798076,1.2463985845627814,0.00013440269442768286,0.0008328546977670415
213001_at,8.767698059352941,5.430391433144231,-3.3373066262087105,2.4801774880938283e-16,1.3219297570573541e-14
213004_at,8.558505621764706,5.822809418923077,-2.7356962028416287,3.8654112296496975e-17,2.4134601588537247e-15
213005_s_at,9.595777154411765,7.161642847375001,-2.4341343070367643,4.0474383805241794e-09,6.53565501096536e-08
213006_at,4.264214972352941,2.632127942375,-1.6320870299779413,4.436272157787079e-11,1.0216341691977257e-09
213007_at,4.144139807823529,6.690291096192308,2.5461512883687787,6.348140690458367e-18,4.476423394632135e-16
213008_at,3.7878546149999996,5.6125282774423075,1.8246736624423079,1.0189254277125797e-11,2.599903268776292e-10
213010_at,8.14838649182353,7.036725175009615,-1.1116613168139144,2.482814176704083e-05,0.0001844921918997034
213029_at,9.248362112176471,7.947851198798077,-1.3005109133783943,0.0031125686411291142,0.013029673559149097
213033_s_at,5.6633442804705885,4.628064492019231,-1.0352797884513576,0.009086273113778756,0.032100440175864504
213036_x_at,3.952836910117647,5.198173392596154,1.2453364824785074,0.0011048146115914714,0.005307135775924214
213043_s_at,5.11187757082353,6.258846271673075,1.1469687008495457,0.0002367487356501687,0.0013737517800393958
213050_at,3.4182824137058825,5.821206815432692,2.4029244017268097,8.229374055314839e-09,1.2445303590053438e-07
213058_at,6.260954043882353,5.175345598192308,-1.0856084456900446,0.0001768461398519502,0.0010628879492324181
213068_at,10.497291246529413,6.097808204153846,-4.399483042375566,7.926970999107627e-13,2.4305963492151414e-11
213071_at,11.076019390411764,6.82580529575,-4.2502140946617635,2.9298746822139687e-18,2.1965608555021457e-16
213085_s_at,5.335500911823529,7.4952381271826924,2.159737215359163,1.8018060737289954e-13,6.204465217542892e-12
213088_s_at,7.18633534364706,8.351346075336538,1.1650107316894784,8.100726446730179e-07,8.32635685002046e-06
213089_at,5.9927364207647065,9.259029225509616,3.26629280474491,3.4706320590469816e-20,3.488464588411145e-18
213090_s_at,5.945104683176471,7.060572029182693,1.1154673460062225,1.5357572058107264e-08,2.2098627085669295e-07
213095_x_at,8.259939772470588,7.223714302394232,-1.0362254700763565,4.9834982560176475e-05,0.0003435573466151158
213100_at,3.407159247764706,4.741300542259616,1.3341412944949096,1.361554366211995e-10,2.878089688361134e-09
213103_at,5.873765129117647,4.351677759634615,-1.5220873694830317,7.026742517098066e-07,7.314754526810897e-06
213110_s_at,4.668607782764705,7.57053526235577,2.9019274795910643,5.472561905888837e-11,1.2409096645679552e-09
213129_s_at,11.253741736529415,9.988127204365385,-1.2656145321640295,4.5088623293133165e-08,5.980296405141957e-07
213133_s_at,8.039361235470588,6.5078825146153845,-1.5314787208552039,8.514300615066578e-09,1.283352701656224e-07
213135_at,4.857215893058823,6.957619593115384,2.1004037000565603,2.8858197645742217e-07,3.24681456842889e-06
213140_s_at,5.691805444411764,6.935540786182694,1.2437353417709298,6.357869957374895e-07,6.6731958539147e-06
213147_at,5.964032750823529,4.299796034509615,-1.6642367163139138,1.0147309379863426e-13,3.641222870766377e-12
213149_at,7.142078408470589,5.906980204115385,-1.2350982043552037,1.8774489073636126e-11,4.5888617964620963e-10
213150_at,6.373959199823529,3.329372550846154,-3.0445866489773756,1.2124994484016274e-15,5.794834272706866e-14
213153_at,7.952194209294118,8.999401242692308,1.0472070333981902,1.52009101614254e-12,4.4248025370689966e-11
213156_at,9.353685967411765,8.330413416692307,-1.023272550719458,0.002722288290154775,0.011610515948140773
213158_at,9.568705728117648,8.405580094451924,-1.1631256336657234,0.000902871099844738,0.004452276992991141
213175_s_at,9.016425575411763,10.202079531740386,1.1856539563286237,5.168519312090233e-06,4.4748194088606094e-05
213181_s_at,5.348192296705882,2.6025814563461536,-2.7456108403597286,3.9631530731975585e-27,1.1884886350662064e-24
213182_x_at,8.217016299529412,5.408820858192308,-2.808195441337104,4.083097945293198e-11,9.462904575633013e-10
213183_s_at,7.691459971529412,5.7541016685865385,-1.9373583029428731,3.872654384772671e-06,3.43795711884365e-05
213187_x_at,13.187826942941177,11.590219220096152,-1.5976077228450247,8.835651865767678e-09,1.3266603663871642e-07
213194_at,8.347108167470589,7.096879270182692,-1.2502288972878972,2.6493391105907116e-05,0.00019542948954849362
213196_at,4.938673703941176,6.212557858701923,1.2738841547607471,1.2213908433313101e-09,2.16576643398894e-08
213201_s_at,2.8947889269411764,5.33143640810577,2.4366474811645933,7.22056100226457e-05,0.00047913799263537746
213213_at,4.112619418647059,5.3620301819038465,1.2494107632567877,7.71780066909049e-09,1.1742635195334683e-07
213220_at,7.213846193235294,6.200971449009615,-1.0128747442256785,1.3248374759011638e-09,2.3317737696617097e-08
213221_s_at,8.566305784529412,6.031352744307692,-2.53495304022172,6.539872199050067e-16,3.2478588239486224e-14
213225_at,7.610425139,6.606241075173076,-1.0041840638269246,4.9223282403111444e-08,6.458070986248605e-07
213226_at,4.3597451367647055,5.925879188298078,1.5661340515333722,1.6930558735686267e-09,2.931640118131411e-08
213227_at,9.07965782764706,7.608490996807693,-1.4711668308393664,1.3071017278430349e-05,0.00010396430370729378
213228_at,6.362165472352941,3.291193100682692,-3.0709723716702486,2.790293857469299e-14,1.0972006372249055e-12
213234_at,4.645025966823529,6.030997224057692,1.3859712572341625,0.004556747116699235,0.017981541528618868
213235_at,5.8866777996470585,8.057556036798077,2.170878237151019,6.906572829487924e-13,2.1430007871553238e-11
213236_at,7.378874746352942,5.879196970961539,-1.4996777753914028,1.8175522142017478e-06,1.729129898882991e-05
213237_at,4.422858822470589,6.187284970105769,1.76442614763518,1.949042332045669e-15,9.007348132152462e-14
213247_at,8.087007025999998,4.484876874528846,-3.602130151471153,1.36881649409913e-23,2.4177551919558714e-21
213256_at,5.774663391941177,4.5064553895,-1.2682080024411766,5.507855865843073e-05,0.00037553187420593265
213258_at,7.201223656294117,5.088690026115385,-2.1125336301787323,2.0114279767072041e-07,2.3273633144096354e-06
213273_at,5.347821101176471,4.049351334163462,-1.2984697670130094,9.333058695443546e-10,1.6923222941482167e-08
213280_at,3.4601542488823527,4.892705905326924,1.4325516564445713,4.45730552278008e-08,5.916227580929329e-07
213281_at,5.787880358529412,3.949883399634615,-1.8379969588947969,2.1212667266335086e-13,7.213496365914658e-12
213285_at,4.098046643352941,6.396765883653846,2.2987192403009056,7.487736001467819e-10,1.3867429359488023e-08
213288_at,4.9149788098235305,6.285046946826924,1.3700681370033934,2.141349012522068e-07,2.4698370193246395e-06
213306_at,7.748497136411764,6.598550789798077,-1.149946346613687,5.854308898724617e-07,6.187496618580381e-06
213307_at,3.8856068754117645,5.772732520413461,1.8871256450016967,4.7528668219702785e-07,5.113477592673287e-06
213308_at,3.122416302941177,5.855890790096153,2.7334744871549765,8.269931079268942e-14,3.021181849902407e-12
213309_at,7.449025184882353,5.188166152375,-2.260859032507353,7.272451591688464e-15,3.098541260130872e-13
213310_at,3.866435502823529,4.879727712971154,1.013292210147625,0.00014746829292903917,0.0009035329995255982
213317_at,5.470544859352941,3.200128907865384,-2.270415951487557,1.0862357647374204e-14,4.4981533993629493e-13
213325_at,4.84076515364706,2.549144715625,-2.29162043802206,1.8909968734970333e-34,2.2935270746354354e-31
213326_at,5.064075911235294,6.342007631394231,1.2779317201589366,5.0803991085561e-06,4.4069151771437284e-05
213338_at,3.6463358264117645,5.058322988663461,1.4119871622516964,0.00030196919530295363,0.0017057727913930767
213343_s_at,6.249667993882353,4.181475128461538,-2.068192865420815,6.090547269695995e-16,3.044102375757671e-14
213348_at,9.106163325058823,5.971107965923077,-3.1350553591357464,4.421678930649266e-11,1.0187033109156026e-09
213353_at,6.798156612647059,5.250559971067307,-1.5475966415797515,7.961171647816515e-09,1.206979964906049e-07
213355_at,5.976203973235294,4.8197029835096155,-1.1565009897256786,0.0013529805661761372,0.006344014288773831
213358_at,3.8225321657058826,5.337267139115385,1.5147349734095021,2.622117797469221e-05,0.00019368326873470378
213359_at,5.272909905823529,7.274096723403845,2.001186817580316,4.3419952071760916e-10,8.367999873321466e-09
213364_s_at,9.056776183411765,7.246563443692308,-1.8102127397194572,3.6888095329853932e-09,6.006310724964493e-08
213374_x_at,8.731739122529412,7.586607666615384,-1.1451314559140275,1.1947978272021665e-06,1.1794333624682049e-05
213380_x_at,4.006540848470588,5.122321181884615,1.115780333414027,2.009577247642958e-05,0.00015286511024265506
213381_at,5.0559478201764705,3.938080766067308,-1.1178670541091624,2.442939475620265e-17,1.5594525571915606e-15
213387_at,4.360949160470589,5.651825029211538,1.2908758687409492,4.3894373561676967e-07,4.761898260033328e-06
213388_at,7.2196877232941175,5.21874343,-2.0009442932941175,6.531717812187132e-14,2.4334104195997373e-12
213392_at,5.382664301235294,6.390508931403845,1.0078446301685515,2.414504006180648e-05,0.00018007818277307133
213397_x_at,9.842691737882353,7.679958154240386,-2.162733583641967,5.904160470080596e-07,6.2365623049454e-06
213412_at,3.6181293564705883,5.1884858187980765,1.5703564623274882,1.647825220206385e-08,2.3617818459465413e-07
213413_at,6.645668588529412,4.427133877615384,-2.218534710914027,2.588121275395123e-11,6.200924981992556e-10
213415_at,5.296513890470588,3.8445181351346154,-1.4519957553359726,3.033232674642152e-11,7.185364850229776e-10
213419_at,6.390476787705882,5.184575676432692,-1.2059011112731906,0.0002831662618483999,0.0016119035675243867
213422_s_at,8.529324576529412,7.413925382509617,-1.115399194019795,0.0014033978598594478,0.006551150512595689
213424_at,3.259633297764706,4.943525907336539,1.6838926095718336,3.314524487681706e-09,5.432535495891287e-08
213429_at,6.306163451235294,4.343953342086538,-1.9622101091487565,4.292514170422225e-10,8.287270283249897e-09
213441_x_at,6.8505563628235295,8.61997553039423,1.7694191675707005,4.416947790496122e-08,5.865513222809923e-07
213451_x_at,9.816455908058824,5.823035117557693,-3.9934207905011307,1.750495046323572e-19,1.5964790160449842e-17
213459_at,3.8572310107058825,5.376861538721154,1.5196305280152713,2.4555997816167124e-08,3.41811222853503e-07
213460_x_at,7.205388804941176,8.460540167269231,1.2551513623280552,3.6618445833408345e-11,8.570317989457951e-10
213485_s_at,6.004437997294118,7.303305746355769,1.2988677490616514,1.0857718516596675e-07,1.3301984711949045e-06
213486_at,6.8968855300588245,3.115704057057693,-3.7811814730011317,1.0080322968478515e-21,1.3193619839246735e-19
213488_at,6.262129913235293,4.861574260009615,-1.4005556532256787,6.317891730517091e-07,6.637617184983489e-06
213501_at,6.288504646882353,4.812458721846154,-1.4760459250361988,1.012819342117092e-06,1.0186129743589477e-05
213505_s_at,7.271542510470589,8.55925421176923,1.287711701298642,9.441120276146286e-17,5.475950090879789e-15
213506_at,4.619401657,6.034651854932692,1.415250197932692,9.166654241844305e-05,0.0005935541842040815
213512_at,4.667654694941176,5.8169176097403845,1.1492629147992082,2.202901352344245e-09,3.737399841765513e-08
213515_x_at,5.158618928529412,2.425481298701923,-2.733137629827489,2.014457244600629e-23,3.49038291914469e-21
213517_at,6.027795974058823,8.41094504751923,2.383149073460406,7.957825786646404e-18,5.539925683793037e-16
213518_at,6.585230356823529,7.734341224298078,1.1491108674745485,7.799705672790886e-09,1.1848041634156797e-07
213519_s_at,7.185381200882353,4.238725053201923,-2.9466561476804296,1.4236447670623459e-12,4.1573626399944234e-11
213520_at,4.231529530588236,6.159946917634615,1.9284173870463794,6.677557978920166e-11,1.4961183782080615e-09
213524_s_at,12.032714035882353,6.571950241365385,-5.460763794516969,1.0411324842098025e-16,5.962641118120337e-15
213541_s_at,4.614867688294118,3.332672666,-1.2821950222941179,3.72990582270165e-08,5.019095904764135e-07
213543_at,5.898100199058823,4.881288979009615,-1.0168112200492079,3.674617830988849e-05,0.0002618237161847786
213545_x_at,10.090413867647058,8.577384422653846,-1.5130294449932116,1.037663518790764e-12,3.10326779134691e-11
213546_at,7.376613427941176,8.55457851778846,1.1779650898472847,1.0400980155438908e-06,1.0429452432550068e-05
213549_at,6.450410148411765,5.243717854750001,-1.2066922936617646,2.642031853684938e-07,2.992310781122022e-06
213551_x_at,4.726042503823528,5.846811792038461,1.120769288214933,0.0005688724796243213,0.0029779868660479406
213557_at,3.5451600122941174,5.106253111615384,1.5610930993212668,0.00027602561122460874,0.0015753635715808764
213564_x_at,13.292040828823527,10.878524312826924,-2.413516515996603,2.1640275359420123e-08,3.040166251845021e-07
213568_at,7.844213835588236,5.969020870634615,-1.8751929649536212,6.39251349113772e-07,6.708267522261211e-06
213577_at,5.0772403658235294,8.355618366596154,3.2783780007726246,5.886422405013919e-16,2.9517944829007716e-14
213593_s_at,6.154499293294117,8.781388337009616,2.626889043715499,2.032493448503005e-25,4.5094089400750207e-23
213600_at,4.504321937941177,5.754896662403846,1.2505747244626688,2.378348116090146e-13,8.012830977042228e-12
213605_s_at,7.131698808352941,10.240829153576923,3.1091303452239822,2.1858957762692533e-20,2.242556495733075e-18
213616_at,7.54196317964706,6.240318026903846,-1.3016451527432142,7.0142820666948125e-06,5.90517508743076e-05
213617_s_at,7.214176703823529,5.796216104625,-1.4179605991985298,7.30840107429637e-06,6.120687774037464e-05
213620_s_at,9.172755335294116,7.443941097259616,-1.7288142380345004,6.895855856785632e-06,5.81534173064745e-05
213627_at,5.875557960588235,7.741109053548078,1.8655510929598424,3.331338389513282e-11,7.843879118259077e-10
213639_s_at,4.9690061142941175,6.260586197836539,1.2915800835424216,1.6366148263811218e-09,2.843833193538849e-08
213644_at,5.966101424882353,3.3468761494038466,-2.619225275478507,3.410390572782743e-29,1.4429124579217777e-26
213649_at,7.5181993527647055,8.646806325163462,1.1286069723987566,5.173038588794338e-07,5.524149347247234e-06
213651_at,2.630738120411765,3.8097607076346156,1.1790225872228506,0.0003220965954712063,0.0018071248030656836
213652_at,6.455849482823529,4.243811583807692,-2.2120378990158374,2.7222057839855216e-17,1.7296306109912199e-15
213653_at,4.721890874882353,6.716118851663461,1.994227976781108,5.593441840760487e-11,1.265690141902432e-09
213661_at,5.298450989352941,3.527933605298077,-1.7705173840548638,2.3194666953060297e-11,5.601512069164062e-10
213668_s_at,5.431151864235295,8.904227406509616,3.473075542274321,1.1505212846571493e-24,2.351846486715451e-22
213670_x_at,6.988682488529412,8.32580631428846,1.3371238257590479,7.657953986139112e-11,1.699038498412547e-09
213675_at,8.080027849117647,5.977800291134614,-2.1022275579830323,5.121757025558119e-14,1.938560171275566e-12
213680_at,4.16804336582353,5.92323569639423,1.7551923305707007,0.014565492610027755,0.04733655002755179
213681_at,3.4070083948235292,4.628412531653846,1.221404136830317,2.1507195789109303e-09,3.65592906763418e-08
213684_s_at,5.502664876411765,6.688898056538462,1.1862331801266972,1.63208861676409e-05,0.00012710868238351495
213688_at,5.888194122647059,4.752689096557693,-1.1355050260893664,9.911701936597e-08,1.2244698506055402e-06
213689_x_at,8.93741851711765,6.4079261359807695,-2.5294923811368797,1.4662641172237896e-13,5.120104238896815e-12
213693_s_at,6.716614942529412,11.230358391028846,4.513743448499434,7.721919005295068e-14,2.8323562996639754e-12
213698_at,7.320481966882352,6.031142929759616,-1.289339037122736,0.00011337347425980902,0.0007168455574172981
213700_s_at,4.764088060470589,6.515658884038462,1.7515708235678735,2.4959166395236214e-15,1.138050411600332e-13
213702_x_at,12.436481646117647,11.393968997932692,-1.042512648184955,5.350547352469479e-05,0.0003659951421862786
213703_at,3.9120807001176465,6.339979098384616,2.427898398266969,3.099713002031313e-11,7.326948286611825e-10
213706_at,10.800242298882353,4.739892943384616,-6.060349355497737,3.1037119952498005e-25,6.722122896378526e-23
213710_s_at,5.124733622352942,3.388099211971154,-1.7366344103817877,2.356483928450193e-18,1.7912888068368116e-16
213715_s_at,6.438393357470588,4.4117722041923075,-2.0266211532782803,1.482643052694655e-14,6.038893669628475e-13
213718_at,5.321133776058823,6.802928676278845,1.481794900220022,7.693506470267013e-11,1.7055397629598024e-09
213720_s_at,6.995022060705883,9.040111231615384,2.0450891709095016,1.2441037857110158e-22,1.902015140625253e-20
213764_s_at,9.06379545352941,5.747712657086538,-3.3160827964428723,1.4569176598846187e-11,3.635898900724399e-10
213765_at,8.496472336294117,4.7541043640384615,-3.7423679722556553,1.3225516115364435e-16,7.426290576753863e-15
213791_at,4.480282353588236,2.5876594161057693,-1.8926229374824666,1.271352183942856e-11,3.213947700204592e-10
213793_s_at,4.4537226251764706,5.650521505971154,1.1967988807946837,0.00010745024680182726,0.0006835113077152599
213800_at,8.951354305470588,5.788807936528846,-3.162546368941742,8.461878000343788e-12,2.192976445302771e-10
213805_at,5.406066016117647,3.588765977048077,-1.8173000390695697,1.176878833988158e-16,6.683961485977074e-15
213811_x_at,7.61898264782353,8.896246862875,1.2772642150514697,1.3611228410687597e-09,2.3924797010969364e-08
213817_at,5.14208650517647,3.9405597866634614,-1.201526718513009,3.764178589084911e-06,3.349284369313097e-05
213822_s_at,6.802358345294117,5.5035222830673085,-1.2988360622268083,0.0014303791230698727,0.006660580339393447
213839_at,5.820242760058823,7.03723875223077,1.2169959921719462,4.6095452883461234e-05,0.00032068350848298997
213842_x_at,8.17348253864706,9.176629435625,1.00314689697794,3.367155732398558e-10,6.6561388163194825e-09
213844_at,5.699884628882353,3.9282724172307693,-1.771612211651584,3.483407715029066e-08,4.719982861930769e-07
213846_at,7.345641543941176,6.312699343096153,-1.0329422008450235,4.310035532661425e-10,8.312276655022187e-09
213857_s_at,9.15885766917647,10.210425267721153,1.0515675985446826,7.258175177422942e-07,7.5312536693643866e-06
213872_at,9.97502664064706,8.954206186250001,-1.0208204543970592,0.0068124453627439975,0.02525927007154923
213887_s_at,7.875266572823529,6.030514317548077,-1.844752255275452,3.69175261982308e-08,4.972659581375219e-07
213888_s_at,4.242255280352941,5.32618337298077,1.0839280926278292,0.010190170535657864,0.03532803898022426
213891_s_at,10.760946109411764,9.588432088259616,-1.172514021152148,5.5414942935094875e-05,0.0003774010694353061
213895_at,6.24104774082353,2.7900554004326925,-3.450992340390837,1.9504533612236613e-25,4.345052816417396e-23
213905_x_at,6.368759857529412,9.106314092471154,2.737554234941742,3.038304202096633e-14,1.1887283515858936e-12
213906_at,4.180564620588235,6.145698321673077,1.9651337010848415,0.00010528888309866719,0.0006719553263145646
213908_at,6.081263471352942,4.658897039355769,-1.4223664319971734,3.655535412707177e-12,1.001583671135266e-10
213909_at,3.717435581764706,7.357413871221154,3.6399782894564483,9.259666651547106e-15,3.8875642013445347e-13
213913_s_at,3.158318866352941,5.0712756695,1.9129568031470594,5.799182466065139e-07,6.133984104949016e-06
213924_at,7.644966793647059,4.860232777201923,-2.784734016445136,8.899552886194904e-19,7.282289309979486e-17
213927_at,3.83458319282353,5.4919165995673085,1.6573334067437786,6.51238319087627e-14,2.427864495729754e-12
213931_at,6.1191469162352945,7.634332830903846,1.5151859146685513,9.331444398860175e-08,1.1596104368064423e-06
213933_at,7.936838773411766,4.634694288442308,-3.3021444849694577,9.807580620251546e-13,2.9443781225121516e-11
213935_at,7.304370210529412,5.325677656826922,-1.9786925537024898,1.1887578042700837e-17,8.010026197439124e-16
213939_s_at,7.542357619470589,8.557633554528847,1.0152759350582583,3.052757333946688e-06,2.7713979129986074e-05
213943_at,11.28955136270588,8.731250958846154,-2.558300403859727,6.311211803887496e-10,1.184524171404318e-08
213947_s_at,4.905061190058824,6.730441877836539,1.8253806877777157,1.3204226194508983e-10,2.7976454249615906e-09
213960_at,4.127073453882353,2.5676563763076925,-1.5594170775746607,4.536034930901084e-08,6.014874890516284e-07
213970_at,6.553186687117647,5.156826215163462,-1.3963604719541856,3.8323554805223425e-09,6.228649829883459e-08
213974_at,3.741004836647059,2.385428985413462,-1.355575851233597,7.317946835888536e-18,5.11403611211217e-16
213982_s_at,8.77691827917647,7.774346169326923,-1.002572109849548,4.4493761490620346e-05,0.0003106197247885095
213993_at,7.360725390588235,5.1400965423942315,-2.2206288481940035,6.767173216683126e-08,8.647753383126863e-07
213994_s_at,8.07763397682353,6.466217544115385,-1.6114164327081442,0.0001795296573209887,0.0010772288182066242
213995_at,7.650110718058822,6.414035090509615,-1.2360756275492069,6.130594318511642e-06,5.226518389722695e-05
213998_s_at,7.61880741935294,9.087913791278845,1.4691063719259052,3.1896193596115245e-07,3.555682904988509e-06
214004_s_at,7.167287393764705,8.984268571278847,1.8169811775141413,1.3524711778240875e-18,1.0776134951016187e-16
214012_at,5.856363857705882,3.472525910634616,-2.3838379470712665,3.4561474013535976e-11,8.123732515868993e-10
214014_at,4.113399167882354,2.6554789013365387,-1.4579202665458149,6.9589409835728166e-15,2.974252466267978e-13
214016_s_at,9.38095334317647,10.697299391307695,1.3163460481312246,2.3720044701568103e-07,2.705572246116793e-06
214030_at,8.618535249882353,6.3589129704326925,-2.25962227944966,3.6356443382915056e-13,1.190340925852502e-11
214033_at,8.036888172705883,5.2649830758557705,-2.771905096850112,6.616531407613329e-12,1.737842481694552e-10
214035_x_at,7.717960798470589,8.913975975038461,1.1960151765678724,2.741630397401492e-07,3.094838582415223e-06
214038_at,7.815347878823529,5.78019224275,-2.0351556360735286,1.889219169184146e-05,0.00014492156434982642
214039_s_at,9.192231538529413,11.236397145346153,2.0441656068167404,7.425990287014473e-07,7.696603187902828e-06
214040_s_at,5.1146056184117645,2.8020107972307695,-2.312594821180995,1.9477339069778525e-35,3.0372962545412633e-32
214056_at,5.75764271617647,4.5884180171826925,-1.1692246989937773,4.542091000356067e-08,6.019980201758956e-07
214059_at,3.2968645556470584,4.688878474173077,1.3920139185260183,0.0005144676009750065,0.0027309013026273954
214063_s_at,10.26495828564706,5.657048839048078,-4.607909446598982,5.511404386328346e-15,2.385463441724146e-13
214066_x_at,6.495145457058824,4.989898890846153,-1.505246566212671,7.679322515535081e-22,1.0272787832730127e-19
214071_at,4.755178991529411,2.5324671010384616,-2.2227118904909497,2.001494910234121e-21,2.4827179705833657e-19
214091_s_at,11.08230885,6.060173979788461,-5.02213487021154,1.4483393731067714e-20,1.546351759557808e-18
214092_x_at,6.592717926117648,7.882676835125001,1.2899589090073533,2.5079374425172134e-17,1.5972079075279696e-15
214093_s_at,5.8260475535294125,7.098022175278846,1.2719746217494334,2.1297279176163595e-08,2.998927244984089e-07
214096_s_at,8.619525161941178,9.79294307921154,1.1734179172703616,1.666881309406582e-07,1.959438186218002e-06
214097_at,7.7400735411764705,9.092066606615383,1.3519930654389123,1.8770014678591835e-06,1.7779393112510653e-05
214100_x_at,7.397104570058823,8.725072810576922,1.327968240518099,9.440168085146459e-12,2.421216794733123e-10
214106_s_at,6.0361698883529415,7.326490033951923,1.2903201455989812,1.8996726977374918e-05,0.00014566203451786257
214109_at,5.6575899348235295,6.949874782432692,1.2922848476091628,0.00015049188739951077,0.0009199929124527217
214110_s_at,7.570697710058823,4.931539844682693,-2.6391578653761307,8.165108724889161e-13,2.4905626480178303e-11
214112_s_at,7.582002630235293,8.615165712673077,1.0331630824377838,1.2895772486704065e-05,0.00010278013530254398
214113_s_at,6.966021984470588,8.334770297490383,1.368748313019795,3.7162291723664102e-09,6.047348598645984e-08
214116_at,6.473507014058824,5.367387335028846,-1.1061196790299777,9.928475207776748e-07,1.0001591885663477e-05
214117_s_at,5.300018788764707,4.132914548221155,-1.1671042405435514,3.027453885420615e-11,7.174789648822048e-10
214126_at,6.1455324396470585,4.864659797269231,-1.2808726423778278,8.45066845575111e-09,1.275522770039933e-07
214132_at,4.445326529882353,5.849998675403845,1.4046721455214923,1.2590348517060755e-06,1.2363595388856764e-05
214140_at,7.850111759999999,5.857124689326923,-1.9929870706730757,8.492474084630228e-10,1.5554051780705812e-08
214151_s_at,6.838754225117647,5.600134383490385,-1.238619841627262,8.322384964601449e-05,0.0005441152958588673
214156_at,5.131057416941176,3.9625651229519225,-1.1684922939892535,7.802428654241626e-05,0.0005134419502289048
214157_at,3.4924989205294117,4.9206022579711535,1.4281033374417418,2.3657621081670625e-05,0.00017685375989816477
214164_x_at,5.75685566617647,8.89069741958654,3.133841753410069,1.2278253583015683e-06,1.2091930752569702e-05
214180_at,6.279404509705883,5.215096902038462,-1.0643076076674216,0.00011014123934166414,0.0006983502209605817
214198_s_at,7.053760794588236,8.30006737085577,1.2463065762675338,2.729518686040691e-11,6.514276902486291e-10
214201_x_at,5.667019085294117,6.754524313615385,1.0875052283212678,3.433078569024268e-08,4.656096080791009e-07
214212_x_at,8.74118665464706,6.552656823048077,-2.1885298315989825,2.2286042718007165e-14,8.839752365596752e-13
214221_at,5.785066038588235,6.978167153923077,1.1931011153348416,2.0213233198457652e-07,2.338317199530776e-06
214239_x_at,6.445688900823529,8.23004974121154,1.7843608403880102,1.19282193789508e-06,1.1776997282649427e-05
214247_s_at,7.759316632117647,9.134793905567308,1.3754772734496612,9.853316236156174e-05,0.0006337310238665658
214250_at,4.069297485529411,5.592345990076923,1.5230485045475115,1.658542483916192e-06,1.5892133116162542e-05
214290_s_at,6.000269632000001,7.656392931182693,1.656123299182692,0.0007901811219673703,0.003963905832339807
214291_at,3.5844325105294117,5.270795727326923,1.686363216797511,1.009935523921198e-09,1.8209868173140095e-08
214293_at,8.120334427941176,5.518862311778846,-2.6014721161623298,5.499243428405876e-25,1.154396950303709e-22
214295_at,6.741940827294117,8.049049174778846,1.3071083474847285,0.001349726211273642,0.006331474592617455
214321_at,5.579826903117646,4.365560228740384,-1.2142666743772619,6.893674590211512e-05,0.0004595698857446611
214324_at,3.011511109705882,4.566896130865384,1.555385021159502,0.003264748390025416,0.013551350093482179
214349_at,5.652253438058823,3.924658922144231,-1.7275945159145918,6.552049032923996e-10,1.22593172495015e-08
214352_s_at,7.705458893882352,8.889214334163462,1.18375544028111,5.198134069383304e-09,8.16942743408054e-08
214373_at,3.7326589129999994,5.517313688596153,1.7846547755961537,4.5642408078582014e-07,4.93290493172461e-06
214374_s_at,5.6975966605882356,6.735797564615384,1.038200904027148,0.0005045987191853993,0.0026850437256917136
214375_at,5.97599560382353,7.6832236541730765,1.7072280503495465,4.165820706528034e-06,3.6790668016439086e-05
214402_s_at,4.83146006682353,6.307407472201924,1.4759474053783945,2.416603521482274e-07,2.754140814344979e-06
214404_x_at,5.831921024823529,8.658828238269232,2.8269072134457023,7.24620576534646e-09,1.1090596311465071e-07
214414_x_at,12.287044115882352,7.181108411163461,-5.105935704718892,5.499596788269446e-18,3.9134614485913705e-16
214427_at,5.515492936235295,6.7785968972403845,1.2631039610050898,1.2859095596606886e-07,1.5452148361233097e-06
214428_x_at,6.937006524882352,10.501957232086538,3.5649507072041855,3.223960818157504e-11,7.610750756670346e-10
214434_at,7.284506780470589,3.8490419327307697,-3.4354648477398193,3.378835273611189e-27,1.0360306202158711e-24
214439_x_at,7.4173488370588245,4.851464961509615,-2.5658838755492095,9.54605394708379e-13,2.872183453020321e-11
214440_at,6.400352437294118,8.3869591855,1.9866067482058822,0.009336982645403459,0.032835256172904344
214442_s_at,4.65014527317647,3.5160248923365383,-1.1341203808399318,1.090499605704563e-08,1.606867656040749e-07
214449_s_at,6.611803321882353,3.818210094028846,-2.7935932278535067,2.8244482297864865e-25,6.190986342711512e-23
214451_at,4.479263666941176,7.097466251634616,2.6182025846934405,0.005864875968254394,0.022284813803352586
214454_at,5.407592261588236,3.6009736248365383,-1.8066186367516974,6.844943020363638e-19,5.703666337533237e-17
214456_x_at,12.270155252058823,7.567580051163461,-4.702575200895361,5.4900462024597254e-14,2.0664912529934438e-12
214501_s_at,8.586092060941176,9.799864007567308,1.2137719466261316,1.7283415179400435e-13,5.985479169267109e-12
214505_s_at,9.02862644217647,3.655161017509615,-5.373465424666856,4.882594238906277e-41,1.3324355548263286e-36
214533_at,3.78735529417647,2.369836042211538,-1.417519251964932,1.27436276867301e-21,1.6327099894695826e-19
214578_s_at,6.689868163764706,5.667768387173077,-1.022099776591629,1.7499233202866415e-13,6.048705820007892e-12
214581_x_at,4.319114691941176,2.8613732853749996,-1.4577414065661767,1.0432571462352064e-07,1.2824308960443994e-06
214582_at,6.936227498764706,2.527129710125,-4.409097788639706,2.8164017749729277e-40,3.0743278495249486e-36
214583_at,5.400989210117647,4.391515719692308,-1.0094734904253393,3.468279352788372e-07,3.839659610463216e-06
214584_x_at,4.753868849294118,2.4421185489134616,-2.3117503003806568,8.393315509657418e-30,3.9834675408834104e-27
214600_at,4.734705652,3.410289198586539,-1.3244164534134608,3.875127151945019e-16,1.9915307422411224e-14
214621_at,3.4010351870588234,2.316787340201923,-1.0842478468569006,8.663444464316331e-10,1.5835302592696617e-08
214651_s_at,6.9699343330588235,4.921689354384616,-2.048244978674208,1.679434258752245e-06,1.6075384498147803e-05
214656_x_at,8.753423898588235,7.609930447125,-1.1434934514632342,8.049200815555004e-13,2.4625410947991956e-11
214660_at,5.844568396764706,3.528190336653846,-2.31637806011086,6.672491270490675e-17,3.958455446218593e-15
214665_s_at,9.252997962235293,7.944293566807692,-1.3087043954276005,4.5408890389876536e-10,8.732811235338518e-09
214695_at,5.041433270941177,6.354814589721154,1.3133813187799772,9.299463704960131e-10,1.6867910586673945e-08
214696_at,9.207720739470588,7.506030879490385,-1.7016898599802026,8.10551958836068e-09,1.2275004262295713e-07
214697_s_at,4.03244768835294,5.562529814913461,1.5300821265605205,1.005062161374199e-09,1.8133979406823934e-08
214705_at,3.470044950647059,5.557992171038462,2.087947220391403,2.889322077087997e-10,5.784897639229119e-09
214710_s_at,4.939710752470588,7.480758072903847,2.5410473204332593,4.924221970335093e-10,9.403747757834816e-09
214723_x_at,7.6062159903529425,8.939783250413463,1.3335672600605202,1.549208134880874e-05,0.00012124208602475369
214724_at,7.77014448382353,5.43500210885577,-2.3351423749677602,8.214275548819147e-18,5.700805709586843e-16
214728_x_at,7.538278302941175,9.55630279335577,2.018024490414594,1.769109689436397e-18,1.3754449820477081e-16
214740_at,3.9686955761764704,4.987769763451922,1.0190741872754518,5.769189169487337e-07,6.106993321983115e-06
214744_s_at,6.9322831000588225,4.939383505634615,-1.9928995944242072,5.7309557721012705e-08,7.413838233835393e-07
214745_at,3.073812846764706,4.109022469471153,1.035209622706447,0.0007410932402170038,0.003745890716596022
214746_s_at,5.046311535647059,6.272496880509616,1.2261853448625564,2.0162034477278505e-06,1.8992469446589292e-05
214753_at,4.249146399764705,5.630279762576923,1.3811333628122178,1.8757127481584278e-07,2.185936446313251e-06
214761_at,8.137423475705882,6.332287760432693,-1.805135715273189,2.7308981839928456e-08,3.7705462176611566e-07
214767_s_at,3.9536559399411764,2.5798172806346154,-1.373838659306561,3.272775047102503e-19,2.8398217694087045e-17
214769_at,5.165453404352941,3.4474914331346156,-1.7179619712183252,4.269003483603322e-09,6.846839292729524e-08
214774_x_at,4.527030799882353,7.809487324749999,3.282456524867646,1.4294656859581368e-07,1.7053291294843528e-06
214782_at,3.312103775117647,5.071521001,1.7594172258823528,4.47939101225703e-09,7.144379954937944e-08
214798_at,4.947873598411765,6.107445225634615,1.1595716272228502,2.6101185781049114e-06,2.4015114948480777e-05
214802_at,6.6481944387058824,8.284048367192309,1.6358539284864264,2.6473552421176906e-13,8.853554029383667e-12
214806_at,4.143530278529412,5.313534157221152,1.1700038786917402,3.5229923831280455e-06,3.1552576514398685e-05
214820_at,3.469473605941176,4.559853413115385,1.0903798071742088,4.902925902861155e-06,4.262452896659111e-05
214833_at,3.011705337882353,4.217439023865385,1.205733685983032,4.0811963001434213e-07,4.4513911443950396e-06
214835_s_at,9.368900465294118,8.232326796836539,-1.1365736684575793,3.360290527668512e-06,3.0249265497215854e-05
214846_s_at,3.9932270013529414,2.385486089634615,-1.6077409117183263,6.858772394637966e-23,1.0757038463417975e-20
214850_at,5.267260395882353,7.018679316711539,1.7514189208291864,8.177408230255607e-07,8.386222544139811e-06
214856_at,3.7296376037647057,2.3676477169999997,-1.361989886764706,1.2062963830286895e-20,1.3089155127101958e-18
214870_x_at,7.76660656217647,9.11377602676923,1.3471694645927599,6.985390243438833e-08,8.893296340019782e-07
214882_s_at,7.900356946352942,8.932574320586538,1.0322173742335954,9.327963102504304e-07,9.455997365742615e-06
214889_at,5.893809232823529,2.7058096489326924,-3.187999583890837,4.6520710996067e-25,9.841294129667987e-23
214890_s_at,6.8452388194705875,3.440919260615384,-3.4043195588552035,3.5263535425386653e-22,5.0172723813220994e-20
214911_s_at,8.675392649058823,9.882800160221153,1.2074075111623301,2.0153957546254653e-10,4.143061577841931e-09
214913_at,3.7211344269999995,2.624270312730769,-1.0968641142692306,2.1642601410078948e-05,0.00016340179033900938
214924_s_at,6.529822866705882,7.569462850269232,1.0396399835633492,2.182804877928505e-06,2.0399881409667785e-05
214948_s_at,6.260125516529412,7.659848518817307,1.399723002287895,4.605545755090978e-09,7.332732840347447e-08
214953_s_at,6.3704591668235295,7.900198555144231,1.529739388320701,0.0001272745905472461,0.0007941602695184799
214981_at,3.770297435588235,5.3605700573653845,1.5902726217771495,1.8576917993495457e-06,1.760565388378171e-05
215000_s_at,10.335635669764706,8.923555113528845,-1.4120805562358605,5.720410219625552e-09,8.917859736559354e-08
215011_at,3.4662858103529413,4.65867507489423,1.1923892645412888,5.462686347038893e-08,7.095382154570103e-07
215012_at,4.126772267,5.269072799048077,1.1423005320480772,1.8684733658042685e-07,2.1781163569464153e-06
215017_s_at,8.517360940882353,9.557736647288461,1.0403757064061079,0.000907678656231094,0.004474771328555404
215039_at,8.217367547058824,3.508521104913462,-4.708846442145362,2.433157540020711e-28,8.51277598569169e-26
215043_s_at,3.180272951470588,4.68383488448077,1.5035619330101815,2.9937277538683616e-05,0.00021823783501854056
215046_at,4.196704433941176,2.9427400394519228,-1.2539643944892531,3.0610951478840303e-18,2.273081796957313e-16
215049_x_at,6.9725876978823536,4.926620911423077,-2.0459667864592763,4.227245873354814e-05,0.0002968590485355538
215051_x_at,9.271617072705883,8.1567117795,-1.114905293205883,0.0001382862126356392,0.0008542754045773121
215066_at,4.275648102588235,5.933299341634615,1.6576512390463796,7.080844898921259e-10,1.3180949308943498e-08
215067_x_at,7.141812820764706,8.435920659346154,1.2941078385814482,3.8220084872994515e-08,5.135435776177172e-07
215071_s_at,7.009673264235294,8.320444532692308,1.3107712684570139,0.004371754845818491,0.017359476735534916
215083_at,2.964526917882353,4.220125570153846,1.2555986522714933,3.0353967187407834e-08,4.157312861032703e-07
215096_s_at,11.533457890588236,10.284565967019232,-1.2488919235690048,1.0703868350208645e-09,1.9179462596389943e-08
215108_x_at,4.292501403941177,7.0522092545096156,2.7597078505684385,1.4975751994520932e-06,1.4458899135131046e-05
215119_at,4.591861757,2.3833506710480767,-2.2085110859519235,5.1285753542255814e-24,9.618986744270722e-22
215123_at,4.7548277070000005,6.7315108505288475,1.976683143528847,5.975439991081571e-11,1.347659253195211e-09
215146_s_at,5.694505793058823,4.452860633317308,-1.2416451597415152,4.220095976952382e-08,5.620512892290972e-07
215160_x_at,6.961693057764705,5.602964818125001,-1.3587282396397047,2.500035875046875e-10,5.057429874877071e-09
215169_at,4.2285047549999994,6.236481981365385,2.0079772263653854,9.393315230186906e-10,1.7021173703465177e-08
215184_at,6.823945622352942,5.606248228326923,-1.2176973940260192,1.0570123632998696e-11,2.692052159428072e-10
215191_at,3.923087497529412,5.696695590807692,1.7736080932782796,8.513383185458297e-09,1.283352701656224e-07
215198_s_at,5.417541376352942,6.53221668223077,1.114675305877828,2.1073374182424706e-05,0.00015963409986156254
215206_at,5.083991373882354,6.333087711807692,1.2490963379253381,6.62676816180501e-07,6.9300186943855186e-06
215221_at,4.765674767470588,6.332784667692308,1.5671099002217197,4.0356128861770795e-09,6.519624093265662e-08
215241_at,4.971039118941177,2.619454337230769,-2.3515847817104083,2.8303916768461854e-14,1.1121666474484374e-12
215248_at,3.4580247066470586,4.985591081230769,1.5275663745837105,6.441425923936705e-08,8.252736748885948e-07
215269_at,4.314598006235294,6.078853559134616,1.7642555528993213,7.233781499059854e-16,3.550472665802048e-14
215271_at,5.362870619058824,4.135637317009616,-1.2272333020492079,0.00032767650415672483,0.0018352237989091723
215280_s_at,3.4343294949411765,4.925564218086539,1.4912347231453622,6.990245900942541e-07,7.282317828355466e-06
215283_at,5.487901756411765,4.317804646567307,-1.1700971098444581,7.600971131953546e-12,1.98399523391149e-10
215303_at,5.764415689705883,3.9645654351442308,-1.7998502545616524,9.410608107532625e-07,9.530925587326465e-06
215304_at,3.3677305119411765,6.300937072067308,2.9332065601261315,3.2660997644534994e-09,5.3660583697804796e-08
215306_at,5.122313996529411,3.1941520689134615,-1.9281619276159496,8.767603844414703e-15,3.6923383504962196e-13
215314_at,2.9527489964117652,4.324905326211539,1.3721563297997736,9.990765378851563e-06,8.143458536623947e-05
215321_at,4.265741260588236,3.2611556023461534,-1.0045856582420822,4.795547893437464e-07,5.154316827017002e-06
215378_at,3.531050958117647,4.547406764384616,1.0163558062669686,3.4839201816458033e-07,3.855411183983096e-06
215380_s_at,9.397887350294118,10.73786753264423,1.3399801823501125,2.1536864432963423e-07,2.4824931866667598e-06
215385_at,7.033856983588235,8.075249749125,1.0413927655367647,0.0001783600238071285,0.0010709253838690062
215388_s_at,9.590643059294116,7.570559912375,-2.0200831469191165,2.833986709193064e-09,4.7042627920026835e-08
215393_s_at,3.558191687823529,2.475710527278846,-1.082481160544683,2.493441190648508e-08,3.4672490890294246e-07
215412_x_at,4.921902852588235,6.119214316134616,1.1973114635463808,4.7328048890499195e-09,7.517804366689626e-08
215436_at,4.637674753647059,2.503329595538462,-2.134345158108597,3.0045169417152064e-24,5.856554648638366e-22
215470_at,4.281048815470589,6.123697782182693,1.8426489667121038,2.2246424669662797e-07,2.5556464155872993e-06
215536_at,3.0443427231176474,4.1060246034230765,1.061681880305429,0.0035228204805693403,0.014457629822467405
215553_x_at,6.300988086941176,7.306673853740386,1.0056857667992096,1.39776699633027e-06,1.3584395115765454e-05
215559_at,5.963988143352942,3.2777287307692307,-2.686259412583711,3.478616870225044e-11,8.165996996129578e-10
215577_at,4.416934446411766,5.554400102778846,1.1374656563670804,2.6806167237953527e-13,8.953817635742139e-12
215599_at,5.164590974294119,7.256127694153846,2.091536719859727,3.864110823886005e-12,1.0529171475630269e-10
215605_at,3.776923670235294,4.778769623105769,1.0018459528704753,3.7908592391932326e-07,4.161423329797959e-06
215617_at,4.0670596077058825,2.3359373855192307,-1.7311222221866518,4.002190332206829e-23,6.599261212734638e-21
215629_s_at,3.246274048764706,4.633077589182692,1.386803540417986,1.8109429517057393e-09,3.11403451043313e-08
215631_s_at,6.367323153823529,7.403273431192307,1.0359502773687783,1.2824682688821961e-08,1.8660580017947584e-07
215635_at,5.029629553647059,6.037855889182693,1.0082263355356345,4.61950081951354e-06,4.037920167012004e-05
215695_s_at,11.711067625411765,6.80994154039423,-4.901126085017535,5.103297931661086e-17,3.1017026482419866e-15
215696_s_at,7.968034441176472,9.21011517410577,1.2420807329292982,1.269481852939891e-08,1.8491339752230131e-07
215714_s_at,3.3624331344117646,5.534399863057692,2.171966728645927,1.3562378877557638e-11,3.403315295440084e-10
215726_s_at,11.695340790588235,10.131312956221153,-1.5640278343670815,1.7850863534136453e-05,0.00013790265829152632
215754_at,4.581442122882352,5.676593454028847,1.0951513311464947,6.025466184223541e-10,1.1363646125388274e-08
215768_at,7.478836359352941,5.697014210942307,-1.781822148410634,9.790323816941464e-05,0.0006299765192228816
215772_x_at,8.896377569529411,7.738342353711539,-1.1580352158178728,4.804488444526743e-05,0.00033268735703352587
215785_s_at,6.549223758117647,7.962994402923077,1.41377064480543,0.0005150638143938781,0.0027335344151889806
215794_x_at,6.191872238235295,5.025609215557692,-1.1662630226776027,2.2006300229339284e-08,3.0868205094245916e-07
215867_x_at,5.836002057529412,8.874201307884617,3.0381992503552047,3.469684862637672e-06,3.111923745740275e-05
215870_s_at,3.397831373411765,2.3321772456057692,-1.0656541278059959,1.2348079693024805e-15,5.896289077564312e-14
215888_at,3.272257315647059,4.344686811173077,1.0724294955260185,4.137135236910873e-09,6.656860380169769e-08
215908_at,4.833798964529412,5.8899076956538465,1.0561087311244348,6.3605723046190866e-09,9.831596596256163e-08
215918_s_at,7.493421421058824,2.859698766605769,-4.633722654453055,3.954319147149156e-29,1.647502173528655e-26
215936_s_at,5.280873321235294,4.234520356567307,-1.046352964667987,7.887893331473016e-07,8.122893021480485e-06
215983_s_at,4.724184348176471,3.638976335932693,-1.0852080122437777,1.0686239785466896e-08,1.578468961437071e-07
216006_at,4.620466007117647,5.75421506760577,1.1337490604881229,3.7430104954199836e-06,3.3342544447450184e-05
216022_at,5.026410429294119,6.059930288673077,1.0335198593789583,2.9936756591388997e-07,3.3564466680390716e-06
216033_s_at,5.744593079647059,4.074102206038462,-1.670490873608597,5.783933546341203e-09,9.009169778132322e-08
216035_x_at,8.443113997529412,7.035663675557692,-1.4074503219717203,4.173050717059024e-05,0.0002934685415363542
216037_x_at,7.661232889941177,6.312780828298077,-1.3484520616430995,9.414369475039292e-08,1.1680538112711288e-06
216044_x_at,7.458701765764706,4.723216874836539,-2.7354848909281673,1.305870723830524e-16,7.347744148035688e-15
216048_s_at,4.744807519058823,2.6662361316057694,-2.078571387453054,2.069953946312566e-22,3.061680662216627e-20
216074_x_at,3.0419766062941176,4.4285726795288465,1.3865960732347289,1.570359893273929e-07,1.8560171437962304e-06
216080_s_at,6.963474968941176,4.050973094115384,-2.912501874825792,2.657421566832561e-16,1.4081496281180032e-14
216101_at,3.543339852411765,5.496617549374999,1.9532776969632342,4.1065195428517186e-10,7.96197975592554e-09
216176_at,3.220247396411765,4.859253880913461,1.6390064845016963,5.117470745618885e-08,6.688372505391119e-07
216211_at,3.3413663175882355,5.066263759067307,1.7248974414790714,1.9321698071111624e-12,5.538649994869755e-11
216212_s_at,6.406729970647058,7.731857247413462,1.3251272767664037,4.695565075102555e-10,9.017566721816408e-09
216218_s_at,3.7974080381764708,2.6190805760576925,-1.1783274621187783,1.9244018462457476e-17,1.2518704215285656e-15
216222_s_at,3.253897847529412,5.0386395140865385,1.7847416665571267,8.849091364256614e-07,9.01408282138413e-06
216237_s_at,5.8088876631764705,7.0276956005,1.2188079373235299,9.220581060226712e-05,0.000596621332170852
216247_at,4.045386947705883,2.931711011932692,-1.1136759357731911,1.5397828176704484e-08,2.2150713338333e-07
216251_s_at,6.110723863058824,7.319840818807692,1.2091169557488683,6.150789322453325e-07,6.478269595333462e-06
216262_s_at,4.591788931705883,5.647499032586539,1.0557101008806553,6.242786862356167e-07,6.566295320110565e-06
216321_s_at,11.54193380952941,9.505001926028845,-2.036931883500566,1.27122353108219e-13,4.476265103415152e-12
216331_at,8.958977002058823,4.792284560096154,-4.166692441962669,3.102928530820147e-20,3.1420173707538554e-18
216333_x_at,9.991732787294117,6.015492200846154,-3.976240586447963,1.4685368100073825e-20,1.5624029347639947e-18
216379_x_at,8.547172038470588,12.793514003163462,4.246341964692874,1.3900641132650143e-17,9.263839855689215e-16
216442_x_at,9.48020239617647,11.764176105413462,2.2839737092369923,1.683855897283857e-09,2.916635068798973e-08
216484_x_at,7.472317311470588,8.499936358173077,1.0276190467024886,3.55632310335496e-08,4.8116152369363e-07
216511_s_at,6.9841494615882365,5.608206489221154,-1.3759429723670822,6.917027444647546e-07,7.2101688483846145e-06
216527_at,4.448792333823529,5.654459639567308,1.2056673057437788,0.00026334105329422824,0.0015103921130459944
216568_x_at,3.65886222717647,5.261721101201923,1.6028588740254528,4.851113242304438e-10,9.270620085845026e-09
216594_x_at,11.728523798117646,6.30116976535577,-5.427354032761876,6.619903354834304e-22,8.965451742022369e-20
216598_s_at,7.49342571235294,5.455410113913462,-2.038015598439478,1.6405749048384657e-08,2.3526257943031692e-07
216623_x_at,4.035875433823529,7.170183219865384,3.1343077860418553,1.5977664002085666e-07,1.8834663576022323e-06
216682_s_at,3.264518947117647,4.89824718975,1.6337282426323534,5.854622905985708e-11,1.322049911401713e-09
216705_s_at,4.285451202117646,2.8873019278461536,-1.3981492742714927,2.950292440887795e-10,5.89184087563904e-09
216804_s_at,4.98903217482353,6.748486984163462,1.7594548093399318,5.897590141726754e-08,7.607765831843641e-07
216836_s_at,4.605713067,7.73060486951923,3.1248918025192305,2.440144276959037e-09,4.11051341025146e-08
216840_s_at,6.857711519764706,3.995163237105769,-2.862548282658937,3.9383624801581216e-11,9.162484475897278e-10
216858_x_at,8.776486643823532,9.852161892471154,1.075675248647622,3.610618150315479e-05,0.00025756623712726247
216862_s_at,8.666886008117647,7.655582918115385,-1.0113030900022615,8.132926152363575e-10,1.4965845464256628e-08
216863_s_at,4.628497882058824,5.740921301451923,1.1124234193930995,1.1879276960980036e-06,1.1739255065242248e-05
216894_x_at,8.247689838882353,5.760067426201923,-2.4876224126804303,2.2533226191691613e-12,6.385467042140896e-11
216905_s_at,4.213575920176471,7.153910425096154,2.940334504919683,1.59275124041971e-16,8.834427840535299e-15
216913_s_at,4.8005011145882355,5.971558961259617,1.1710578466713812,4.6370789152435316e-17,2.8532934624022176e-15
216942_s_at,6.510205834411765,5.191602974519231,-1.3186028598925335,3.8021434577912335e-08,5.110858211890122e-07
216952_s_at,3.9413795912941176,5.733385205230769,1.7920056139366518,3.3120041806859723e-09,5.431666952453716e-08
216973_s_at,6.971797372000001,5.424912732875,-1.5468846391250013,1.5141900164978113e-05,0.00011884235966412719
217028_at,8.735215627058823,10.388126995173078,1.652911368114255,1.4397160267653685e-06,1.3947153181545446e-05
217047_s_at,9.863853065882353,6.482626547278847,-3.3812265186035058,1.1017022282775026e-19,1.0385113284483215e-17
217085_at,3.4765653664117644,2.385204370278846,-1.0913609961329183,7.828083951512355e-11,1.7318564815143608e-09
217127_at,4.9776150670588235,3.631467021538462,-1.3461480455203616,1.0982685586362951e-07,1.3443014052884133e-06
217143_s_at,5.2054678865882344,3.2760883253269233,-1.9293795612613112,7.32991470615258e-09,1.1212427543360473e-07
217152_at,5.505869949882352,7.1232393989423075,1.6173694490599555,2.4938945969131283e-11,5.993583144206149e-10
217164_at,4.268786263470588,6.664371655461538,2.3955853919909504,5.888396840913422e-21,6.780228083970752e-19
217200_x_at,6.307469364411765,7.888728075192308,1.581258710780543,6.221282538826852e-13,1.9480859419772278e-11
217202_s_at,8.432550422764706,6.801044470413462,-1.6315059523512438,4.334926252253626e-06,3.8129885563537574e-05
217221_x_at,6.3886479544117645,7.4695161286346154,1.080868174222851,8.573422282102132e-09,1.291194301144736e-07
217232_x_at,10.638920354882353,4.807133215807692,-5.831787139074661,1.4601808681556326e-22,2.213755877862952e-20
217234_s_at,5.560943418941176,8.395295843221154,2.8343524242799782,1.0657995240607331e-13,3.801978576713121e-12
217414_x_at,8.812188586882353,3.8838101160673073,-4.928378470815046,9.49683789631932e-26,2.2733680506281237e-23
217419_x_at,3.6739041648823534,5.635134901634615,1.9612307367522614,7.04263678885001e-13,2.1777907835617265e-11
217428_s_at,3.581114581470588,7.143731932759616,3.562617351289028,1.993009213636081e-13,6.8027798543491975e-12
217437_s_at,6.716039266411765,4.260470162567307,-2.455569103844458,7.180924247475744e-13,2.215532303578172e-11
217482_at,3.300676291705882,5.159947535048078,1.8592712433421958,6.97056549125652e-21,7.925968623901867e-19
217492_s_at,9.979564196058822,7.962241920634616,-2.017322275424206,4.928324624999766e-15,2.1570411363902342e-13
217497_at,4.104121681764706,5.335596039461539,1.2314743576968326,1.5138198765475938e-06,1.4600242983228684e-05
217504_at,5.730374039588235,2.632092954105769,-3.098281085482466,2.5981866606507073e-29,1.1344514380132397e-26
217506_at,5.594521556058823,3.6735222845,-1.920999271558823,4.5194606741619803e-13,1.4518401655979207e-11
217518_at,3.4536212490588234,4.7839084490769235,1.3302872000181,1.4188631639122356e-06,1.377203141084224e-05
217520_x_at,4.070969424588235,2.7956133309134614,-1.2753560936747732,5.374370509205071e-07,5.723468644329825e-06
217523_at,6.4294464495882355,7.809641283624999,1.3801948340367636,2.044160832184986e-06,1.9212718109148333e-05
217525_at,5.710759740882353,3.302248063528846,-2.4085116773535074,8.202314099704736e-16,3.993524542799151e-14
217526_at,5.458941507411765,6.501769678336538,1.042828170924773,3.649715323894336e-06,3.257428324772327e-05
217529_at,3.7647855424117647,4.908287224923077,1.1435016825113125,3.854863315063703e-07,4.221400178026923e-06
217546_at,5.79330976417647,2.6312103479134614,-3.162099416263009,5.91407195107798e-26,1.4539825811616445e-23
217586_x_at,7.06319083182353,8.148104637701923,1.0849138058783936,1.3639080911307317e-06,1.3292989233182895e-05
217599_s_at,6.072526503058824,3.5980803276442312,-2.4744461754145926,6.40522081037567e-13,1.9988024391623427e-11
217602_at,3.3431849910588234,4.529510249153846,1.1863252580950228,1.91121006861396e-06,1.8087729206672677e-05
217610_at,4.9676200842941185,6.043229070125,1.0756089858308817,3.4722817564968234e-09,5.672363543485188e-08
217617_at,3.667477057941176,6.615701554125001,2.9482244961838244,5.771975772686552e-14,2.1651454687110606e-12
217626_at,5.705971792941177,3.0560609797788465,-2.64991081316233,1.3639916157203213e-18,1.0836287975895112e-16
217656_at,3.2388736043529414,5.013305586432692,1.7744319820797503,9.466483384506949e-15,3.965243258963966e-13
217716_s_at,7.223257262764705,9.067458154125,1.8442008913602939,1.7991455249943053e-10,3.735091807100198e-09
217728_at,10.806826763352941,9.704018927326924,-1.1028078360260167,0.0011402026780605978,0.005456468852617452
217730_at,9.500789210294117,8.23532812973077,-1.2654610805633482,1.1486326750034009e-07,1.3996700774505609e-06
217732_s_at,11.328294117117647,10.233984647076925,-1.0943094700407219,0.0001833858919559804,0.0010961579889459483
217734_s_at,7.542934101235295,9.113402428134616,1.5704683268993218,2.4382379084829798e-14,9.643230928050185e-13
217736_s_at,7.851120247235294,8.978296977586538,1.1271767303512439,4.4523138398517657e-07,4.820528408356864e-06
217738_at,7.631501708117647,6.460893493211538,-1.1706082149061094,0.00021199467444273255,0.0012450723486936296
217741_s_at,9.987736666294118,8.476762591182693,-1.5109740751114256,3.4485978534555543e-10,6.797436700749394e-09
217744_s_at,6.2068924249999995,7.782537024923075,1.5756445999230753,0.00015632842000023255,0.0009514104410339755
217750_s_at,7.752575576529413,8.766953577673076,1.0143780011436636,2.7098160474991707e-05,0.0001993517321154566
217754_at,5.045346779470587,6.119212317355769,1.0738655378851822,1.8116782906413737e-07,2.115523950040983e-06
217755_at,5.486718165764706,7.901871703278847,2.415153537514141,8.857290696294314e-10,1.614636168714253e-08
217761_at,9.964822221294115,8.738347431413462,-1.226474789880653,0.00010791717384705514,0.0006860817042980108
217767_at,11.51446165482353,10.460322019076925,-1.0541396357466049,0.009092824744972564,0.03211319281453718
217769_s_at,10.362815493235294,9.300101680951922,-1.0627138122833717,1.7395959423655818e-11,4.282607439710018e-10
217771_at,5.8044733773529416,7.988444325759616,2.1839709484066745,1.8119585220432799e-06,1.7244094886591138e-05
217777_s_at,5.301867696999999,6.403002232721154,1.1011345357211555,0.0010815671844913069,0.00521289785962125
217781_s_at,8.472793170000001,6.238095802855769,-2.234697367144232,3.769458425814264e-12,1.0296960531657494e-10
217792_at,8.267556968764708,7.125957183528846,-1.1415997852358624,2.237962709638974e-10,4.567904514935885e-09
217805_at,5.890764624588235,6.9869585936730765,1.0961939690848412,1.9435354679548706e-10,4.00589963389384e-09
217809_at,9.220105479823529,10.473125090076923,1.2530196102533946,3.7086355671366094e-11,8.664923049411491e-10
217820_s_at,7.805574700235294,9.166517152096153,1.3609424518608595,8.19505299945245e-08,1.0296450222309282e-06
217838_s_at,7.132485420529412,8.797814787173078,1.6653293666436655,2.7448235348982868e-05,0.0002015196713898488
217842_at,7.507941460529412,8.664243110721154,1.1563016501917422,7.2505856863935044e-09,1.109418884714525e-07
217854_s_at,9.384612901764706,8.274280282903845,-1.1103326188608609,3.2752936006099513e-06,2.9537714710457787e-05
217865_at,9.126296736529412,7.573440064903847,-1.5528566716255643,2.379454712778068e-06,2.207142399196366e-05
217867_x_at,6.278759311705882,7.997561605971155,1.7188022942652728,8.983262047014331e-05,0.0005830627414246583
217871_s_at,9.469711453117647,11.405056096230767,1.9353446431131207,9.933363504952656e-14,3.5667963601105988e-12
217874_at,12.108654851764706,10.710056813269231,-1.398598038495475,5.924988054054919e-19,4.97507573849636e-17
217882_at,9.226216570882352,7.9186463878749995,-1.3075701830073525,3.0130434120741655e-05,0.00021952862953890785
217884_at,5.856751241235294,7.2391901880288465,1.3824389467935525,1.129987737015413e-09,2.015477147011903e-08
217885_at,6.895868003294118,8.288000771644231,1.3921327683501135,1.6805694091610486e-11,4.1485209309181757e-10
217886_at,8.997134078588237,7.792290091836538,-1.2048439867516993,3.381888488453232e-07,3.752390563352083e-06
217887_s_at,9.023706220823529,7.924655852038462,-1.0990503687850675,3.899412418392487e-08,5.226572455389085e-07
217888_s_at,5.9032095905294115,7.674945089403847,1.7717354988744356,5.976043237236528e-17,3.592141672303221e-15
217889_s_at,5.850663605941176,4.741288868778846,-1.1093747371623301,0.007045664182076775,0.026007392492463702
217890_s_at,8.065434336705883,6.2751392072500005,-1.790295129455882,9.57139966943398e-09,1.4273153621804298e-07
217892_s_at,9.093314380941178,7.728017673009616,-1.365296707931562,0.00012531947252983233,0.0007837528923118735
217901_at,8.387641179294116,9.919465698807691,1.5318245195135756,2.8178713164499234e-05,0.00020652155039683142
217909_s_at,7.047982552705882,5.846410261211537,-1.2015722914943447,1.3706008795057877e-06,1.3348684047563596e-05
217921_at,5.249548859529412,4.230663955413461,-1.018884904115951,8.745999298014803e-06,7.212872403843306e-05
217931_at,6.134880616235295,7.237217440836537,1.1023368246012426,3.7141235009202815e-08,5.000324286056439e-07
217943_s_at,8.153663621470589,6.604336578442308,-1.5493270430282804,3.3588475489722242e-12,9.254040402592379e-11
217955_at,8.079112411176471,6.887869470567306,-1.1912429406091647,2.025952954142269e-06,1.9058255047970177e-05
217979_at,10.757742636411765,12.488258908807692,1.7305162723959278,8.786175879458854e-12,2.270552525212996e-10
217989_at,9.194001634470586,6.9695218868942295,-2.224479747576357,3.765019500871667e-10,7.3599928129682916e-09
218002_s_at,11.301947161235294,9.072954202240384,-2.22899295899491,0.002025050601930091,0.008979221447943978
218009_s_at,3.586378133,6.98939920010577,3.4030210671057697,1.0353859839621771e-13,3.7080270090991905e-12
218019_s_at,8.768265725117647,7.725750362971154,-1.042515362146493,0.0002267540096210278,0.0013208118560412035
218024_at,8.770340562529412,7.103419608875,-1.6669209536544125,5.447955620488533e-15,2.361747178797805e-13
218025_s_at,9.117641707882354,7.7223052330769235,-1.3953364748054309,0.0003950923347519243,0.0021610677231795835
218031_s_at,8.357877751941176,5.7976511555000005,-2.5602265964411757,3.685908096015994e-13,1.2060742084679672e-11
218032_at,9.006185713411764,7.709933866557693,-1.2962518468540711,2.117878195031841e-07,2.445349566461664e-06
218035_s_at,7.2525649688823535,8.738770142115383,1.4862051732330297,3.541458235469085e-07,3.913530047249791e-06
218037_at,6.341488343764706,7.799012391663461,1.4575240478987554,6.346100111110463e-09,9.817567969509581e-08
218039_at,4.946083236352941,8.700236255288461,3.7541530189355203,9.896685127941602e-20,9.377624611075082e-18
218042_at,8.635370208588235,7.593107356951923,-1.0422628516363117,2.7125508936731393e-05,0.00019947226519238248
218043_s_at,7.874754846588236,6.768249105124999,-1.1065057414632369,3.551799540732884e-12,9.746287940354955e-11
218052_s_at,5.77142144917647,7.192066488067308,1.4206450388908376,1.5931869893280597e-08,2.288880039234961e-07
218064_s_at,4.613051087176471,6.033483932932692,1.4204328457562214,4.7151259948667254e-07,5.07787809143313e-06
218066_at,6.419268964470588,7.7471516409326915,1.327882676462104,6.980655764778044e-14,2.5918177618083054e-12
218069_at,7.482974264941177,8.718603995567308,1.2356297306261315,8.35459404008681e-09,1.2631174185980553e-07
218078_s_at,6.514868507294118,5.279236797480769,-1.2356317098133491,1.411673563718137e-08,2.040999508189992e-07
218086_at,5.71532916617647,7.19540344298077,1.4800742768043005,2.0350696289911274e-06,1.913386137479875e-05
218087_s_at,10.999769810764706,5.887479095278847,-5.112290715485859,9.7885225423054e-16,4.7320440375242374e-14
218088_s_at,9.138869414117647,8.03515236123077,-1.1037170528868767,9.68931455059505e-09,1.444110046032024e-07
218096_at,5.6603227732941175,7.013399265317308,1.3530764920231908,3.062107589588268e-08,4.1917925791858063e-07
218124_at,9.631826516352943,7.236921817644231,-2.3949046987087117,6.969319256722198e-13,2.1563405652644042e-11
218145_at,4.509169821882353,7.069047933201921,2.559878111319568,1.0751270773056052e-12,3.20477120438354e-11
218151_x_at,6.299273185823529,8.248970654557693,1.949697468734164,1.408132979021395e-13,4.9360622904308746e-12
218154_at,6.064372149647059,7.0976386754903835,1.0332665258433247,1.8250365145098595e-08,2.594651417698193e-07
218162_at,8.722016613941175,7.420586791778845,-1.30142982216233,0.001977890652736829,0.008795835894705726
218168_s_at,9.758912374882353,7.789796934701924,-1.9691154401804294,6.153842315546911e-12,1.6225630905325355e-10
218176_at,4.0767270928823525,5.163131972240384,1.0864048793580316,8.005801876413409e-10,1.4749080940177436e-08
218180_s_at,5.198302391,7.880042716307693,2.6817403253076924,3.337119971026409e-17,2.0959340724815925e-15
218186_at,3.959527662588235,8.184213868365385,4.22468620577715,1.099461131338215e-20,1.2073941466259243e-18
218189_s_at,8.608989522470589,9.651866602701922,1.0428770802313334,1.2260080670412132e-07,1.4820976984893111e-06
218191_s_at,8.004636981588234,6.368691604673076,-1.6359453769151582,1.4354335204564623e-06,1.3913075139938422e-05
218196_at,7.959300413294117,6.266991660778846,-1.6923087525152711,1.9222575949164963e-11,4.689981997002568e-10
218211_s_at,6.024715528941177,9.416606500644232,3.391890971703055,4.1613493809483426e-07,4.53066602558906e-06
218229_s_at,4.906934323352941,6.106847007211538,1.1999126838585967,2.877320140114945e-05,0.0002104828520671942
218232_at,7.669268234058823,6.094394703942307,-1.5748735301165153,0.0007398327148487829,0.003739865679701002
218236_s_at,7.023676851705882,5.435717596769232,-1.5879592549366501,7.826077336534467e-07,8.06532241221138e-06
218237_s_at,6.028787121058824,10.193117750057691,4.164330628998868,1.6863108963679494e-20,1.7665482228957066e-18
218245_at,8.232894983058824,6.838572846884616,-1.3943221361742077,5.932611951016784e-07,6.264190901035889e-06
218248_at,5.8525971544117645,7.325569330336538,1.4729721759247738,5.428111394310409e-08,7.053830756906376e-07
218252_at,4.808664222,5.822331579749999,1.0136673577499993,4.078727570422108e-05,0.00028739074627687607
218261_at,3.3084989931764706,6.783138516759616,3.474639523583145,2.4427960204067305e-15,1.1147605685433021e-13
218274_s_at,3.8089688972352946,4.9616439080096155,1.1526750107743209,6.099458098127191e-10,1.1483350242762467e-08
218276_s_at,6.726313791352942,5.686765913721154,-1.0395478776317875,2.2049643688642114e-05,0.00016603856275971274
218280_x_at,7.943070999705882,9.432417992259616,1.4893469925537337,0.0001761409113389169,0.0010589992068700976
218300_at,4.594846988411765,5.665308731663463,1.0704617432516974,1.5223657239044697e-05,0.0001193638828400834
218304_s_at,6.980922396176471,5.920371481442308,-1.0605509147341632,0.00013086356664653454,0.000813485490205149
218305_at,5.256814716764706,6.808943882048076,1.55212916528337,2.6338652322858805e-10,5.312406892569515e-09
218308_at,5.2878108752352935,6.7631699264230765,1.475359051187783,3.3064375421580555e-08,4.494696254382179e-07
218309_at,6.772847984999999,7.990429207423077,1.2175812224230773,0.0053292236299579245,0.02054267225789064
218313_s_at,6.106791281882353,8.45784626176923,2.351054979886877,1.7693393477271383e-09,3.0482567001136195e-08
218317_x_at,6.725620366294117,7.811588883913462,1.085968517619345,1.9506469184585385e-06,1.8429004355642823e-05
218318_s_at,5.248145588117646,6.278709911769231,1.0305643236515847,1.2355414142158023e-06,1.2156952379030877e-05
218322_s_at,6.087691074352941,4.829734976144231,-1.2579560982087097,0.0001774763458293024,0.001066323368451948
218324_s_at,5.475587047352942,7.063414631211539,1.587827583858597,4.119366644698211e-12,1.116340179250167e-10
218330_s_at,5.871060087529411,7.122114925951923,1.2510548384225118,0.0006278056338775667,0.003241722203538667
218331_s_at,6.869645062941177,8.180833847471153,1.3111887845299757,1.254913933102548e-05,0.00010025167967623532
218342_s_at,4.608040306294118,6.149822748730769,1.5417824424366513,1.8827115198938867e-08,2.671081675182959e-07
218349_s_at,3.364739383235294,4.430657638596154,1.06591825536086,2.7678008212303095e-08,3.8192023109548964e-07
218355_at,2.9588257013529407,4.927546890653845,1.9687211893009047,2.330025925496774e-08,3.258275300735035e-07
218362_s_at,4.158511743764707,3.1053504670288463,-1.0531612767358602,5.328705140627442e-08,6.936212684719894e-07
218368_s_at,5.403191928941176,7.0575305361538465,1.6543386072126705,1.5223063730764896e-06,1.4674312881692286e-05
218376_s_at,4.702966247411765,6.073619518519231,1.3706532711074662,4.768473272433374e-06,4.155492619130466e-05
218379_at,7.320314169117647,6.144199129692307,-1.1761150394253397,1.007704407558179e-06,1.0140025601054176e-05
218381_s_at,6.101878189588235,7.238433741307692,1.1365555517194572,1.1731448936524548e-11,2.973946825390494e-10
218389_s_at,6.028932688647058,7.34151427960577,1.312581590958712,1.9127507687911457e-07,2.224505097162837e-06
218394_at,3.9146727574705884,5.420997011759615,1.506324254289027,5.763100127469318e-11,1.303000173393322e-09
218397_at,6.6323979557058825,7.969506338048077,1.337108382342194,3.462583571832255e-10,6.817617199387903e-09
218399_s_at,5.4463826380588225,6.854150013634615,1.4077673755757925,3.073800363054574e-08,4.2056893962184906e-07
218400_at,4.2397516131764705,5.558569708884615,1.3188180957081448,0.0001544759671420627,0.0009412910361333751
218404_at,8.999430853411765,7.402827826346154,-1.5966030270656102,3.121073708035188e-06,2.8263660512834332e-05
218411_s_at,6.163018797941177,5.131834095605769,-1.0311847023354082,1.0309837292613947e-06,1.034756545777081e-05
218414_s_at,4.203802122,6.314996899682693,2.1111947776826927,1.7204630132382914e-17,1.1259130791310877e-15
218418_s_at,8.977783172588236,7.196255626913461,-1.7815275456747743,1.4692695481956326e-08,2.1192194151947526e-07
218435_at,9.550889839,8.065962289634616,-1.4849275493653842,3.7345557740802155e-07,4.108613577777144e-06
218439_s_at,4.94738204382353,3.857715772740385,-1.089666271083145,2.5216500825664644e-07,2.8654828202455767e-06
218440_at,7.998760754588234,6.477332469134615,-1.5214282854536192,2.4935092312831197e-11,5.993583144206149e-10
218449_at,8.371650987,7.1868743497596155,-1.1847766372403852,1.1192616255539075e-07,1.3672376960856473e-06
218451_at,3.161781798352941,5.6316343990961535,2.4698526007432124,3.7110281261258565e-12,1.0147505215221599e-10
218457_s_at,3.8360019002352934,5.145042752230769,1.309040851995476,9.312682775786576e-11,2.025007622389066e-09
218460_at,6.425436952941176,7.538216510163461,1.112779557222285,9.358020419890392e-08,1.1626482961465917e-06
218461_at,8.365310934588235,7.143373167298078,-1.2219377672901572,1.408687732660585e-10,2.9681134863755944e-09
218474_s_at,4.766794674941177,6.213168539,1.446373864058823,8.120062737833214e-07,8.343069515309788e-06
218485_s_at,4.346120612294118,3.3213058880961537,-1.024814724197964,9.569806401554514e-06,7.835440497906449e-05
218486_at,7.140675284764705,5.567929921317307,-1.5727453634473978,8.301930263418711e-08,1.0413952007518498e-06
218487_at,8.13960438517647,6.549800239048077,-1.5898041461283938,5.444044873475986e-09,8.523537726604873e-08
218488_at,7.361475311235294,5.869467354913462,-1.4920079563218316,6.524578206445346e-09,1.0070841457284518e-07
218491_s_at,9.400776047470588,7.763158840365384,-1.6376172071052038,3.605895364209311e-08,4.869946345587017e-07
218499_at,5.2604309627058825,7.487924309528847,2.227493346822964,5.548869322162182e-10,1.0519337920607494e-08
218502_s_at,7.877193458529413,10.071739796817306,2.1945463382878936,8.141935333020067e-11,1.7932957568236572e-09
218515_at,5.903303952117646,7.178570008807692,1.2752660566900458,2.330874713962241e-05,0.00017448472227862453
218516_s_at,6.5452368511176475,5.217332134230769,-1.327904716886879,1.155779717492546e-07,1.407122489427296e-06
218517_at,8.693699451235293,7.372756827625,-1.3209426236102928,2.0778705050577084e-08,2.9311991288587403e-07
218524_at,5.487308073588236,6.565800573980768,1.0784925003925325,2.1457330923412625e-09,3.64948477553424e-08
218527_at,4.681425035235295,5.691279657144231,1.0098546219089366,4.508904606898011e-06,3.950738554180231e-05
218531_at,7.089854576823529,8.309505209086536,1.219650632263007,8.915009166774026e-10,1.624073048442455e-08
218542_at,3.188224185705882,5.832565236749999,2.6443410510441168,5.37493258275102e-10,1.0214430551322002e-08
218543_s_at,5.972231129117647,7.859272005211538,1.8870408760938906,6.789891127048002e-10,1.2673921608178965e-08
218546_at,7.178283893058823,5.852934400740384,-1.3253494923184386,0.00038253616991276105,0.002099179732321394
218547_at,7.687209239705883,5.731855078298078,-1.9553541614078052,5.983571486696106e-16,2.996119565752433e-14
218549_s_at,7.816196844647059,6.801309355692307,-1.0148874889547512,1.5328603619149218e-05,0.00012001432462050568
218560_s_at,3.2490239597647057,4.341640923365384,1.0926169636006784,8.326231335264616e-07,8.524430314151331e-06
218567_x_at,5.259656669882354,6.694513456249999,1.4348567863676456,1.624087723640448e-09,2.8238637740863974e-08
218572_at,7.7675701831764705,6.759759101596154,-1.007811081580317,0.0007320365270473327,0.0037052602809715634
218585_s_at,3.6485226460588236,6.563218865509616,2.9146962194507924,1.5335985107726381e-18,1.2026188666589054e-16
218589_at,8.181475020529412,6.739696193019232,-1.4417788275101797,5.6584927842282515e-08,7.328782099439814e-07
218590_at,3.3629233465882358,4.904449806769231,1.5415264601809948,1.57770388658793e-09,2.749345479759982e-08
218608_at,3.8918245924117647,4.971690092384615,1.0798654999728505,3.6782379104351935e-06,3.2808391389711136e-05
218617_at,5.998183815058823,7.1214704064615395,1.1232865914027164,1.2481022491079109e-08,1.8218821250083088e-07
218625_at,7.4523743142352945,4.150572667086538,-3.301801647148756,1.909383598551639e-21,2.373855294427105e-19
218628_at,7.510519881529412,6.259512057134615,-1.2510078243947964,8.832595960864568e-08,1.1026401073834109e-06
218631_at,8.933337610235295,5.9133260423173075,-3.0200115679179875,5.392555623687649e-22,7.394982245860509e-20
218634_at,6.375294625470588,5.080039076644231,-1.2952555488263569,1.3581838418731308e-16,7.618531953298419e-15
218636_s_at,6.526932829000001,7.577588345461539,1.0506555164615383,1.7448099954760273e-10,3.627808942593756e-09
218639_s_at,5.228593437058824,6.394404691471154,1.16581125441233,4.398064398412242e-09,7.033166035773271e-08
218640_s_at,5.1396889124705885,6.667530996548076,1.5278420840774878,1.679954074972677e-05,0.00013042704617060276
218644_at,4.339748933470588,5.812551611326923,1.4728026778563352,1.2547796722592444e-06,1.2330684143362855e-05
218650_at,5.052722565647059,6.273157085875,1.2204345202279407,5.762540827546746e-07,6.10113900730696e-06
218651_s_at,8.191633338176471,5.195144143932693,-2.996489194243778,2.0157309193658176e-20,2.0757844876993767e-18
218653_at,3.674721189294118,4.882083526384616,1.2073623370904976,2.3323459732685022e-07,2.6681431749113723e-06
218656_s_at,9.288374650764707,6.6747965198942305,-2.6135781308704766,5.589336081079867e-11,1.2652856655713733e-09
218662_s_at,5.526511431411765,7.418345320067308,1.891833888655543,3.1462607071559867e-09,5.1863413813309146e-08
218663_at,3.817429767470588,5.072468845692308,1.2550390782217198,1.7788269519575708e-05,0.00013747747976620257
218664_at,6.5686912887058835,5.2338448560769235,-1.33484643262896,1.2797595276278215e-08,1.863607130693673e-07
218665_at,9.67622468417647,6.622987308721155,-3.053237375455315,5.405833966893318e-19,4.581444286942087e-17
218667_at,8.074373290294117,6.282528469000001,-1.7918448212941165,3.6145420184680166e-10,7.088684470929424e-09
218670_at,5.2131521152941165,6.572057064798077,1.3589049495039607,4.0817534124553114e-10,7.925223034450319e-09
218677_at,3.405686053411765,6.7310854217500005,3.3253993683382355,3.3138202811164183e-13,1.0902049253951356e-11
218681_s_at,5.3693021137647055,6.389025896461539,1.0197237826968335,6.194322467731656e-07,6.519088429740186e-06
218686_s_at,4.721946244058823,6.533476436432693,1.81153019237387,3.265497401148587e-09,5.3660583697804796e-08
218689_at,4.615783255,6.529352710961538,1.9135694559615377,5.888038180569559e-11,1.3284962209892764e-09
218694_at,10.24767168064706,9.213497117038461,-1.0341745636085982,0.0008320905279738466,0.004147458349432381
218695_at,7.227421624764707,8.463362164903845,1.2359405401391381,2.670644533992974e-05,0.0001968680551334448
218696_at,6.158056282058824,7.242036437307691,1.0839801552488675,4.998920499869823e-07,5.35392625514904e-06
218698_at,8.52451934294118,6.84718578471154,-1.6773335582296394,6.7770712891457216e-09,1.0431070893691042e-07
218699_at,8.585073191882353,7.146893571653847,-1.4381796202285058,1.7962168135314263e-05,0.00013866438113964883
218700_s_at,4.082146336117647,3.0466631895000003,-1.035483146617647,4.322585165146537e-05,0.0003026585961879831
218701_at,6.343229161058823,4.997647809499999,-1.345581351558824,1.3007118891188403e-05,0.00010354660763742296
218704_at,4.149143955588236,6.017332635221154,1.868188679632918,1.1926109645953925e-07,1.4464780852589319e-06
218711_s_at,5.147245942294117,2.3415437243942305,-2.8057022178998867,2.0847642268725247e-29,9.176156995038348e-27
218714_at,5.885558252235294,7.1425904991538465,1.2570322469185529,1.4845944258097927e-10,3.123657639409124e-09
218718_at,8.758786669117647,7.6714797620865385,-1.0873069070311088,0.004238808951957195,0.01692267967148502
218720_x_at,3.2058734014705883,4.622357893269231,1.4164844917986428,4.954594178953289e-05,0.0003418237842157648
218723_s_at,10.37229992535294,7.329015382923076,-3.0432845424298645,2.9297254672489415e-15,1.325882970787562e-13
218724_s_at,4.818570505941176,6.1055323303749995,1.2869618244338232,5.154844819014514e-09,8.112637698298534e-08
218726_at,3.464617288764706,4.598259041740385,1.133641752975679,6.17867488062825e-08,7.944072940160407e-07
218730_s_at,6.523595479058824,2.925339935432692,-3.598255543626132,1.1449406935289098e-18,9.244041140845321e-17
218731_s_at,4.75419353382353,6.054985544490384,1.3007920106668536,4.065125475770237e-08,5.430016723985897e-07
218735_s_at,6.831296163882352,8.079121173461537,1.2478250095791852,5.233395775914758e-13,1.6674460481824375e-11
218736_s_at,10.056275926705881,5.410182474711538,-4.646093451994343,4.007897427471222e-19,3.444835176282706e-17
218739_at,7.194059973411765,4.827318288557692,-2.3667416848540723,5.657736735376981e-16,2.8434034372020275e-14
218740_s_at,7.43218318317647,8.596825712269231,1.1646425290927613,7.007908031343271e-09,1.0759060828204905e-07
218741_at,4.842740487235294,6.384677880278845,1.5419373930435514,6.143539919768347e-10,1.1558368330956106e-08
218750_at,5.573126553117648,7.130575138932692,1.5574485858150444,1.8177665726745186e-10,3.769448395516815e-09
218755_at,3.3002175705294117,5.6141966972019235,2.313979126672512,1.470034988350093e-11,3.666957935519183e-10
218756_s_at,5.849644632470588,4.729548850673077,-1.1200957817975112,0.002311881931169818,0.01008473496813599
218779_x_at,3.9420006210000005,6.343831254596154,2.4018306335961532,5.318752466437274e-17,3.2183169719033257e-15
218783_at,3.842315554647059,5.081735829826924,1.2394202751798646,9.509068611694145e-08,1.177928860094541e-06
218784_s_at,4.337676334941176,5.600978248115384,1.2633019131742076,1.485760349988442e-06,1.4360069796709612e-05
218788_s_at,5.182040953705882,6.669034894182692,1.4869939404768102,1.0807798373787454e-08,1.5946981006838212e-07
218792_s_at,4.624204421705882,7.927741962250001,3.3035375405441183,9.906435682521413e-17,5.721516964194034e-15
218793_s_at,5.707996443941177,4.515895148192308,-1.192101295748869,0.0013847088690757063,0.006469442335668804
218797_s_at,5.604959805058824,6.846506915903846,1.2415471108450218,2.7147308017806105e-09,4.5255739899323135e-08
218804_at,4.639337836470588,6.758188099990385,2.118850263519797,2.7865113973436638e-06,2.5466343863968488e-05
218805_at,6.81936830082353,5.627617428134615,-1.1917508726889157,0.0001562205874896446,0.0009509142217517004
218806_s_at,3.424172876352941,6.427665256038462,3.003492379685521,8.373999479838064e-11,1.8399537745977522e-09
218807_at,6.363227736705882,9.950278804375,3.587051067669117,1.7430150004232693e-14,7.021538855176241e-13
218816_at,4.42487039717647,7.3894955232403845,2.9646251260639147,9.546080769681368e-22,1.252441207520287e-19
218823_s_at,7.219120903470588,6.034458435403847,-1.1846624680667412,1.4195037930876194e-06,1.3775799701801063e-05
218824_at,3.954406521470589,5.268553423990384,1.314146902519795,0.003922130892889124,0.015869670250055267
218826_at,3.4577759506470587,4.592328615798077,1.134552665151018,6.878944243906054e-05,0.00045875598471181386
218834_s_at,4.973680195647058,7.249561652374999,2.275881456727941,8.80464196257753e-12,2.2731719662985764e-10
218837_s_at,6.32569756382353,5.143163237644231,-1.182534326179299,3.2557633494409173e-10,6.454642493611907e-09
218840_s_at,6.505932021352941,7.781309232125,1.2753772107720591,4.923758637873659e-13,1.5761514527654335e-11
218843_at,4.276353387294117,2.866052473807692,-1.410300913486425,7.883777579610333e-16,3.855633481340075e-14
218849_s_at,3.3300200097647057,5.8174711382115385,2.487451128446833,1.0055426904727598e-14,4.189428588039142e-13
218852_at,8.264842250117647,6.320226255096154,-1.9446159950214934,7.754771194506469e-17,4.536416474008238e-15
218854_at,8.750933719058823,6.860340733615384,-1.8905929854434387,9.428445549913657e-07,9.545448519175247e-06
218856_at,7.807549441941177,6.285982512230769,-1.5215669297104082,0.00023900390100459827,0.001384760032491396
218862_at,6.982491922882353,8.087329176115384,1.1048372532330308,9.703700652801593e-05,0.0006251396103980856
218863_s_at,4.767962839529411,3.456182013221154,-1.311780826308257,3.85066121225248e-11,8.962270290129129e-10
218864_at,6.777027926294117,3.6423723025480763,-3.134655623746041,1.277132186345244e-31,8.298166380778222e-29
218865_at,8.871041271764707,4.975020170086538,-3.8960211016781683,3.8095469388808614e-23,6.3197952090327825e-21
218869_at,5.554376059470588,4.525289660826923,-1.0290863986436651,4.907143316486149e-09,7.756356069229583e-08
218873_at,5.741661077,6.756826635259615,1.015165558259615,5.106024600762301e-09,8.045084199913557e-08
218876_at,5.81064179,3.5341828797403845,-2.2764589102596156,6.168293435984612e-13,1.9337121622205868e-11
218878_s_at,6.690132267470589,5.5395565229711545,-1.1505757444994344,5.9160231281095745e-06,5.062568615696025e-05
218883_s_at,5.060706773529412,7.65290475525,2.592197981720588,3.095420393938094e-15,1.3950862896841223e-13
218885_s_at,5.211968129529412,3.608407078067308,-1.603561051462104,1.2458937366202288e-06,1.2247772739732613e-05
218888_s_at,3.712899160352941,5.248504207413461,1.5356050470605203,2.6055010892158066e-05,0.00019263836893566717
218900_at,2.9647245198823526,4.288618802134615,1.3238942822522626,2.62978010069648e-08,3.643837728253699e-07
218901_at,9.086452398,6.205883217490385,-2.8805691805096156,7.36767049953953e-15,3.1366621544022465e-13
218916_at,4.700306446411765,5.894600894394231,1.1942944479824664,5.517925696617941e-10,1.046794809161316e-08
218918_at,4.911766296470588,3.8747227269519233,-1.0370435695186644,0.00034263244253261737,0.001908023271195564
218922_s_at,4.5989404446470585,5.9797366116538475,1.380796167006789,9.735155897330225e-05,0.0006268700728178226
218928_s_at,4.548931504588235,5.932407250009616,1.3834757454213813,8.382157650662545e-10,1.5372640538155613e-08
218931_at,3.4957404622941177,5.071707149432692,1.5759666871385742,9.317797643146188e-08,1.1581782681969387e-06
218934_s_at,5.989933432294118,2.3843319472692306,-3.605601485024887,2.7161807335867864e-35,4.117956340512034e-32
218935_at,2.6985655546470584,3.735210404298077,1.0366448496510188,4.7433010052946863e-07,5.10620563250451e-06
218940_at,5.3704243256470585,6.39531808839423,1.0248937627471717,8.258047584968404e-06,6.839392703186502e-05
218942_at,6.227141635411765,7.509896050317307,1.2827544149055425,3.452623163516921e-11,8.118945266763896e-10
218944_at,2.9401025792352944,4.105480250490385,1.1653776712550905,2.740493842606598e-05,0.00020122886241843874
218946_at,9.68911548847059,8.019482638067307,-1.669632850403282,1.6945717428469467e-12,4.9013265051851356e-11
218953_s_at,3.4778148728823526,4.516871151490385,1.0390562786080322,4.036684708753851e-06,3.576013873057562e-05
218959_at,3.5819490896470585,6.116531036413462,2.5345819467664032,8.007290410209145e-08,1.0079102935858047e-06
218966_at,5.6457036121764705,7.870543349038462,2.224839736861991,1.1506199281823213e-10,2.466601926954553e-09
218970_s_at,7.272365994294117,5.083852388173077,-2.18851360612104,1.5932939712434486e-17,1.0527892452360314e-15
218974_at,8.154423315352942,5.925862518653846,-2.228560796699096,2.830804798917549e-09,4.700410560393091e-08
218976_at,5.1164961217647065,7.564012226634616,2.4475161048699094,0.00023902644361570275,0.001384760032491396
218979_at,5.343696079235294,6.598886007798076,1.2551899285627819,1.2707962392783554e-09,2.2438947895041527e-08
218981_at,5.767169618176471,4.437363872144231,-1.3298057460322399,6.1390224166430784e-06,5.231252216673889e-05
218984_at,5.3245809532941175,6.992930393615383,1.6683494403212658,2.5717159610934205e-12,7.216539097198858e-11
218996_at,4.861293476882353,6.295277032182692,1.4339835553003386,1.1970358744481548e-06,1.1810018255875966e-05
218999_at,7.587042853588237,5.304366620913461,-2.282676232674776,5.273693495015608e-14,1.9891701262229225e-12
219006_at,7.186020221705882,5.972775664576924,-1.2132445571289585,9.908337646512694e-06,8.082306985637667e-05
219010_at,3.7367865075882354,5.666408477451923,1.9296219698636876,2.6776767894218616e-05,0.00019727986162237552
219017_at,5.798672404764706,7.073054824951924,1.2743824201872176,8.89678577506855e-06,7.329169379441023e-05
219025_at,8.60729606,6.37835245628846,-2.2289436037115395,1.8184532246320997e-11,4.456639359999792e-10
219039_at,4.797980647705882,5.907531223144232,1.10955057543835,1.9886142587629765e-07,2.303407844419026e-06
219049_at,6.20488697882353,5.011574514538462,-1.1933124642850679,0.00019868860906387174,0.0011765461206571614
219051_x_at,3.3602482489999996,4.629416664615385,1.2691684156153853,0.00010585891199695047,0.0006749618642385
219053_s_at,7.596897687823529,9.102159085759617,1.5052613979360876,1.4101304432027429e-11,3.528817490122077e-10
219054_at,8.370082963529413,4.141699984576923,-4.22838297895249,2.1951757531888837e-26,5.787946735908024e-24
219057_at,3.500104921411765,4.777187202788462,1.277082281376697,1.0784001510386451e-10,2.3190702066011904e-09
219059_s_at,6.828896164352941,2.3855811267596154,-4.443315037593326,2.85513445936044e-39,2.226148337963335e-35
219061_s_at,6.75337334482353,8.032435432057692,1.2790620872341627,1.9622919980901744e-05,0.00014982584659842954
219063_at,5.002011206294118,6.088957792192308,1.0869465858981897,4.139450191687887e-09,6.658622222579817e-08
219064_at,9.667750108117648,4.989195424682692,-4.678554683434956,1.4415937153875879e-18,1.1386504108847925e-16
219076_s_at,7.653496549411764,6.6372691195576925,-1.0162274298540712,1.154521680757227e-05,9.278845356213915e-05
219090_at,6.345937727117647,5.240616304682693,-1.1053214224349546,0.006733038485952143,0.025009017798066014
219091_s_at,5.394077858176471,4.1989483193653845,-1.195129538811086,3.536205621246051e-10,6.952542024567299e-09
219093_at,7.757143791882353,4.480914955875,-3.276228836007353,1.3508227053874893e-19,1.2538529326078873e-17
219104_at,5.549770427882353,4.159477367346154,-1.390293060536199,9.104854711738594e-11,1.983767925397129e-09
219105_x_at,4.940793025529412,7.17307099714423,2.2322779716148187,8.956761637697955e-12,2.3059013840750788e-10
219112_at,4.731238459705882,6.184009330365385,1.4527708706595037,1.208140485816127e-10,2.5807866761392716e-09
219116_s_at,4.660645444117647,5.753395352692308,1.0927499085746604,1.1747824770130678e-06,1.1630410450371164e-05
219117_s_at,8.92229355964706,10.172964540759617,1.2506709811125578,5.030683463741039e-06,4.367260581637063e-05
219121_s_at,3.1396909987647064,6.163196175461538,3.0235051766968315,1.0035599961993934e-14,4.1843621873618554e-13
219127_at,3.8489462136470594,6.533291156278846,2.6843449426317867,1.7316856364184026e-10,3.603266120857034e-09
219132_at,4.534606608235294,3.080497847923077,-1.4541087603122174,1.3229072142576354e-11,3.3315090732925254e-10
219134_at,8.448840964058823,6.487598714490384,-1.9612422495684383,5.1018438158341445e-11,1.165077546545656e-09
219140_s_at,11.009412476764707,3.9335528314230768,-7.07585964534163,1.2504392241500148e-24,2.5276934227734687e-22
219147_s_at,9.052039722764706,7.646030652423078,-1.4060090703416277,7.924250151582108e-07,8.157254791082608e-06
219148_at,2.6495402357647055,4.3577492176153845,1.708208981850679,8.711721343618459e-07,8.88742129370751e-06
219154_at,4.8866456133529415,3.792620356451923,-1.0940252569010185,2.3538664304468225e-07,2.6882543608988724e-06
219163_at,7.410357706941177,8.511269933000001,1.1009122260588242,1.3058642135572821e-16,7.347744148035688e-15
219168_s_at,4.065839582235293,2.743648367798077,-1.322191214437216,8.1411860005532e-16,3.9673017028945814e-14
219195_at,4.251732204647059,2.865107943615385,-1.386624261031674,7.549854329393381e-06,6.30355666886892e-05
219202_at,6.121001695529411,7.272021391432692,1.1510196959032815,1.791590362836277e-05,0.0001383463644782699
219204_s_at,4.603104612058823,3.549186867605769,-1.053917744453054,1.3149914348751987e-07,1.5773828027264498e-06
219205_at,5.024808976058824,3.808021959076923,-1.2167870169819013,4.819757220848508e-09,7.642577843018325e-08
219213_at,6.574685394058824,4.998369663326923,-1.5763157307319018,2.9258030323226166e-06,2.6645653879715682e-05
219215_s_at,5.251572689,7.012379840394231,1.7608071513942312,1.4172840699296193e-05,0.00011191135824074256
219226_at,4.808536104235294,5.884836639557691,1.076300535322397,0.0013944412998371037,0.006510454380137663
219230_at,8.062577466235293,3.210142884221154,-4.852434582014139,4.6557398951261837e-23,7.540226342317269e-21
219232_s_at,3.9486878245882355,5.268438719711539,1.3197508951233035,0.00023759286321819483,0.00137806385564143
219236_at,2.6596559631764705,3.675082177673077,1.0154262144966064,0.00016281411822850208,0.0009868246695176153
219242_at,7.202012572,6.130779913288462,-1.071232658711538,5.702277738037974e-07,6.0459359570553535e-06
219244_s_at,7.233093593058824,6.15746595576923,-1.0756276372895934,2.025980611376591e-06,1.9058255047970177e-05
219250_s_at,3.7740626361176473,4.973026084201923,1.1989634480842755,0.012614932101784411,0.0421803822326344
219255_x_at,3.8417628015882355,5.350654204442308,1.5088914028540725,0.00021959807513086,0.0012844757627871832
219257_s_at,4.770906062705882,6.529932484326924,1.7590264216210416,1.1627506683880463e-07,1.4146627001772442e-06
219260_s_at,5.687308793352941,4.352919013538462,-1.3343897798144795,0.00011098388615923007,0.0007033661777385761
219280_at,5.069269097352941,6.209587889182692,1.1403187918297508,6.8716641533573e-07,7.166989448234054e-06
219281_at,7.432078946058824,5.952203268596154,-1.4798756774626698,6.075457527724029e-09,9.422915498881777e-08
219288_at,6.480739084176471,8.592509956567309,2.1117708723908377,6.354466205051551e-09,9.82772487972538e-08
219291_at,6.513061521647059,5.072453212230769,-1.44060830941629,4.163928199847443e-12,1.1272968116045316e-10
219295_s_at,10.857103227117648,5.120906125307692,-5.736197101809956,3.2212512022643e-18,2.3758468833565303e-16
219296_at,4.762817080647059,6.469263701538462,1.7064466208914029,7.591099607816688e-11,1.6869488008755172e-09
219298_at,8.95857350264706,5.9690549906442305,-2.989518512002829,1.8098745416307142e-13,6.228319206031699e-12
219300_s_at,4.010226104470588,5.598096542201923,1.5878704377313353,0.002391772894500564,0.010376009284551806
219301_s_at,4.787216355,6.161937664413461,1.3747213094134612,0.0010310717220821965,0.004999987873791577
219304_s_at,8.560162698941175,5.94450312925,-2.615659569691175,2.579402278877281e-08,3.5767580533242664e-07
219306_at,2.700846595117647,3.716364934201923,1.015518339084276,0.0016322443096153318,0.007446984317999692
219313_at,4.278467437235293,5.626175427461538,1.3477079902262448,1.803489915312161e-06,1.7177344566656134e-05
219317_at,6.417350517999999,4.88145005375,-1.5359004642499992,4.621459134334969e-06,4.038985077547931e-05
219332_at,5.036843456588235,7.250528524057693,2.2136850674694584,5.0724898509663e-16,2.5587007724204225e-14
219343_at,6.0215750028823525,4.531609285557693,-1.4899657173246599,1.4808454157782705e-09,2.591313303871825e-08
219352_at,3.796334708,5.505437429673076,1.7091027216730765,0.0002211379268445712,0.0012923746556644021
219353_at,6.3112705920000005,5.221432318326923,-1.0898382736730774,1.9539725001358292e-05,0.0001493134342429922
219359_at,5.467979198411765,7.42776287076923,1.9597836723574646,1.9798475416881385e-05,0.00015096130061161903
219360_s_at,3.9656327927647057,5.686846198932693,1.721213406167987,1.739629905326377e-09,3.001982247778417e-08
219366_at,7.570780587764706,6.368790693201924,-1.2019898945627823,9.497537081341054e-08,1.177034687471647e-06
219371_s_at,9.647178669294119,7.7102139486057695,-1.9369647206883496,5.328111723279636e-10,1.0132509050344227e-08
219374_s_at,6.003088072529412,4.891495407701924,-1.111592664827488,2.35190558954499e-05,0.0001759383979876316
219386_s_at,4.177431172235295,5.599452319528846,1.4220211472935516,0.002093552014339749,0.00923867847595805
219388_at,5.592756066823529,8.230452527576922,2.637696460753393,8.936786233443046e-22,1.1781663184422417e-19
219389_at,4.0483811249411765,5.774287225932692,1.7259061009915158,4.528934490346952e-06,3.966378619201641e-05
219395_at,3.8686336544117648,7.144928024701924,3.2762943702901595,1.692676614099761e-20,1.7698198643860315e-18
219398_at,11.46313051652941,5.296582738586538,-6.166547777942873,1.382617217309989e-23,2.4342537130181257e-21
219401_at,5.00359298782353,6.272164095,1.26857110717647,1.3927637359084063e-09,2.4442331814194503e-08
219411_at,2.6693860928235296,4.511317759509615,1.8419316666860857,4.913984135918632e-09,7.762672652801823e-08
219412_at,3.6346622559411763,4.7169904164230765,1.0823281604819002,0.0036943009051537594,0.015069600082390661
219427_at,4.755528312058824,3.1034135669615384,-1.6521147450972857,2.861356970221572e-14,1.1219109344664023e-12
219433_at,5.216402932705883,6.4582066539326926,1.2418037212268098,2.3374436730980553e-06,2.1748267683944556e-05
219436_s_at,3.879464432352941,2.702046226932692,-1.177418205420249,1.2246452309126632e-13,4.331815428255493e-12
219440_at,7.066054883352941,5.663868099644231,-1.4021867837087099,0.0019475260465431732,0.008677063191369783
219442_at,4.066173270941177,5.243427030259616,1.1772537593184387,6.557036104149575e-10,1.2264443918039056e-08
219450_at,4.512817639294117,2.8234365751826926,-1.6893810641114246,4.3039700443004095e-11,9.936818149233166e-10
219451_at,8.61013455717647,7.441309780471154,-1.1688247767053168,4.683675640776381e-07,5.048989389649103e-06
219454_at,6.123434502352942,3.4084280436826924,-2.7150064586702496,7.879788532103168e-08,9.934231381779845e-07
219469_at,5.632458396352941,4.510545144855769,-1.1219132514971726,2.7459620224792996e-07,3.09844658310725e-06
219474_at,3.6546202267058825,5.650019592615385,1.9953993659095022,1.6045051929503852e-08,2.303927622363564e-07
219476_at,3.592954987882353,5.693103521817307,2.1001485339349544,8.639952885692358e-06,7.13188125451003e-05
219482_at,4.608148892,5.840719822240384,1.2325709302403842,4.464730655780178e-09,7.129895929733534e-08
219493_at,2.816201284058824,4.303518390307692,1.4873171062488684,4.9676788098032985e-06,4.315310230148882e-05
219499_at,3.0906556204117646,4.553554723932693,1.462899103520928,1.2457468839011288e-07,1.5032416355613465e-06
219513_s_at,2.960034636764706,4.059526472163461,1.099491835398755,8.196613529176047e-07,8.402760514817797e-06
219514_at,4.520116694882353,2.4951686951826924,-2.024947999699661,7.900443824137731e-27,2.222671770503161e-24
219517_at,6.690472611647059,7.829743609403845,1.1392709977567863,0.00018944628644825305,0.001127198175957615
219518_s_at,4.182223142529412,5.324175987317308,1.1419528447878964,0.0019305778171227854,0.008615719935266984
219520_s_at,6.1179414240000005,7.405466178490385,1.2875247544903843,7.702480420950157e-09,1.1723192384133815e-07
219522_at,4.567313943117647,5.974273707634615,1.4069597645169685,9.67777473461643e-06,7.916715636100572e-05
219523_s_at,5.990620192588235,4.005187127182692,-1.9854330654055428,1.2398078812718935e-13,4.3797718027144774e-12
219527_at,6.396781398647059,5.386571887721153,-1.0102095109259066,5.2173436996992436e-05,0.00035814036194929574
219534_x_at,8.116795050058824,5.611524247057693,-2.5052708030011317,1.3012231614369516e-10,2.759108738464156e-09
219543_at,8.185561738411765,6.358164079634615,-1.8273976587771505,6.920342536029948e-10,1.2899773745695989e-08
219549_s_at,9.778056319235294,8.61984171735577,-1.1582146018795232,6.146412816608321e-05,0.00041512815878933987
219557_s_at,3.3652289209411763,4.975337413461539,1.610108492520363,0.0023254408148866913,0.010134161149449115
219561_at,8.358439717647059,5.7042072114903855,-2.6542325061566734,1.1177655582481018e-16,6.361473034788649e-15
219562_at,3.858591776235294,6.271695498913461,2.413103722678167,1.379717804013519e-10,2.9108472371570876e-09
219563_at,9.480802810764706,6.527595013990384,-2.953207796774322,2.198548046919816e-16,1.1810487583940614e-14
219569_s_at,6.928956999,3.9752413615384614,-2.953715637461539,1.7533122162477225e-23,3.05731717094519e-21
219576_at,5.909652280294118,3.8740627443269227,-2.0355895359671954,1.9976929017352379e-22,2.9709013864797697e-20
219578_s_at,4.0861930605882355,2.8660029504038462,-1.2201901101843893,4.572183533906049e-12,1.2280767967374913e-10
219580_s_at,4.503227105235294,7.2879872784615385,2.7847601732262444,3.8299801489418246e-06,3.403394440721196e-05
219583_s_at,5.418750955705882,3.620380962048077,-1.7983699936578046,4.440557450500951e-11,1.022189730455046e-09
219594_at,5.4948117921764705,4.117160762663461,-1.377651029513009,4.0676109351692924e-06,3.5993212910279636e-05
219595_at,4.434036136823529,5.638091162711539,1.2040550258880094,2.577090853875623e-06,2.3735241598663116e-05
219603_s_at,7.902783272235293,6.722313569951924,-1.1804697022833697,3.151359072109946e-05,0.00022835638183309708
219607_s_at,7.199771226999999,4.143240389653846,-3.0565308373461537,9.654766718768467e-11,2.0927224493394125e-09
219616_at,6.5634085802941176,3.4847878785288464,-3.078620701765271,8.884915439863756e-18,6.107428208971335e-16
219624_at,4.249278264411764,2.878380042528846,-1.3708982218829178,2.5860836794053295e-11,6.200924981992556e-10
219625_s_at,8.773647376705881,7.177304401038461,-1.5963429756674206,8.718842931227369e-13,2.6436588196916535e-11
219626_at,4.18511249117647,2.7538112406730773,-1.431301250503393,6.919541941854404e-21,7.884377445604833e-19
219627_at,4.174555634529412,5.184491834769231,1.0099362002398191,7.249712876412396e-08,9.199769334613163e-07
219630_at,3.7655622468823537,6.130982505769231,2.3654202588868776,9.650739239582728e-06,7.899335587240337e-05
219635_at,5.2112812493529415,6.361341557749999,1.150060308397058,5.3230394671132e-05,0.000364616178558699
219643_at,5.371515838235294,2.6973409019230767,-2.6741749363122174,9.073718127521387e-13,2.7406445029440497e-11
219648_at,7.785935500764706,9.170774270192307,1.384838769427601,7.0523020192792075e-06,5.929865843633336e-05
219654_at,5.19183969217647,3.601799631076924,-1.590040061099546,4.4191498479601574e-05,0.0003087070005782893
219663_s_at,2.6185073091764703,3.6774898583365383,1.058982549160068,1.5721030821075798e-05,0.00012291049150315084
219666_at,8.045872497470588,6.753580154682691,-1.2922923427878974,0.0006667325069844806,0.003416863239315114
219667_s_at,5.5592547439999995,2.7747654750192305,-2.784489268980769,3.0176264780459195e-18,2.2530647817410156e-16
219676_at,4.790612996705882,6.279878156413462,1.48926515970758,5.979298025177719e-13,1.8798623670286564e-11
219682_s_at,6.007935495411765,7.3181715834230765,1.3102360880113118,0.001248300262033151,0.00591414756957529
219689_at,8.463031138411765,4.9214124827596155,-3.541618655652149,2.9140310379365135e-13,9.662509114188152e-12
219696_at,5.43088001782353,7.192816349153846,1.7619363313303156,3.057535670841097e-08,4.186584028570904e-07
219709_x_at,6.555095412999999,7.868658098769231,1.3135626857692317,4.0118718383623895e-08,5.365448494633198e-07
219719_at,4.785912919470587,2.8979195829807693,-1.887993336489818,4.8044793524977186e-17,2.9364353704364275e-15
219734_at,4.975141254764706,6.245130229817308,1.2699889750526019,0.003347667691239175,0.01384813967865264
219736_at,3.0351766768235295,4.253862445144231,1.218685768320701,0.0029149311982343508,0.012315685854500127
219737_s_at,8.082991709647057,4.386902756125,-3.6960889535220574,2.344903484463493e-25,5.160584164456975e-23
219738_s_at,6.135114340058824,2.5159391575192305,-3.619175182539594,2.58275771941928e-31,1.6018674269111918e-28
219747_at,3.823446880117647,2.818905339576924,-1.004541540540723,0.00021252562790833544,0.0012469830408094
219767_s_at,6.9186288047647055,5.539206944615385,-1.3794218601493204,3.67713101788876e-12,1.0069951521593108e-10
219768_at,4.975407642882352,7.70161332864423,2.7262056857618777,1.454338030237202e-06,1.408130483454253e-05
219770_at,7.112068544764706,5.309412245346154,-1.802656299418552,1.6877869748350106e-17,1.1058550456124855e-15
219777_at,7.466974152705882,6.099047693336538,-1.367926459369344,1.7130624339306886e-06,1.6368563477153896e-05
219778_at,5.915133496529412,3.3398424426249997,-2.5752910539044125,4.3892409335430784e-20,4.332014121371567e-18
219779_at,4.510642925411766,3.0168665191250006,-1.4937764062867651,9.525369871343024e-18,6.506697899975356e-16
219785_s_at,6.249628308529411,5.068242978211538,-1.1813853303178732,0.00028272133303303707,0.001609874557705804
219786_at,2.6733993165882346,4.466069802480769,1.7926704858925344,2.009532217397273e-07,2.3261560740896237e-06
219787_s_at,5.614757201764705,7.696606947173076,2.0818497454083706,1.1133120202890269e-12,3.3059552097581495e-11
219789_at,6.825229255705883,3.1533196173749998,-3.6719096383308836,5.2311750431292176e-24,9.777818584895532e-22
219799_s_at,5.101158186705882,3.7663091693557695,-1.3348490173501122,1.0134712704293058e-05,8.248471289704903e-05
219825_at,5.012455884117648,3.0016625186538457,-2.010793365463802,9.068236657473977e-12,2.3313014061623746e-10
219848_s_at,6.467169862294117,7.503928310288462,1.0367584479943446,1.1458781935157114e-05,9.221599222042762e-05
219850_s_at,2.6572156222352943,4.084640412394231,1.4274247901589368,8.778883241876538e-05,0.0005710878050755418
219857_at,3.6340881297647054,5.266870627028847,1.6327824972641412,8.771649401183717e-05,0.0005708213338109051
219873_at,3.8964460935294114,2.8930575524999997,-1.0033885410294117,9.02336908898864e-06,7.430393203197208e-05
219874_at,3.8811323845882355,6.146929467259615,2.2657970826713796,6.928065306529825e-11,1.5503356964538388e-09
219888_at,2.999158968588236,4.218822434865385,1.219663466277149,4.163725155678162e-05,0.00029296371699337166
219895_at,3.6481377494117644,2.5579531273461535,-1.0901846220656108,7.554122490057674e-08,9.56160601541878e-07
219902_at,6.941614360352941,2.950475047,-3.991139313352941,1.9397541665454694e-30,9.987721005272186e-28
219906_at,4.711626217117647,6.130685820221154,1.4190596031035065,3.700315277972192e-11,8.652935199504896e-10
219909_at,4.295739390117647,2.398338294173077,-1.89740109594457,7.121752411467247e-21,8.081042096995236e-19
219918_s_at,3.169938553941176,5.481510481144231,2.311571927203055,3.308420243145448e-09,5.4274201518074965e-08
219923_at,4.780266166764706,5.913977391298077,1.1337112245333705,1.3364104850445495e-06,1.3056165627999266e-05
219926_at,3.4260594350588236,2.419040200634615,-1.0070192344242086,9.702685988290603e-08,1.2000065682187012e-06
219929_s_at,3.9281525682352942,2.6783908646442307,-1.2497617035910635,1.2404373249304013e-10,2.6435700412876365e-09
219935_at,9.125630637352941,5.379049438269231,-3.7465811990837103,2.8209421045222574e-17,1.7861276000315577e-15
219937_at,5.143222566117647,2.401174415221154,-2.7420481508964927,1.0149837553402388e-31,6.674313058158421e-29
219939_s_at,10.432288002941178,9.229630355817308,-1.2026576471238695,4.268424278128394e-09,6.846839292729524e-08
219956_at,3.061158575294118,6.459661390153846,3.398502814859728,2.999318329957374e-12,8.309634270596118e-11
219961_s_at,6.818329028352942,5.3772904207500005,-1.4410386076029411,1.172706549306557e-08,1.7191821314693144e-07
219970_at,3.9107427275294127,2.486575666615385,-1.4241670609140278,4.017482946503041e-18,2.9197097435045204e-16
219974_x_at,7.339380333352941,4.8230650864519236,-2.5163152469010175,1.3407821993470796e-15,6.391139882809105e-14
219976_at,4.638635935705882,7.599079041442307,2.9604431057364247,5.422308507364617e-19,4.588281798813231e-17
219978_s_at,2.952177512941176,5.3098302571057685,2.3576527441645925,1.8744299771377282e-10,3.870772369360577e-09
219979_s_at,6.642682078470589,4.708215206836538,-1.9344668716340507,2.173722488586878e-09,3.691337887510368e-08
219981_x_at,7.330780385117647,9.105812464701923,1.7750320795842764,4.229435487485131e-14,1.617647929022081e-12
219990_at,3.160181014882353,4.318902220788461,1.158721205906108,2.4314372215390266e-05,0.00018109363006874797
219999_at,6.807792897058824,5.658389520903847,-1.149403376154977,8.432121007086789e-07,8.61990508420659e-06
220011_at,3.0396205367647053,4.0618218654038465,1.0222013286391411,3.019557767379701e-07,3.3819914505605724e-06
220016_at,6.364574276352942,4.222467818875,-2.142106457477942,2.1753541627699314e-16,1.1697404418701486e-14
220030_at,3.5236969904117643,4.775500742394231,1.2518037519824663,0.0014345065567231952,0.006675812871708328
220032_at,4.427881479647059,2.757236551057692,-1.670644928589367,2.430185751343151e-22,3.536989549934875e-20
220035_at,2.8610575251176478,4.016948627096154,1.155891101978506,1.534868125707587e-06,1.477974019636457e-05
220037_s_at,4.970362081235294,2.340157667326923,-2.6302044139083707,2.2119210194729008e-33,1.9471683439001846e-30
220061_at,6.729257861764706,3.1155003397019234,-3.613757522062783,4.461069987965149e-37,1.2814775730165784e-33
220065_at,6.6350357205294115,2.5101351147115385,-4.1249006058178725,1.9558140035775454e-29,8.749702664037611e-27
220066_at,2.7061839538823533,3.8431119414903847,1.1369279876080314,2.60307339824467e-05,0.000192484951907324
220073_s_at,4.36983579482353,2.9917172057307697,-1.37811858909276,1.409036816944093e-10,2.9681134863755944e-09
220081_x_at,8.051125042058825,9.159113693355769,1.1079886512969441,5.711729836079948e-08,7.392471015494605e-07
220085_at,2.6993099186470584,4.809620507326923,2.110310588679865,4.841983641782194e-09,7.666684803737464e-08
220088_at,4.336224149411765,3.121268819576923,-1.2149553298348423,6.418564633085379e-06,5.441423409586314e-05
220122_at,4.785578493235294,3.5476057466153845,-1.237972746619909,1.6685599538032017e-05,0.00012966649206949663
220141_at,5.4274832048823525,3.490332063086539,-1.9371511417958134,1.2399949229472396e-23,2.230096388464984e-21
220143_x_at,5.656230491294117,6.836527044144232,1.1802965528501144,8.197699546331576e-08,1.0297404914596804e-06
220147_s_at,4.744906319411764,6.865402694759616,2.1204963753478516,1.1608350330260869e-10,2.486546910028681e-09
220157_x_at,6.875208688117646,5.763392983240385,-1.1118157048772614,2.506576723998857e-07,2.8501343962319505e-06
220161_s_at,9.431392015470589,7.4840414567596145,-1.9473505587109745,1.075146714866982e-06,1.0747331968997255e-05
220176_at,4.859392222235293,3.317272571778846,-1.542119650456447,2.123391677101039e-15,9.7634873078768e-14
220177_s_at,3.6999591105294116,5.607286002076924,1.9073268915475121,0.00011851681381455309,0.0007456517788108926
220183_s_at,4.608244422941176,3.3728375533846155,-1.2354068695565608,1.2191698813490818e-06,1.201102399894432e-05
220189_s_at,4.878177310941176,6.026932627769231,1.1487553168280549,2.8567828396669593e-06,2.6060563363894863e-05
220192_x_at,4.860705637411764,8.480935488913461,3.6202298515016977,2.6719870047406514e-10,5.385316792161743e-09
220199_s_at,7.200311524823529,5.238628077,-1.9616834478235283,1.2802388646164023e-08,1.8638078685489098e-07
220213_at,3.4405424969411764,2.3798432033365384,-1.060699293604638,6.006019740587853e-28,2.023472539639163e-25
220221_at,4.099660053117647,5.522360639259616,1.4227005861419686,5.912432890271725e-10,1.1165905699589636e-08
220233_at,5.655700895058823,3.953229544057692,-1.702471351001131,6.051376999071997e-08,7.79509334983126e-07
220244_at,5.680453961647059,4.6044998655288465,-1.0759540961182124,1.726149592256047e-07,2.023443268808909e-06
220261_s_at,5.1964732151764705,4.192665685,-1.0038075301764708,0.000707441045459949,0.0035954395027617612
220266_s_at,5.590801989941177,2.7961354402980763,-2.7946665496431007,3.824397457903463e-27,1.1532143030658183e-24
220272_at,4.533510689941176,3.3710820026153843,-1.1624286873257916,9.844110698298272e-09,1.4659801304295264e-07
220276_at,4.070681291705883,2.7590284206538462,-1.3116528710520368,1.119652708364334e-06,1.1157481316380681e-05
220318_at,3.379323025235294,5.1225765167692305,1.7432534915339364,1.2240276044042907e-07,1.4808993247218787e-06
220326_s_at,6.434608537352942,3.925143466634615,-2.5094650707183264,1.733447412673178e-21,2.1749385364664228e-19
220327_at,6.2818277523529416,2.7444652182500002,-3.5373625341029413,7.072709763495395e-36,1.2452304070381132e-32
220329_s_at,5.791934039941176,4.554459776951924,-1.2374742629892523,0.00015083301767586355,0.0009217685893775565
220334_at,3.5735659239411763,2.373002368413461,-1.2005635555277152,7.618560992778696e-16,3.7292685239898515e-14
220349_s_at,5.522312418529412,6.655469995990385,1.133157577460973,1.8643292554828736e-08,2.647066244406862e-07
220351_at,5.85243614235294,3.184490093980769,-2.667946048372171,1.4167436525561135e-21,1.8024347741925435e-19
220357_s_at,4.811157484,2.881755367163462,-1.9294021168365378,1.5296014291710456e-28,5.565607760181767e-26
220414_at,2.84700123182353,4.894408725548077,2.0474074937245472,0.0012159758046459534,0.005780571678579522
220416_at,4.551535304058824,2.4536211180192304,-2.0979141860395933,3.1860459117529e-18,2.356249320021159e-16
220419_s_at,7.521062623058823,6.25805708826923,-1.2630055347895928,1.7083537987034838e-07,2.004304427760908e-06
220437_at,5.016945883588235,2.3878224553653844,-2.629123428222851,1.4679115222929206e-24,2.934693881876385e-22
220477_s_at,6.9299732575294115,5.006933987942308,-1.923039269587104,1.1093684840269958e-10,2.382850157013357e-09
220602_s_at,3.9942259324705884,5.69284730214423,1.6986213696736416,1.8758040350308315e-11,4.5868955388865486e-10
220612_at,3.655744779647059,4.730568594471154,1.0748238148240952,2.2226549835133338e-10,4.5400556266906525e-09
220642_x_at,6.705597860529411,7.737902204836539,1.0323043443071276,2.6541311376127335e-05,0.00019573006804454181
220661_s_at,4.41962542435294,6.77690967525,2.3572842508970595,5.531415032910371e-20,5.381445652071571e-18
220668_s_at,5.173003914823529,6.451074866913462,1.2780709520899327,1.8602213779705814e-08,2.641920962483902e-07
220690_s_at,7.397495737882354,6.220487431182692,-1.177008306699662,1.4538868713903462e-05,0.00011457073571125283
220736_at,6.900794476470588,2.3868731035384614,-4.513921372932126,5.759068302546564e-36,1.0477472962822964e-32
220744_s_at,5.177068753647058,6.5040501549038465,1.3269814012567887,0.000661969787520989,0.003395005547181738
220751_s_at,5.165220244647059,3.0848122320480766,-2.080408012598982,1.584296746384435e-16,8.796473257468574e-15
220753_s_at,7.059552680352941,5.6084072227980775,-1.4511454575548637,1.0801020057815823e-07,1.3241439212388361e-06
220789_s_at,3.431746813411765,4.558606734711539,1.1268599212997739,2.449466567811656e-06,2.2661794957212127e-05
220865_s_at,3.9682887178235298,5.0956084421346155,1.1273197243110857,2.9955026453522367e-05,0.00021833805940261715
220868_s_at,5.042209316529411,2.366310403201923,-2.6758989133274884,1.7445126161611814e-32,1.4002022658450165e-29
220898_at,2.7979021150588235,4.0569331460673075,1.259031031008484,0.00022190838252259229,0.0012959060143056457
220940_at,7.030457880647059,9.451441890153847,2.420984009506788,4.34126819146853e-13,1.3978883576528666e-11
220948_s_at,8.470663516470589,10.372491831980767,1.901828315510178,1.245286993755017e-12,3.667917907833517e-11
220954_s_at,4.1494884885882355,5.93086194689423,1.7813734583059944,9.32252249817962e-11,2.0263399260380147e-09
220969_s_at,3.1824258445294116,4.679636732394231,1.4972108878648194,3.082900087590509e-11,7.293524225427065e-10
220975_s_at,4.960193248764705,3.858333769826923,-1.101859478937782,1.3125665396926766e-19,1.2225011803734913e-17
220979_s_at,2.571848207,3.9063664078076923,1.3345182008076923,0.0024707300822463646,0.010675571730135365
220994_s_at,3.5259267726470584,2.5062770284903846,-1.0196497441566739,8.67176131181529e-08,1.0842979625144712e-06
221009_s_at,8.36755014429412,5.790946380903846,-2.576603763390273,3.6913635583370316e-12,1.0103858156994827e-10
221019_s_at,7.054548725411765,5.363410637451922,-1.6911380879598426,3.289259673708004e-05,0.0002372779589364382
221024_s_at,6.426560036176471,8.14562661728846,1.7190665811119894,0.00023767374355732025,0.00137824003927061
221031_s_at,8.145642330117646,6.111463028115384,-2.0341793020022614,1.2134892626391695e-10,2.590185000609434e-09
221042_s_at,6.290026013647059,5.115546749807692,-1.174479263839367,0.00023027499782870382,0.0013396055325615888
221045_s_at,6.961516677,5.829458993173078,-1.1320576838269218,0.0003487404964612494,0.0019380824311535005
221047_s_at,5.485263023411766,4.0740954368173075,-1.4111675865944582,4.0013462406898145e-11,9.285266856743596e-10
221067_s_at,4.559071396882353,2.5622660599711535,-1.9968053369111995,6.725993296665223e-23,1.0579192741749027e-20
221071_at,4.0556974620588235,5.279785123326923,1.2240876612680998,5.234309506147995e-10,9.961066197212393e-09
221088_s_at,5.7610650990000005,6.8976597932884625,1.136594694288462,0.00032727228681594836,0.0018331480030919177
221104_s_at,4.724008529705882,2.3230030700865383,-2.401005459619344,1.6667892856092237e-27,5.382940379838214e-25
221142_s_at,5.5055937554117635,2.897225907298077,-2.6083678481136867,2.6267102874863337e-27,8.240352009384117e-25
221163_s_at,4.218172616529411,2.6331646593076923,-1.5850079572217184,7.621482894715841e-26,1.8570219415656066e-23
221191_at,3.668572603352941,5.138437383134616,1.469864779781675,5.695817042050011e-09,8.884595551244572e-08
221206_at,5.44811602035294,7.080909175173077,1.6327931548201366,2.1718738867630976e-19,1.9337472245618775e-17
221215_s_at,4.190660903941176,6.565050358576922,2.374389454635746,3.302710281859859e-09,5.419682034685185e-08
221222_s_at,3.4121735434705887,4.787368211894231,1.3751946684236422,3.2607968741177305e-06,2.943129363196157e-05
221245_s_at,6.150060821352941,4.198647888221154,-1.9514129331317873,8.668254536312098e-09,1.3040371122860473e-07
221246_x_at,6.484997810882352,5.303701062336538,-1.1812967485458143,5.952542137926907e-09,9.2522592658357e-08
221261_x_at,3.9818917258235293,5.295118441240384,1.3132267154168549,0.001301239345454019,0.006132847694620331
221264_s_at,6.079573159117647,7.2076663838173065,1.1280932246996596,4.827696829307251e-05,0.0003340824968261195
221276_s_at,5.830833671294117,4.382072216336539,-1.4487614549575785,8.741588778279605e-06,7.210324526669527e-05
221295_at,6.379054116882354,2.4489571711442304,-3.930096945738123,1.130319374345511e-38,6.169170113240365e-35
221381_s_at,8.197966957235295,6.666243738153847,-1.5317232190814476,3.652604781936456e-08,4.927224824352689e-07
221425_s_at,5.076279848470588,3.9867185775576925,-1.089561270912896,2.7425590779861847e-08,3.785688718194435e-07
221427_s_at,4.503967838764706,6.059058638096152,1.5550907993314462,7.36220520132792e-08,9.333839667439641e-07
221436_s_at,3.6584551798823526,4.749037432692308,1.0905822528099556,5.354925682459778e-05,0.0003661631212685202
221437_s_at,8.556032352294116,7.326826244538461,-1.2292061077556546,6.357118010517266e-05,0.00042734960450304456
221449_s_at,6.084608691647058,4.9435146644134615,-1.1410940272335965,0.001280053952987246,0.006047789534287648
221452_s_at,10.077825946058823,9.051668377403846,-1.0261575686549769,0.0004986549274351279,0.0026583402309515378
221477_s_at,6.334420913117647,4.904672866384615,-1.4297480467330317,2.1036853771382846e-06,1.9724625356267037e-05
221478_at,10.489531455588235,8.409619347644231,-2.079912107944004,1.551808282767798e-13,5.40153981283059e-12
221479_s_at,9.860818181176471,7.763689954490387,-2.0971282266860847,2.988857858004648e-16,1.5730846001160625e-14
221501_x_at,8.178191090058824,9.557001522451923,1.3788104323930988,1.333655595091728e-07,1.5985184966459092e-06
221503_s_at,6.364672774470589,5.32135200185577,-1.0433207726148188,1.203680210253492e-05,9.649774118011948e-05
221511_x_at,6.934460244588235,5.144574721115385,-1.78988552347285,7.689230845095818e-10,1.4221298891714155e-08
221515_s_at,7.862807884294119,8.907978887067308,1.0451710027731895,1.4064076848032594e-07,1.6800246230877019e-06
221520_s_at,3.0263361918823533,4.202816176115385,1.1764799842330316,1.518471344950317e-05,0.00011909275403943575
221521_s_at,4.197092119294118,7.042634227788462,2.845542108494344,5.4746220481639e-15,2.3714237838629956e-13
221523_s_at,6.801096716058823,3.9119015707115383,-2.889195145347285,6.660746722244569e-17,3.955787762278414e-15
221524_s_at,8.895258931411766,6.415723856961539,-2.4795350744502267,2.3996431122599216e-12,6.764985610745571e-11
221530_s_at,8.620179315470589,7.4821226005480765,-1.138056714922512,0.004024617775966317,0.016206257458644353
221531_at,7.62351130582353,6.487550555288461,-1.1359607505350686,3.8503702792528465e-05,0.0002729566949881038
221535_at,4.9062991341764715,5.910301109173076,1.004001974996605,5.273452572143485e-05,0.0003617644141968568
221538_s_at,7.0540029721764705,8.306800020134615,1.2527970479581443,4.1830163804488505e-05,0.0002940178377701453
221552_at,4.573744639764705,2.9785693888461537,-1.595175250918551,1.4230217713680796e-13,4.984896038943015e-12
221555_x_at,7.476343244117648,5.648391344509616,-1.8279518996080322,3.4634513497740156e-09,5.65963207243461e-08
221556_at,6.699495947705882,4.384044639730769,-2.3154513079751133,1.7594570300218374e-13,6.077810458326701e-12
221558_s_at,3.499573992294118,5.952379140509615,2.4528051482154973,1.0849632040807253e-09,1.941514974279407e-08
221570_s_at,10.271053132529412,9.018831407875,-1.2522217246544116,2.903336905263405e-10,5.810825997520037e-09
221577_x_at,4.538799376000001,5.924363204192308,1.385563828192307,0.0008171345656563082,0.0040811115903143895
221582_at,5.018593923529413,6.804124633057692,1.7855307095282793,3.7611189243108485e-05,0.0002673936560765427
221588_x_at,7.857377415058823,5.821192098153846,-2.0361853169049775,3.2496539349110223e-11,7.664773643626132e-10
221589_s_at,9.244426853764708,7.321785645336538,-1.9226412084281694,3.74586358479776e-07,4.119393282181683e-06
221590_s_at,5.321287244529412,3.1793123946826922,-2.1419748498467195,4.195957900868156e-19,3.595152060776815e-17
221591_s_at,3.005128221705882,4.114229036961539,1.1091008152556565,3.85657327607185e-05,0.0002732544629815987
221599_at,10.483195728235293,9.470863532942307,-1.012332195292986,4.802954343630003e-05,0.00033262332841134623
221610_s_at,4.864054286647058,7.508301492576923,2.6442472059298643,1.6871294934852805e-17,1.1058550456124855e-15
221614_s_at,4.1305615858823534,3.025641708259615,-1.1049198776227382,2.136457527901983e-06,1.999412129893044e-05
221622_s_at,8.321081931117648,7.000341735346154,-1.320740195771494,4.48087567572948e-05,0.0003126588001861919
221636_s_at,8.022382258588234,6.770640955307693,-1.2517413032805411,1.6157224384860387e-07,1.9025785322573786e-06
221646_s_at,6.099381858294118,7.140433717711539,1.0410518594174212,0.0025964344012342614,0.0111442901214977
221655_x_at,3.802545054,5.544103295788461,1.7415582417884612,5.576448335201736e-12,1.482498654101196e-10
221664_s_at,7.131028294529411,8.359236901971155,1.2282086074417435,1.8483608499982648e-07,2.1565131858070817e-06
221665_s_at,4.3127847203529415,5.43607102064423,1.123286300291289,2.944576554457601e-08,4.045105556650929e-07
221666_s_at,7.7177735854117655,9.47493021248077,1.757156627069004,5.51495029988249e-07,5.86174240345251e-06
221667_s_at,8.65281865829412,6.363566823240385,-2.2892518350537348,8.897758534999948e-06,7.329169379441023e-05
221689_s_at,9.956513050647057,8.652071470278846,-1.304441580368211,1.430526859608113e-06,1.387044332395651e-05
221690_s_at,3.2457080818823525,4.629981455923077,1.3842733740407245,0.012101214793835299,0.04077240584188757
221697_at,4.403911475411765,2.403148410701923,-2.000763064709842,1.6943184779972478e-25,3.8530920087754914e-23
221698_s_at,5.913740497588235,7.110010376346154,1.196269878757919,0.00013813598929090837,0.0008534439845492969
221704_s_at,6.259801463705883,7.585200172124999,1.3253987084191161,9.862906912230349e-09,1.4683786043715773e-07
221727_at,9.61538250417647,8.402934649432693,-1.2124478547437771,6.686284371456898e-05,0.00044721901312468873
221729_at,9.032792986941175,10.179158629346151,1.1463656424049766,0.0024917342607517377,0.010752835372461887
221731_x_at,8.067861229529413,9.798009557855769,1.7301483283263561,2.040564126761674e-06,1.9182216581902413e-05
221732_at,7.372909977058823,9.570560483778847,2.1976505067200236,6.03467980193117e-14,2.259031474002753e-12
221734_at,5.8273555664705885,7.313117306384616,1.485761739914028,2.658060443487931e-09,4.441955938307648e-08
221738_at,4.190166735058823,5.268051121855769,1.0778843867969456,3.973698813026808e-07,4.339345888679274e-06
221741_s_at,8.171563258058825,9.198231518932692,1.0266682608738673,8.751765646622501e-11,1.9144794277635654e-09
221744_at,4.5496075748823515,5.9589930758846155,1.409385501002264,5.814599470127169e-11,1.3140994802487402e-09
221745_at,3.7905444494705884,4.998354148230769,1.2078096987601805,2.218077383189884e-09,3.759641164506854e-08
221747_at,8.631276551058825,4.821096920201923,-3.8101796308569016,7.210507339831375e-22,9.693159608390557e-20
221748_s_at,11.96772301,9.27051513589423,-2.6972078741057697,2.5874452294899926e-11,6.200924981992556e-10
221760_at,10.572786231294119,8.455022623980769,-2.11776360731335,1.4119119176742836e-07,1.6862306467121383e-06
221761_at,5.293188534176471,6.4580514421153845,1.1648629079389137,3.0115450756601394e-06,2.7379762646320553e-05
221764_at,4.827186024294118,6.003953619317309,1.1767675950231906,2.1166969085254562e-05,0.00016023190092983477
221765_at,7.159061800882353,8.869177029740385,1.7101152288580321,2.7243020167777187e-08,3.763342945424225e-07
221768_at,5.552078856176471,7.289449112865384,1.737370256688913,2.6790469476054358e-08,3.706456358766973e-07
221786_at,8.360555616176471,7.143395990625,-1.2171596255514716,3.1854407576877933e-06,2.878923184531248e-05
221787_at,8.116375903529411,6.646695755067308,-1.4696801484621034,4.5017023710582275e-08,5.972251184005517e-07
221789_x_at,4.116758458588235,5.363515693836538,1.2467572352483032,1.0481046815574534e-13,3.7462020572838406e-12
221794_at,6.166247537764706,4.963721542278845,-1.2025259954858605,2.5235803966283446e-06,2.329171241714768e-05
221795_at,6.8282322372941175,3.7285866703557695,-3.099645566938348,4.2286372720594395e-10,8.18131136730706e-09
221796_at,8.591853610117646,4.8792648430673085,-3.7125887670503372,3.5079118313814547e-09,5.7288545734580616e-08
221799_at,5.9580335312941175,7.393612367221153,1.4355788359270356,7.539325247384176e-12,1.9688460893635451e-10
221802_s_at,6.8932408899999995,8.531842721490385,1.6386018314903854,3.2094584496477713e-09,5.284133717144064e-08
221803_s_at,6.519501772176471,5.354452304653846,-1.1650494675226248,1.8532380294541923e-06,1.7569926003127165e-05
221804_s_at,9.451964699647059,8.336493416663462,-1.1154712829835969,8.066737795797226e-13,2.465142677249814e-11
221806_s_at,6.745700305117647,8.091568256423077,1.3458679513054301,7.23345936176427e-11,1.6140432481836962e-09
221808_at,8.446998328941177,7.329362740307692,-1.117635588633485,4.052674030052486e-06,3.587849081690748e-05
221810_at,3.9330411275294117,6.051608076855768,2.118566949326356,2.032201848197304e-17,1.3188530876665952e-15
221811_at,4.429328100058823,5.951039588971154,1.5217114889123309,0.0001449610333389579,0.0008902698591883632
221814_at,5.87461745717647,4.264995967336538,-1.609621489839932,1.0522673177124763e-11,2.6812183909163976e-10
221815_at,6.015671702294117,7.1482898142596145,1.1326181119654972,0.0002954039834615185,0.0016738843452394332
221841_s_at,10.708489473117645,7.364734401846153,-3.3437550712714916,6.989714283673444e-14,2.5934168313297955e-12
221843_s_at,4.625508941176471,6.374123909778846,1.748614968602375,1.0111466201277558e-09,1.8224256894776122e-08
221860_at,5.676711664117647,7.366632182105769,1.6899205179881216,6.672597001972576e-13,2.0751206368698647e-11
221870_at,9.075155465117646,6.522298955625001,-2.5528565094926456,3.187250651533396e-14,1.2434378363834255e-12
221874_at,4.24415030917647,7.002072154567307,2.757921845390837,8.948447717782903e-08,1.1163367496888527e-06
221880_s_at,5.423831911411765,7.39231258275,1.9684806713382352,3.6569180109197256e-10,7.16149724140609e-09
221885_at,3.645526818529412,2.4129838328076922,-1.2325429857217198,9.556444390746269e-21,1.0558323449444141e-18
221886_at,3.783800373058823,2.4055075401057695,-1.3782928329530537,2.0657729354300703e-20,2.1233111307502412e-18
221896_s_at,9.71844737817647,8.388029906086539,-1.3304174720899322,5.271953870203709e-07,5.620980079739172e-06
221899_at,8.439158815117647,10.03046022075,1.5913014056323522,5.356409844145478e-15,2.327607427417325e-13
221900_at,3.7516149565294117,4.914668095384615,1.163053138855203,0.00025672964641604404,0.001476662174279826
221919_at,4.706694648058823,6.133154934740385,1.4264602866815617,1.462442919285984e-09,2.560700465438923e-08
221922_at,5.377795083764705,6.842694212182693,1.4648991284179873,1.5213751599335999e-06,1.466792701890407e-05
221923_s_at,8.859919262058824,9.885068840278846,1.025149578220022,7.363640089899212e-05,0.0004878020542136292
221927_s_at,6.1841318211764715,7.553038393471154,1.3689065722946827,4.895966786467566e-08,6.426574584863234e-07
221928_at,9.821846675411765,5.880822210807692,-3.941024464604072,8.821163548399622e-23,1.3677564923525652e-20
221935_s_at,5.974755441117647,4.899405039692308,-1.0753504014253394,2.5740578503264472e-05,0.00019059761689454234
221939_at,6.416344340882353,7.425046543346154,1.0087022024638008,1.1150775152468246e-08,1.6417538630875761e-07
221950_at,4.3061691494705885,2.5179669192596155,-1.788202230210973,3.2899518837906942e-18,2.4232426972390325e-16
221957_at,3.009096039823529,4.375687956798076,1.3665919169745475,6.67037742743368e-05,0.0004463191487212245
221963_x_at,5.784350343882353,7.481112134490385,1.696761790608032,6.008535969550761e-11,1.3540044784562797e-09
221971_x_at,6.616068729176471,7.697525315788462,1.0814565866119912,4.395538376678361e-06,3.86008188351936e-05
221973_at,3.098664058647059,5.887911589990384,2.7892475313433254,1.7366631659288615e-14,7.010749921096992e-13
221978_at,3.103095054470588,4.236289067644231,1.1331940131736427,0.00014431965273936005,0.0008868298048706972
221984_s_at,7.790498023294117,9.419054542221154,1.628556518927037,3.249662481576176e-17,2.0433563200685035e-15
221989_at,5.558461866588235,7.353803178865385,1.7953413122771495,8.340327832049543e-12,2.1666194799877775e-10
222018_at,3.912995140117647,5.890796284769231,1.9778011446515844,2.384875238800577e-13,8.029864630382276e-12
222034_at,3.4854087609411764,4.6984742305,1.2130654695588232,5.335126927014132e-09,8.360203633347812e-08
222036_s_at,5.239990164941177,7.345303369576923,2.1053132046357463,3.4425860908795314e-16,1.7928712428827666e-14
222037_at,2.9529118836470585,3.982772894,1.0298610103529415,6.96377506980696e-06,5.866273800509246e-05
222039_at,3.082728334705882,5.462975715346153,2.380247380640271,6.548219954167761e-12,1.7207284394729044e-10
222040_at,4.201015458764706,6.485305551192307,2.284290092427601,6.106306608089516e-11,1.3743344674759492e-09
222043_at,9.762610565588234,7.255734164596154,-2.5068764009920805,5.326626949195787e-08,6.935161552007559e-07
222047_s_at,8.79936253517647,10.10604785635577,1.3066853211793,1.212691324316817e-14,4.991514312962862e-13
222049_s_at,3.9282748839411767,2.3483036479711537,-1.579971235970023,1.7321038081373705e-24,3.4376906816119835e-22
222067_x_at,4.79695690935294,6.826721601125,2.0297646917720593,1.0729886618186076e-06,1.0727724523428793e-05
222077_s_at,6.5348878887058826,8.228202763125,1.6933148744191167,5.480145635742927e-11,1.2421132419153372e-09
222083_at,7.53689196017647,2.406085960480769,-5.130805999695701,1.5621471585312146e-38,7.750948160497742e-35
222111_at,5.498986167235294,4.058803868913461,-1.440182298321833,5.4429794326421506e-11,1.2352281682086318e-09
222125_s_at,6.503734541588235,7.649629981115385,1.1458954395271501,0.0008396437637938879,0.004177859059386375
222129_at,7.083347831529412,6.022317464807694,-1.0610303667217185,3.265025958243627e-06,2.9459720908411126e-05
222133_s_at,3.834451474058824,5.1974510765769235,1.3629996025180997,2.139554061090133e-08,3.0096577603154224e-07
222140_s_at,6.4621947482941176,7.838305852076924,1.3761111037828062,1.5096576559044785e-09,2.6383479091133693e-08
222146_s_at,8.552108934117648,7.412216596028846,-1.139892338088802,2.574760792142423e-06,2.3717783843770687e-05
222151_s_at,4.909410637058823,3.256903180653846,-1.6525074564049769,7.772776514904095e-17,4.542081042900969e-15
222155_s_at,4.848217740058823,6.376757134259615,1.5285393942007923,1.4551692857716008e-06,1.4086854283101843e-05
222156_x_at,6.15897004664706,4.157425740480769,-2.0015443061662905,4.174478134175827e-14,1.5988690672644384e-12
222161_at,5.046525227411765,2.343235811826923,-2.703289415584842,1.6528408210415758e-28,5.934894682343958e-26
222162_s_at,7.207546828117646,5.041124402567307,-2.166422425550339,5.801926477903691e-06,4.975072195404643e-05
222186_at,4.021126951764706,5.023871137961539,1.002744186196833,2.518501051513384e-06,2.3250552924653074e-05
222192_s_at,4.373250968235294,3.3730715928942305,-1.0001793753410637,7.196198319203465e-05,0.00047767008558702995
222209_s_at,9.251608152882353,6.832725382894231,-2.418882769988122,2.2632632483294772e-14,8.964197738067818e-13
222212_s_at,7.709662063941176,9.191026894240384,1.4813648302992082,1.092689399160522e-06,1.0914695226351048e-05
222214_at,4.5221229048823535,6.172491501394232,1.6503685965118784,3.902070444233512e-12,1.0627300537715611e-10
222231_s_at,6.831100209588235,7.905104031471154,1.0740038218829193,0.0017744711909129312,0.008011321294469093
222240_s_at,4.925056820588236,6.827268738201923,1.9022119176136867,1.7474956814777013e-07,2.0449521183398682e-06
222258_s_at,7.159006253117647,9.199009696528845,2.040003443411199,9.438866963877997e-09,1.4098629447769492e-07
222266_at,7.2174648239999994,8.452542295586538,1.2350774715865382,9.961428696815303e-11,2.1523547776859954e-09
222278_at,5.681192983058823,2.728414278701923,-2.9527787043569,6.523365657623016e-27,1.8838030382402466e-24
222279_at,4.731094580176471,3.602729704625,-1.1283648755514708,7.719243355314053e-10,1.4267137930568427e-08
222282_at,6.042037751352941,7.537080039903846,1.4950422885509047,3.762750375099394e-10,7.358192501703684e-09
222284_at,4.8468204153529415,6.239841459326924,1.3930210439739827,3.198900508554621e-09,5.269930300525284e-08
222291_at,5.461204749529411,3.1934829146250006,-2.267721834904411,6.848362050937588e-17,4.049585616231014e-15
222293_at,3.399380747352941,4.841568107750001,1.4421873603970594,5.085432881295187e-06,4.4098799051193204e-05
222305_at,5.105026930117647,4.005990316278846,-1.099036613838801,3.864586338307942e-08,5.183712404976877e-07
222310_at,4.543767582117646,5.990468544028847,1.4467009619112003,6.396322099494943e-09,9.884056168412641e-08
222313_at,5.164799226176471,6.382559601807691,1.2177603756312205,2.8289232907101036e-07,3.18547151400179e-06
222314_x_at,3.1566156327058827,4.2126857766057695,1.0560701438998867,0.0003239659359475854,0.0018163057851138431
222316_at,4.342299855294117,6.535254086307692,2.192954231013575,3.4745472499134994e-19,3.0053457108245465e-17
222317_at,8.727932412117648,3.277363756990385,-5.450568655127263,6.177655621073572e-29,2.4083590438755318e-26
222320_at,4.333378683470588,5.792687741288462,1.4593090578178733,5.37582947842682e-09,8.41915056249806e-08
222326_at,3.9691067626470584,5.388321469403847,1.4192147067567884,9.420678649081559e-05,0.0006086665426185822
222330_at,3.67232790717647,2.3889946680288463,-1.2833332391476238,1.7079600387386772e-16,9.397051507491759e-15
222336_at,5.296064404705882,6.832435551480769,1.5363711467748873,7.117876800557715e-08,9.047196038603622e-07
222338_x_at,4.874174904117646,6.307816568298078,1.4336416641804322,1.9762137171308586e-12,5.650150483324651e-11
222351_at,11.40853374617647,7.424328302903846,-3.984205443272624,5.796163577532472e-23,9.19618639238793e-21
222361_at,3.275982680176471,4.653616895798077,1.377634215621606,9.350145723269007e-07,9.47496478704603e-06
222366_at,3.4579038532941175,5.3055912845769235,1.847687431282806,1.2651395167934625e-11,3.1997242672414454e-10
222368_at,5.015804855941177,6.452562331,1.4367574750588235,7.721870946864899e-06,6.435364092364319e-05
222369_at,6.295396398705883,7.453887008125,1.1584906094191174,1.0634026809548562e-09,1.9073103819860366e-08
222371_at,4.797611010235293,6.306414121221153,1.50880311098586,1.5843946947672815e-09,2.760123780584215e-08
222372_at,6.059979970823529,7.324130456009614,1.264150485186085,5.5846664491146745e-06,4.8061417553804764e-05
222380_s_at,5.485520758235294,8.487412919346154,3.0018921611108595,4.4146679842210636e-21,5.215328223177521e-19
222392_x_at,9.127164676764705,10.670641417403846,1.5434767406391412,0.0002770007815603623,0.0015799378886804276
222395_s_at,6.162447713235294,7.582808209173077,1.420360495937783,2.0489482459914234e-08,2.8933905903742795e-07
222396_at,6.879390688117646,8.759205208125,1.8798145200073533,1.9003982528502357e-11,4.6387225510873443e-10
222400_s_at,9.83905803635294,8.611049003384615,-1.228009032968325,1.491145781919103e-06,1.4404468253338533e-05
222404_x_at,8.481689323588235,9.809895637288461,1.3282063137002265,1.668732370135298e-05,0.00012966649206949663
222407_s_at,7.074346400352942,4.66273806314423,-2.411608337208712,1.078750745448729e-18,8.76717558828186e-17
222409_at,9.509934477705881,8.08320411553846,-1.4267303621674206,1.6563351197744156e-08,2.3733555920758161e-07
222416_at,7.091859772470588,8.66305048860577,1.571190716135181,7.23556753464711e-14,2.6740476734285606e-12
222417_s_at,10.001509769000002,8.586563554423076,-1.4149462145769256,1.8206058637279624e-10,3.7724695306153555e-09
222433_at,7.84807677635294,9.076027739990385,1.2279509636374453,4.931220383360232e-05,0.00034038330252108016
222448_s_at,9.191426684470587,8.111639089749998,-1.0797875947205888,1.215850852888819e-06,1.1982651444532116e-05
222451_s_at,5.056522394529412,6.12981936635577,1.073296971826358,0.00044135153507205354,0.0023864201934513185
222453_at,10.961238478117647,9.212651049673077,-1.7485874284445693,7.44551860610895e-05,0.0004923893856813527
222454_s_at,6.124184235117648,4.718392822298076,-1.4057914128195712,4.221862304440753e-08,5.621493601221563e-07
222455_s_at,7.733961742764707,5.858251340663462,-1.8757104021012454,2.0114899771250225e-13,6.861569466344162e-12
222457_s_at,9.255881462882353,8.193772104278846,-1.0621093586035073,0.0003149273048513013,0.0017712713696907642
222468_at,6.810536753058823,8.116019722673077,1.3054829696142534,1.1321195269028542e-08,1.6623608194466203e-07
222484_s_at,11.532434661470587,9.117919255701924,-2.414515405768663,0.00029723098806262916,0.001682664671452156
222486_s_at,4.623618229,3.066942977076923,-1.5566752519230769,4.59745915639257e-08,6.087450832041487e-07
222487_s_at,7.708758112470588,6.524633634153846,-1.1841244783167424,6.228817869316353e-06,5.296193339919259e-05
222489_s_at,6.296602067529412,7.342080510173076,1.045478442643664,4.324349625413755e-09,6.923399184671672e-08
222494_at,10.249266685588236,7.996961775298077,-2.2523049102901584,3.2927353382070525e-15,1.4742756523708182e-13
222496_s_at,4.234936469058823,5.893520175721154,1.6585837066623306,9.873053288424822e-08,1.219971418222636e-06
222498_at,7.229369941117646,5.462318579548076,-1.7670513615695702,5.167677738807071e-09,8.130489573547166e-08
222508_s_at,5.2243754970000005,6.298111976269231,1.0737364792692308,0.00011993886788159037,0.0007535562875687027
222513_s_at,9.781755989705882,5.189169887038461,-4.592586102667421,2.211992911386736e-22,3.236685284465862e-20
222514_at,9.06126285182353,7.491009944913462,-1.570252906910068,1.1208602884180874e-08,1.6476807079364102e-07
222533_at,10.046735211176472,9.012764653298076,-1.033970557878396,3.7143897280930694e-06,3.3109207409699764e-05
222537_s_at,4.998668256470588,7.276859695326924,2.278191438856336,8.015479626771271e-16,3.913030970926201e-14
222558_at,4.216740745235293,3.168014482548077,-1.0487262626872158,2.237885934885167e-05,0.00016819275191420755
222571_at,3.728661615941176,2.5480524606057693,-1.1806091553354068,4.453957075480795e-24,8.44809996744623e-22
222573_s_at,6.234706060411765,5.127788086875,-1.1069179735367642,1.1183477500779194e-08,1.6452372466712334e-07
222581_at,5.971545836411765,7.045022064759616,1.0734762283478512,1.143079986406666e-05,9.201213395776505e-05
222587_s_at,4.327765724000001,7.048368465451923,2.7206027414519225,2.9992133066105407e-10,5.98734685667508e-09
222593_s_at,5.270448193294118,6.915793951221153,1.6453457579270356,1.6805461199443208e-17,1.1050906828968805e-15
222603_at,6.9147030635882345,8.749270600548076,1.8345675369598418,1.1345337781310361e-13,4.020890849130768e-12
222606_at,5.601883405470589,7.335295605634615,1.7334122001640262,5.365792704848929e-11,1.2187249273322918e-09
222608_s_at,3.119217081529412,6.438483426759617,3.3192663452302047,2.7910941532196293e-13,9.288727304181351e-12
222614_at,5.339568741529412,3.815685878826923,-1.523882862702489,2.398572090138956e-07,2.7353043482593835e-06
222619_at,7.7406583381176475,8.937142746634615,1.1964844085169677,1.819137582247237e-10,3.770858720147055e-09
222620_s_at,9.147833390058825,10.666277854365385,1.51844446430656,4.547488594854653e-08,6.025670794332899e-07
222621_at,6.918751562235294,8.514857260115384,1.5961056978800903,4.0702554704307645e-08,5.434209229956964e-07
222640_at,4.617630984176471,6.174029447355769,1.5563984631792982,3.4643210718269215e-14,1.3457592866849931e-12
222651_s_at,7.639234058999999,10.589032865086539,2.94979880608654,1.4817408299046858e-16,8.277577559403054e-15
222665_at,7.302674377588235,6.125628996499999,-1.1770453810882362,3.509434324672959e-09,5.7296265631566083e-08
222668_at,4.117303812647059,6.555696313076923,2.438392500429864,5.403454647791273e-13,1.7186197623648008e-11
222669_s_at,8.81736223470588,7.4204613856634625,-1.3969008490424182,6.229037886329745e-11,1.400802055203919e-09
222675_s_at,3.7160432015882354,5.272555385028847,1.5565121834406113,5.5651251767017234e-09,8.690671445470769e-08
222680_s_at,3.639783663705882,5.3472843150000005,1.7075006512941187,1.2163708764976793e-08,1.7784169854906735e-07
222687_s_at,5.420453237176471,4.283894322990384,-1.1365589141860868,4.185216080782327e-06,3.693935768961812e-05
222688_at,8.055734448588236,7.033418610153846,-1.0223158384343902,0.0001627237589231762,0.0009864822879338037
222689_at,7.657128310294119,5.734110584375001,-1.9230177259191175,1.962450510149719e-08,2.776272327461418e-07
222699_s_at,4.933126421294118,6.090347548653846,1.157221127359728,5.745465372466407e-05,0.0003902697629917163
222714_s_at,7.482063524529413,5.789276039384616,-1.6927874851447973,4.763233036586331e-08,6.273467565247234e-07
222717_at,8.373311728411764,3.339614342096154,-5.03369738631561,1.1290817260546707e-29,5.312426855718782e-27
222722_at,8.350970649647058,4.189003442576923,-4.161967207070135,2.239110596699055e-14,8.87497583567449e-13
222723_at,2.4732358530588234,3.8077905660961537,1.3345547130373303,6.15040166052054e-06,5.238421404472381e-05
222725_s_at,8.474059909117647,4.447469284788462,-4.026590624329185,1.6843792002653241e-21,2.1231346967963309e-19
222730_s_at,4.192456036764706,2.8228936774519227,-1.3695623593127833,5.0840431936597155e-11,1.1614985076046613e-09
222731_at,7.5795519717647055,5.208120619846155,-2.3714313519185506,7.0061028049066895e-09,1.0759060828204905e-07
222738_at,5.6935747714117655,4.589888865230769,-1.1036859061809965,3.272907748357377e-06,2.9521076185357343e-05
222740_at,5.377834396705883,7.268156728682692,1.890322331976809,1.7037518970986483e-08,2.439377617831771e-07
222744_s_at,6.611094136705882,5.047194629384616,-1.563899507321266,1.1747681673045434e-08,1.7217419925702113e-07
222746_s_at,4.494516287647059,7.004964341586538,2.510448053939479,7.845663142185637e-13,2.4097267790509278e-11
222760_at,6.9909493682352934,8.715334745875,1.724385377639706,5.4237246073825436e-05,0.00037011936152329565
222771_s_at,3.362930101529412,4.793723214778845,1.4307931132494334,8.124158989962395e-08,1.0214431548333507e-06
222805_at,6.46404411964706,5.369786577759614,-1.0942575418874458,4.302054960299628e-05,0.0003014918562894111
222809_x_at,4.044001175588234,5.634417857711539,1.5904166821233048,7.587493670399706e-17,4.444026166268455e-15
222819_at,5.923230103588235,7.449941381048077,1.5267112774598415,4.991611620282011e-07,5.3471476079170136e-06
222826_at,5.44938501035294,3.8951508406923074,-1.5542341696606328,4.713419048567476e-08,6.221371179002763e-07
222830_at,4.978480388647059,7.728094725788461,2.749614337141402,4.708772732058621e-10,9.039750508020663e-09
222834_s_at,8.901312328352942,7.697231612576923,-1.2040807157760192,0.0007503880958688247,0.003788661598929193
222835_at,5.345943424,8.387344452134615,3.041401028134615,2.995807672083166e-08,4.1113449065785045e-07
222843_at,5.5310427047647055,6.766416435846153,1.2353737310814479,3.5120266072154087e-07,3.8841519796395094e-06
222847_s_at,3.3354181197647064,5.335056661596154,1.9996385418314473,1.1005917560358298e-06,1.0985588414901162e-05
222848_at,3.149786004941176,4.733860037173077,1.584074032231901,6.743799539135484e-09,1.0391582017122404e-07
222869_s_at,4.813769616352941,3.737181182548077,-1.0765884338048637,1.240473790762999e-06,1.2201084704641146e-05
222872_x_at,7.537028197764706,6.390855600028846,-1.1461725977358599,0.0003972878644482858,0.0021718323671597547
222875_at,4.845857664294117,6.195515972019232,1.3496583077251145,1.2385559416823797e-09,2.1940650678702565e-08
222877_at,7.348216831941177,6.159484984211537,-1.18873184772964,0.00013039607464192064,0.000811133731237906
222885_at,6.206828475000001,4.543676242153846,-1.663152232846155,5.625506108488342e-09,8.782451312791338e-08
222891_s_at,3.9658955525294117,5.442498065153846,1.4766025126244346,0.007716869231440394,0.02802628465416458
222895_s_at,2.9455142109411763,3.966425359846154,1.0209111489049776,0.006849525140418402,0.025377790553180096
222904_s_at,2.591145103470588,4.233365933365385,1.642220829894797,2.9979981912764424e-05,0.00021849077751592597
222906_at,4.215168299,5.824967437346152,1.609799138346152,1.1149997324939986e-10,2.3940035562466543e-09
222912_at,7.33955957417647,5.998027554634616,-1.3415320195418543,4.1770911813081034e-05,0.00029371484100053466
222919_at,5.016995407647059,2.4052319012884613,-2.6117635063585976,2.922999536652445e-19,2.5484727110376008e-17
222955_s_at,5.057664077823529,3.829571314442307,-1.228092763381222,6.826305932689605e-21,7.794413211302634e-19
222958_s_at,2.7356816893529405,4.365590763951923,1.6299090745989826,9.440088194265426e-08,1.170978576260938e-06
222976_s_at,10.372199419235296,11.582893753596153,1.2106943343608574,2.2079745347317698e-10,4.515138333875057e-09
222988_s_at,7.604042815764705,9.171577197375,1.5675343816102956,2.3472781029459686e-09,3.9626381559136414e-08
222999_s_at,8.468587577,9.790834780721154,1.3222472037211546,5.219972789515703e-10,9.940715103941995e-09
223000_s_at,9.976238979176472,11.372788738932693,1.3965497597562209,3.633618557038098e-11,8.511556533243876e-10
223007_s_at,8.065103031588237,6.895987507653844,-1.1691155239343924,7.773073737513975e-06,6.46914595181115e-05
223008_s_at,9.342122223588236,8.245766404836539,-1.0963558187516966,2.95795132485073e-05,0.0002159470644181755
223019_at,4.711333847764705,6.656261216221154,1.9449273684564483,1.0764029159179643e-13,3.834790779888158e-12
223026_s_at,10.108131258235295,8.962305025951922,-1.1458262322833725,1.153774479388919e-05,9.275571853081132e-05
223031_s_at,6.023261033,7.058914824423078,1.0356537914230781,5.463806247148081e-11,1.2394392400793646e-09
223038_s_at,4.742768185117647,6.776381110961538,2.033612925843891,2.3229615699568896e-09,3.922800727929365e-08
223041_at,4.7645044940000005,3.4574935849615382,-1.3070109090384623,2.6041782300801424e-07,2.9525019447350247e-06
223042_s_at,10.288329324,9.240641122346155,-1.0476882016538447,2.675112814871113e-06,2.4559290550521525e-05
223056_s_at,4.556098958235294,5.901697690317307,1.3455987320820126,7.791274897149044e-09,1.1838529861121873e-07
223058_at,9.043346506294116,7.680671245240385,-1.362675261053731,0.0002781129211930079,0.0015856184190737679
223082_at,10.134366615882353,7.960584965567307,-2.173781650315046,2.6463362880004227e-14,1.0420951534110755e-12
223084_s_at,8.279494429588235,6.513948925057692,-1.765545504530543,9.286430356754998e-07,9.417392836145132e-06
223087_at,11.16837870882353,8.142773391846154,-3.0256053169773764,5.108183368572565e-16,2.571951476691163e-14
223088_x_at,8.307983717941177,6.020865872913462,-2.2871178450277148,5.222326678125697e-15,2.2747754809690536e-13
223103_at,5.965196427176472,8.894264393586539,2.9290679664100674,9.570476894256252e-09,1.4273153621804298e-07
223145_s_at,6.948054068294118,5.909657365836538,-1.0383967024575798,0.00010972508572684157,0.0006961159425648362
223165_s_at,4.888701366058823,6.940562989115386,2.0518616230565625,4.488574257850629e-10,8.63828964806874e-09
223167_s_at,6.851719610117647,5.582733522701924,-1.2689860874157235,1.8051547268550154e-08,2.5724161837342007e-07
223168_at,7.2936085582941175,5.889134810682692,-1.4044737476114255,0.0006855135102079893,0.0035019320360952684
223172_s_at,5.894719174294117,7.077344968471154,1.1826257941770368,9.50736940636942e-08,1.177928860094541e-06
223173_at,4.2245051694705875,5.4624547971153845,1.237949627644797,6.361769133272574e-08,8.158341107257609e-07
223176_at,7.718268370294119,6.373921014557691,-1.3443473557364278,9.53616558551972e-06,7.8125845315533e-05
223200_s_at,6.406966736764707,7.429278573634615,1.0223118368699087,3.606287052943687e-10,7.0750374213735984e-09
223206_s_at,6.9967261465882356,8.638493114884616,1.6417669682963805,6.627244247616375e-11,1.4854552927747603e-09
223211_at,8.204869236058823,6.582625362211539,-1.6222438738472835,6.0509722108911225e-09,9.390276152920858e-08
223213_s_at,8.922117409235295,7.799743879009616,-1.122373530225679,6.653512949747348e-09,1.0261149570055397e-07
223214_s_at,6.737967224882352,5.1758567553076915,-1.5621104695746606,1.9140603751095403e-07,2.2255539244376565e-06
223220_s_at,5.371645482117647,6.943831923384616,1.572186441266969,8.14463461345029e-07,8.35732304131422e-06
223221_at,5.4559435752941186,4.274538804596154,-1.1814047706979647,9.97376273318516e-05,0.0006404965245493739
223229_at,3.4164361303529414,5.473437729317307,2.0570015989643653,1.3559419143267292e-08,1.9671970691663623e-07
223232_s_at,2.981160447235294,6.055165428778848,3.0740049815435535,1.009473869573648e-14,4.2025991096460816e-13
223233_s_at,3.7833450791764704,6.272150337038462,2.4888052578619915,1.2625747605194997e-14,5.18510668580841e-13
223244_s_at,11.357399115647059,10.347353341490383,-1.0100457741566764,1.2963966411284947e-05,0.00010327840063662546
223245_at,6.033358552117647,7.144165614913462,1.1108070627958142,3.6217065701778514e-06,3.235173860781292e-05
223246_s_at,4.885863613117647,6.190438072096153,1.3045744589785064,7.055134924362756e-08,8.977819283270618e-07
223251_s_at,7.909477474117646,9.041914713201923,1.1324372390842763,8.913923335146569e-05,0.0005791821687011482
223253_at,6.629114019999999,3.4848536670192307,-3.1442603529807687,5.376890377415852e-17,3.2498925792799538e-15
223259_at,8.55629870835294,7.510860460221154,-1.045438248131787,0.0040425148859919964,0.01626512495116529
223261_at,6.646294095352941,5.6459897455192305,-1.0003043498337103,8.607257271375085e-10,1.5748424224417726e-08
223266_at,8.085110082764706,6.218651354923077,-1.8664587278416285,7.151069925167104e-16,3.522547341567648e-14
223269_at,9.29611422482353,7.471898611903847,-1.8242156129196827,5.673522095379401e-12,1.5041750130556182e-10
223276_at,7.349473703823528,4.759587524048078,-2.5898861797754504,8.147582604491788e-21,9.11243670021634e-19
223278_at,3.1226536832352942,6.015890192009615,2.893236508774321,4.231057425628632e-09,6.793965379034573e-08
223280_x_at,6.642708188823529,5.005841348923076,-1.6368668399004527,7.827868882494946e-06,6.510778051473509e-05
223284_at,3.9583649902941174,6.281593861298076,2.323228871003959,3.8249186448448974e-16,1.969436176575374e-14
223295_s_at,7.927122652647059,9.424707090317309,1.49758443767025,2.794418274565103e-11,6.660111572379421e-10
223296_at,8.398099097000001,6.456202932701923,-1.941896164298078,1.5497564138546283e-09,2.7040970368213478e-08
223300_s_at,6.244450581352941,4.700085093105769,-1.5443654882471725,1.651440744338713e-15,7.750127634158437e-14
223301_s_at,7.0394617850588235,5.210416083509616,-1.8290457015492079,2.44060755949094e-12,6.862747037066255e-11
223306_at,7.714470080117646,8.771376862528847,1.0569067824112004,0.00032282101601189894,0.0018106307915849791
223307_at,4.022954766470589,7.059871415807692,3.036916649337103,2.988906310722764e-13,9.892754246994405e-12
223312_at,7.019105266058824,5.660463101903845,-1.3586421641549782,5.332581073927364e-07,5.682290949509598e-06
223313_s_at,3.9335069080588236,4.941768375317308,1.008261467258484,0.0011381172535731413,0.005448886103751621
223316_at,10.102413338,5.843532114663462,-4.258881223336538,5.918926539443286e-22,8.042300680902072e-20
223319_at,6.014662841705882,5.011377862182693,-1.0032849795231895,0.0007254563420457262,0.0036763864152751804
223327_x_at,4.253922165,5.665595347230769,1.4116731822307695,2.6613036338715698e-09,4.446014417908675e-08
223333_s_at,5.342487147352942,3.1832018131153843,-2.1592853342375573,1.4916988850413996e-15,7.048955276768359e-14
223334_at,8.462961706294118,7.006973653903846,-1.4559880523902722,1.4110786290565302e-05,0.00011148705919987892
223339_at,3.5266104697647056,5.328589799413463,1.801979329648757,4.839059738570749e-10,9.254065924017271e-09
223344_s_at,5.205148722705881,4.1584442125,-1.0467045102058812,0.00446404036522207,0.017670645423082054
223349_s_at,9.029103466764706,6.637246649076923,-2.391856817687783,2.8878885511824542e-08,3.9747917904061986e-07
223356_s_at,8.939077931058824,7.429282244461538,-1.5097956865972861,1.3450795064000142e-15,6.406029177993576e-14
223358_s_at,6.397862934823529,7.731520072278846,1.333657137455317,8.324720636760853e-06,6.888340321918899e-05
223361_at,6.852548099529412,8.349143779384615,1.4965956798552034,9.704801075578217e-06,7.934067374235822e-05
223363_at,7.335802232529411,8.445872101346152,1.1100698688167414,4.640994512172577e-08,6.131707564266935e-07
223374_s_at,4.361734122235294,5.973176021326923,1.6114418990916288,4.375573061498099e-08,5.816229959169625e-07
223376_s_at,10.08130239617647,8.97786716741346,-1.1034352287630096,2.1304588240236528e-05,0.00016106563399261769
223380_s_at,8.267094735705882,7.103687170288461,-1.1634075654174207,6.3351212101976595e-09,9.803362079143126e-08
223381_at,3.2905201767058827,5.7608618876249995,2.470341710919117,1.223162064300607e-09,2.1682027381442945e-08
223395_at,7.735219313941176,5.181512157971154,-2.553707155970022,3.059015540200331e-07,3.422673414690321e-06
223403_s_at,5.016899522882353,6.126496746548077,1.109597223665724,1.4278138520317053e-05,0.00011266250141685477
223422_s_at,5.955605865058823,3.770502482519231,-2.1851033825395922,8.474997190700756e-21,9.45924072947355e-19
223423_at,4.781537298117646,6.673775263875,1.8922379657573538,0.00012557821942512623,0.0007851012185571552
223427_s_at,4.563645435941176,2.6447260171538463,-1.9189194187873295,3.3659496216075035e-18,2.475878226384312e-16
223430_at,7.977247832000001,4.734389411480769,-3.242858420519232,2.3319837354606652e-21,2.866606763461884e-19
223437_at,5.233701247705883,3.6646129398653846,-1.5690883078404987,1.4028072597879377e-08,2.0294977476761022e-07
223457_at,4.886413001352941,3.8092609246634614,-1.0771520766894795,4.94686306041847e-07,5.305459598635875e-06
223465_at,8.16225467535294,6.33093166273077,-1.8313230126221702,6.047040631228313e-14,2.262107132363332e-12
223466_x_at,8.657395432882353,6.948801395528847,-1.7085940373535067,6.771283525153523e-13,2.1046120929348185e-11
223467_at,10.72829533664706,8.031297230980769,-2.6969981056662906,2.763795851883125e-13,9.214735113007274e-12
223471_at,4.878653219117647,6.437135318990384,1.5584820998727373,1.7767176882125948e-10,3.6899343495036226e-09
223482_at,7.805758990294118,6.7692323463749995,-1.0365266439191183,2.1090133433289547e-05,0.00015971671883661858
223484_at,4.565358342294117,8.70601905675,4.1406607144558825,1.0422375665748935e-12,3.113551142890778e-11
223485_at,5.066942034470588,6.069056846490385,1.002114812019797,4.2109484194204866e-07,4.580098720278014e-06
223494_at,5.66356605982353,7.3649181130384616,1.701352053214932,7.888199036572802e-13,2.4214286570141e-11
223519_at,8.962989780000001,6.134663576615385,-2.8283262033846155,1.1668052346307194e-15,5.6059034243758834e-14
223527_s_at,5.528456553470588,4.446382418480769,-1.0820741349898189,1.455949518214192e-07,1.733513716287356e-06
223531_x_at,6.829849797588236,7.91212166173077,1.082271864142534,3.196149371795531e-09,5.266987818938052e-08
223540_at,3.446957008411765,5.311889144721154,1.8649321363093891,1.1094186491971357e-09,1.9807314509169273e-08
223546_x_at,5.656403069705881,7.1130756542788465,1.4566725845729653,1.0104354142187345e-10,2.1806466774473827e-09
223551_at,4.091133149411765,6.534689999644231,2.443556850232466,5.697912766083996e-06,4.8974233206314715e-05
223556_at,2.7338221471764705,4.008107069336538,1.2742849221600676,1.299555138282194e-05,0.0001035149151960068
223568_s_at,4.954637298529412,6.076207866634615,1.121570568105203,3.2724783949806256e-05,0.00023616104498168394
223569_at,3.862601423294118,5.518147357788461,1.6555459344943428,1.3435635543338884e-06,1.3115785231978055e-05
223574_x_at,3.233148903294117,4.421057381115385,1.1879084778212676,0.000900028535772048,0.004439864195038197
223590_at,5.774109514058823,7.116593750509614,1.3424842364507912,1.1160752688502852e-08,1.642779722183919e-07
223595_at,5.197423216294117,3.144218913057692,-2.0532043032364253,9.173863251472527e-16,4.446716539983295e-14
223598_at,8.863197212882353,7.601859151278846,-1.2613380616035075,2.300701496911956e-12,6.509589787452444e-11
223605_at,4.416406147000001,2.695659696634616,-1.720746450365385,1.244244686899557e-10,2.6506491321737283e-09
223620_at,7.292999872941176,3.164712124980769,-4.128287747960407,2.341929756213363e-25,5.160584164456975e-23
223623_at,7.059447104999999,4.57914715260577,-2.4802999523942297,1.0762025450365866e-07,1.3200669547037767e-06
223631_s_at,5.248038479941177,7.478349734105769,2.230311254164592,0.00037261399116447335,0.002050917610303125
223637_s_at,5.48032794882353,6.538952053432693,1.0586241046091631,5.112411233235382e-06,4.4290522650595855e-05
223641_at,3.6902197721764707,2.3646786220673075,-1.3255411501091632,1.5670040493407126e-18,1.2268271462342345e-16
223650_s_at,5.507937463058823,4.034660366692308,-1.4732770963665152,6.752866371765114e-08,8.631491655844688e-07
223658_at,3.6557730971176468,4.660385756125,1.004612659007353,0.0004544881675773501,0.002450410915559043
223681_s_at,5.8993474432352935,8.076165394576924,2.17681795134163,9.144335328165431e-11,1.9915749316677614e-09
223691_at,5.805185109647059,4.058183652846154,-1.7470014568009056,1.2211419429114702e-05,9.774302100787372e-05
223695_s_at,6.35369932,7.984813534855769,1.6311142148557698,3.824246282687105e-07,4.191235700055814e-06
223703_at,5.725475678647059,4.282047286567307,-1.4434283920797517,4.909921581052883e-08,6.443342389331217e-07
223704_s_at,4.457655219235294,2.3583706496153845,-2.0992845696199094,8.895546789836347e-31,5.110632086762927e-28
223711_s_at,8.205235492,6.764357790817308,-1.4408777011826919,1.1648740882078382e-10,2.492264322238166e-09
223721_s_at,2.935819067411765,4.429507677490384,1.4936886100786189,0.000602425410477119,0.0031299168470662235
223722_at,3.084517910529412,4.142856061980769,1.0583381514513572,0.0014320155931877056,0.0066659257194534565
223727_at,7.929518864764708,3.495393656153846,-4.434125208610862,1.9045335890761244e-37,6.929835917212387e-34
223730_at,3.5493500844117647,2.544208511480769,-1.0051415729309956,3.60283553241282e-13,1.1810159791204764e-11
223746_at,4.174563133647059,5.313058933884616,1.138495800237557,5.717649829605749e-07,6.058584561745156e-06
223748_at,5.063531154294117,6.7689812172307695,1.7054500629366522,0.0005340987341437429,0.002816752808081104
223749_at,3.821731431941177,2.7395452271057694,-1.0821862048354074,1.5303977479645476e-11,3.80362380173757e-10
223764_x_at,5.865399624705882,2.3593267190769227,-3.506072905628959,1.1175853406327405e-39,1.0166115051065723e-35
223773_s_at,7.688786266470587,9.185689533759616,1.4969032672890288,4.387305223444515e-10,8.449355391333034e-09
223797_at,3.886706857705882,4.959170659230769,1.0724638015248869,2.1439728751089655e-05,0.00016198213669791283
223800_s_at,3.9611869462941174,2.700825862875,-1.2603610834191175,2.985927138821038e-13,9.888890613453484e-12
223802_s_at,5.43433182682353,6.82417265475,1.38984082792647,8.458154703391127e-11,1.8576966823194537e-09
223811_s_at,4.101812724411764,5.258230535682691,1.1564178112709271,2.6296055248442862e-05,0.00019418379101674511
223822_at,2.5679414614705878,3.9776583561634618,1.409716894692874,0.00013066297310787537,0.0008124236055200194
223824_at,6.713436469941176,5.692396075423077,-1.0210403945180992,8.704974674965679e-07,8.882198780799247e-06
223828_s_at,8.250490350941178,3.4559291985576923,-4.794561152383485,3.338686823183589e-24,6.461779720657345e-22
223836_at,5.920577014529412,2.671546178903846,-3.249030835625566,1.994684526344116e-22,2.9709013864797697e-20
223839_s_at,9.984309663411764,7.690614730346154,-2.29369493306561,1.1208104344254693e-07,1.3685170626511788e-06
223840_s_at,3.952946642941177,2.3376743746442306,-1.6152722682969465,4.352517275063474e-17,2.687285524385626e-15
223849_s_at,4.001077423529411,5.529383672596153,1.528306249066742,7.280539047866452e-08,9.236739672094446e-07
223859_at,4.236295456294117,2.377773900298077,-1.8585215559960404,4.877123650437078e-23,7.852169077203697e-21
223864_at,4.648077356058824,7.8878189675,3.2397416114411763,0.00019635850548639414,0.001163884760093604
223877_at,3.506508250764706,2.3690298722980767,-1.1374783784666294,8.347622406297214e-22,1.1085276966260235e-19
223895_s_at,3.9104367928823534,7.1883893754903845,3.277952582608031,1.4721603674605675e-11,3.670582032692111e-10
223915_at,4.800047660588236,6.760988766423077,1.9609411058348414,2.930836123672907e-10,5.8637135188395746e-09
223916_s_at,3.704499614647059,5.229378987798077,1.524879373151018,0.0005775770709481511,0.003019460483493444
223922_x_at,6.4998554158235295,5.180060755076924,-1.3197946607466058,5.409023222968294e-07,5.758125189904165e-06
223940_x_at,10.659601867647059,11.901205924365387,1.2416040567183284,1.2181355403236925e-05,9.752768029239666e-05
223949_at,3.522409577117647,5.412435594586539,1.8900260174688914,8.30039934648892e-05,0.0005428729729562838
223978_s_at,8.822639233470587,7.163870911807693,-1.6587683216628948,2.7026150641365026e-09,4.508130427429895e-08
223980_s_at,5.5094214590588235,6.766015155759616,1.2565936967007927,2.457894244442749e-05,0.00018276486371585936
223983_s_at,10.475531270058823,8.348219117201923,-2.1273121528569003,1.7919059968922436e-19,1.624591983461491e-17
223986_x_at,4.109114581411765,2.5655514471634615,-1.5435631342483034,1.2690879319804037e-20,1.374316473007112e-18
224061_at,4.843243278,2.9703097078461544,-1.8729335701538457,2.4860290980879146e-16,1.3237559233613688e-14
224064_s_at,5.711725756882353,3.7194965859519225,-1.9922291709304303,7.451623347015035e-17,4.373141404911114e-15
224097_s_at,5.281441529176471,6.3276472914230775,1.0462057622466068,2.4511111656483274e-05,0.00018238472571222911
224151_s_at,7.656301988529412,5.946813296173077,-1.7094886923563353,5.8719374592420254e-12,1.554995024686902e-10
224156_x_at,4.097593875,5.5520722454711535,1.4544783704711532,0.0002617241675589301,0.001502223508381412
224184_s_at,7.389717786588235,6.256052227740384,-1.1336655588478504,0.0009501392975070291,0.004652997103511542
224185_at,2.6625347189411763,3.803055403403846,1.1405206844626696,1.6797387606128264e-06,1.607547989049403e-05
224189_x_at,2.9639000584705886,4.0903927828653845,1.126492724394796,6.418211951815614e-05,0.00043097882642488235
224207_x_at,5.5024670225294114,4.229665725749999,-1.272801296779412,1.3966546407080928e-29,6.4600011555260164e-27
224218_s_at,3.9654090560000004,7.044064502826923,3.0786554468269225,2.8888511999040834e-14,1.1310660662809538e-12
224227_s_at,5.525255071764705,6.649523645192308,1.124268573427603,0.0026868660978896183,0.011480972735983518
224232_s_at,6.525567695588236,7.683182701211537,1.1576150056233017,3.953895056310172e-06,3.5055171910063817e-05
224254_x_at,7.685600263058824,8.933550602067308,1.2479503390084847,0.00016099153245248377,0.0009768490105307517
224279_s_at,3.6424073939999997,4.750107205576923,1.1076998115769237,3.6444360172417054e-07,4.0159433350501724e-06
224280_s_at,7.390730936647058,6.255026088586539,-1.1357048480605192,1.694025512236867e-09,2.932388786310687e-08
224302_s_at,8.610672045588235,7.236560198307694,-1.374111847280541,1.8927660417992295e-07,2.2031409212062303e-06
224327_s_at,9.99229141564706,5.014906403076923,-4.977385012570137,7.167580548906584e-19,5.954328444121346e-17
224337_s_at,3.911410872529412,2.769821412615385,-1.141589459914027,4.0738908487473606e-13,1.3180234948189894e-11
224339_s_at,5.096359291999999,2.3928851697211537,-2.703474122278845,1.6876504014032716e-29,7.740358929259594e-27
224341_x_at,5.189416644294117,3.1647021911442303,-2.024714453149887,5.73196677870164e-17,3.4530354836065875e-15
224346_at,6.427621384352941,4.997862003461539,-1.4297593808914018,7.883029393880444e-08,9.934231381779845e-07
224348_s_at,5.508176683470587,4.371172067961539,-1.1370046155090483,0.0012601563809586818,0.005965658349930081
224352_s_at,7.664398093470588,4.59673636225,-3.0676617312205883,4.298861102562147e-22,6.031556301201528e-20
224356_x_at,6.381288415529412,4.639715810384616,-1.7415726051447962,3.305913087664166e-05,0.00023835143636431706
224357_s_at,6.391684480588235,4.434086026471154,-1.9575984541170808,1.584517935739078e-13,5.5013616039887485e-12
224367_at,4.8424489632941174,6.738315925692309,1.8958669623981912,2.6753705665732732e-05,0.0001971631787105086
224374_s_at,6.364615915882353,4.521067561759615,-1.8435483541227375,4.4405729742702166e-07,4.810679483181703e-06
224387_at,4.797013596411765,6.089293374038461,1.292279777626696,2.1999891182795678e-05,0.00016575539216811226
224397_s_at,5.486390270058823,3.146494566451923,-2.3398957036069006,1.1036150134568131e-17,7.482509791237193e-16
224414_s_at,7.014867639823529,5.244590734663461,-1.7702769051600677,1.0658968359135362e-12,3.178993628815568e-11
224415_s_at,9.320880584941177,8.168688272701925,-1.1521923122392526,5.44817383027113e-07,5.796410906089045e-06
224428_s_at,4.152272597470588,5.265909828980769,1.1136372315101815,0.006910869038189312,0.025561309015597916
224435_at,10.907917264823528,8.043265947086537,-2.8646513177369908,2.906433531896634e-13,9.64317542476513e-12
224436_s_at,7.693828028235295,6.446783407817308,-1.247044620417987,1.6002625721724994e-05,0.00012491523301859673
224458_at,3.9413271246470583,2.4359979412884614,-1.505329183358597,7.88539915322532e-23,1.2296491439539564e-20
224461_s_at,7.930343032294117,4.514626962663462,-3.4157160696306557,6.253089210288297e-20,6.0727287545965294e-18
224463_s_at,3.907924551882353,2.476632698067308,-1.4312918538150452,1.3152801890061275e-21,1.68118682519357e-19
224468_s_at,5.230407399588236,6.6463466447307695,1.4159392451425337,3.2516098905108467e-09,5.3454703678973345e-08
224476_s_at,7.805187579882352,5.333455720625,-2.4717318592573516,3.247271642403479e-10,6.440146764925126e-09
224477_s_at,6.652202057470588,7.879953963798077,1.227751906327489,1.7565295688544604e-09,3.028099410565622e-08
224480_s_at,7.964427278235295,5.459273062375,-2.505154215860295,1.7944200928765775e-09,3.0885416035670366e-08
224506_s_at,3.8886478514705884,2.4153171957019235,-1.473330655768665,1.045887785843614e-21,1.3656341976927896e-19
224513_s_at,6.084210426176471,7.558871369836538,1.4746609436600675,3.803693862866962e-10,7.427613858369084e-09
224517_at,5.76284140717647,7.4578997321826925,1.6950583250062223,6.125323488277116e-14,2.28982212785395e-12
224558_s_at,7.62803848082353,8.932528983298077,1.3044905024745468,1.5586494031392126e-06,1.498758382204635e-05
224559_at,7.373657280647059,9.070587338846154,1.6969300581990954,6.28008836811434e-07,6.599171025092656e-06
224561_s_at,10.368459418294119,9.249989194038461,-1.118470224255658,3.4433721454180285e-07,3.8136324741227796e-06
224568_x_at,8.999268569,10.83173259644231,1.8324640274423096,1.0851931641957147e-08,1.5999124178454324e-07
224569_s_at,11.488824388235294,12.491503196346152,1.0026788081108577,2.8148964170611364e-13,9.362232269761107e-12
224570_s_at,8.646329759352943,9.717088964576922,1.070759205223979,9.39437312499956e-08,1.1661030038420536e-06
224576_at,7.083682288882353,8.259222364125,1.1755400752426466,8.476345977472387e-05,0.0005527245963016313
224578_at,7.350231761764706,9.329446668038461,1.9792149062737545,3.011323555344794e-19,2.6212923178176e-17
224579_at,6.859513152352941,10.435681793942308,3.5761686415893674,2.657983868359428e-18,2.0092811849195183e-16
224580_at,3.762226416941176,5.992971157471154,2.2307447405299783,2.947131997558948e-10,5.887683649149701e-09
224584_at,11.729125895294118,10.662551804019232,-1.0665740912748856,1.0116106327129253e-08,1.5023863053833672e-07
224589_at,5.436793750705882,6.526712061384615,1.0899183106787325,0.0014283976985142485,0.006652488948477615
224595_at,6.066887849529412,7.388851051730769,1.3219632022013572,4.748076212068797e-08,6.258035536790699e-07
224596_at,7.6191344808823525,9.374759815884616,1.7556253350022635,4.8710150013024096e-11,1.11656920519145e-09
224598_at,7.572977460529412,8.748404899625001,1.1754274390955892,2.276388066890477e-06,2.1227231215242667e-05
224604_at,11.671807987411764,10.30078251189423,-1.3710254755175342,1.3982915800505726e-08,2.024870155149382e-07
224605_at,9.224599196529411,7.601412115528846,-1.623187081000565,7.796095401807293e-17,4.550835197168345e-15
224609_at,5.5246436661176475,6.921817808134615,1.3971741420169677,2.2894813884495112e-07,2.6213049024582728e-06
224610_at,7.002451943764706,8.619830897259614,1.6173789534949083,3.8559594139867036e-08,5.174684260043774e-07
224615_x_at,6.427849115764706,7.789511559653846,1.3616624438891396,5.272168612083502e-09,8.271046009741462e-08
224617_at,9.514606221647057,10.770824098086537,1.2562178764394805,1.3264859600952498e-10,2.8083117616772164e-09
224618_at,5.070393918941176,6.07437962851923,1.0039857095780542,8.038897275836084e-13,2.462149126924005e-11
224623_at,5.002424862470588,6.4907706712403845,1.4883458087697967,1.1606263602900892e-06,1.1504872160964906e-05
224645_at,6.325182926117647,4.270218714692307,-2.0549642114253404,2.5553862298238564e-16,1.357038765910975e-14
224646_x_at,9.042095633941175,7.337819375596154,-1.704276258345021,0.004864626945624308,0.019012953814717126
224650_at,7.789838358117648,9.262007540240385,1.4721691821227365,0.0005221208970561809,0.002762948982099092
224653_at,10.201178269705885,8.97617073173077,-1.2250075379751149,5.180491635948194e-11,1.180568070974599e-09
224655_at,9.848400313,8.217746499548078,-1.6306538134519233,3.128498280580048e-10,6.2249474172722724e-09
224663_s_at,8.220996005411767,5.089398660730769,-3.1315973446809977,6.200337369346261e-18,4.383526078776549e-16
224665_at,8.765205053000003,7.5085662448076915,-1.256638808192311,2.881335431469346e-08,3.9682161623559286e-07
224685_at,7.247817258235294,8.296364112740385,1.0485468545050907,0.00022548782741301011,0.0013142781004244638
224695_at,5.173081068588235,6.415671600125,1.2425905315367647,4.177737554210695e-10,8.094310897098528e-09
224701_at,4.922898903470588,6.295302324461539,1.3724034209909508,2.732506579725445e-06,2.5023066546113266e-05
224707_at,10.005604730294117,8.112563517798076,-1.8930412124960405,2.3290112201427327e-12,6.582863976394108e-11
224715_at,6.07400511817647,8.37205136778846,2.29804624961199,1.2593589345755293e-21,1.6172835597693603e-19
224716_at,6.067897020352941,7.313441754673077,1.245544734320136,1.142819740424528e-07,1.3932088142200205e-06
224724_at,6.06666731582353,7.976153432923076,1.9094861170995463,3.3536232594257074e-09,5.493319444063496e-08
224729_s_at,8.750775252588236,7.44556409685577,-1.305211155732466,5.848922387299952e-06,5.0122206779155924e-05
224730_at,3.948187927411765,5.6457510704807685,1.6975631430690035,3.1551558313530323e-10,6.271130739964208e-09
224743_at,8.56172675217647,7.289907279461539,-1.271819472714932,0.00011027684100251845,0.0006990475847940133
224746_at,4.913430966529412,7.505823741298077,2.5923927747686646,3.1057310297576326e-16,1.63145037413996e-14
224748_at,6.657649796882353,7.769172087759616,1.1115222908772626,1.1550009550880992e-07,1.406801989014804e-06
224753_at,4.195042807529411,5.282953957769231,1.0879111502398198,1.4581797731504562e-05,0.00011489244093948138
224762_at,4.589764338882353,7.256167146317309,2.666402807434956,6.419026409574122e-16,3.1965697300013325e-14
224764_at,8.977892091058825,7.341102955894231,-1.6367891351645945,7.566651387999218e-11,1.6828861699495083e-09
224776_at,6.807193986705881,8.191629565096154,1.3844355783902724,1.7306376753489216e-05,0.00013405687437250752
224784_at,6.381553736529412,7.690130549365383,1.3085768128359714,5.575542199138102e-05,0.00037950707574516167
224797_at,8.135735338647057,6.9363301022307695,-1.199405236416288,3.893032342336769e-05,0.0002755515655717787
224806_at,6.7691481045882345,8.222485115875,1.4533370112867647,2.8623029306983402e-11,6.808101642833166e-10
224807_at,5.603576562470588,6.977106356490385,1.373529794019797,2.1337638642816602e-08,3.003835386861716e-07
224812_at,8.899918172882353,7.363624449557694,-1.5362937233246594,1.1009587109377852e-05,8.902107479151612e-05
224818_at,8.428569789352942,7.350535591211539,-1.0780341981414026,0.0001448735594218852,0.0008899329206175659
224821_at,7.582798591352942,6.438805464173076,-1.1439931271798658,5.416404733620058e-07,5.764858696494718e-06
224822_at,9.440016473058822,6.399665951807692,-3.0403505212511304,1.504015179965958e-19,1.381946877228317e-17
224832_at,5.385055363235294,6.388577637884617,1.003522274649323,0.0043439766953161894,0.017266761638166362
224840_at,10.678661178705884,8.535977072932694,-2.1426841057731902,2.997613575634706e-08,4.1127891237950383e-07
224844_at,9.196835990411765,8.112063196605769,-1.0847727938059961,1.5113463996858702e-08,2.177032862192006e-07
224856_at,6.4286165668823525,4.345410276298077,-2.0832062905842754,1.7957173995163603e-07,2.0977838173844912e-06
224860_at,4.840293354000001,3.7986665223750005,-1.0416268316250004,3.192557059271691e-05,0.00023097371651377207
224861_at,8.174164935999999,7.134741331807692,-1.0394236041923062,0.0004813281234319157,0.00257553016164613
224870_at,5.515042821411765,6.7723934624615385,1.257350641049774,0.001025637525783882,0.004976872083911762
224881_at,7.62003750182353,4.176898884817307,-3.4431386170062233,1.752516490548288e-20,1.825393082779294e-18
224888_at,4.022184394941176,5.572036545625001,1.549852150683825,2.1586541738959324e-10,4.4192492932132815e-09
224893_at,9.691501201705883,8.31250052575,-1.3790006759558828,8.679919735207034e-08,1.085069489756905e-06
224894_at,10.392445872764705,8.991099603836538,-1.401346268928167,2.4852524048188414e-05,0.00018464823169426565
224895_at,6.965736610764706,5.653213892307692,-1.3125227184570143,2.861367254772211e-05,0.0002094843238071261
224906_at,10.691519289235297,8.625436550451923,-2.066082738783374,4.534553788898653e-14,1.7331331319628824e-12
224909_s_at,5.2225064138823525,6.880864821048077,1.658358407165725,3.476067048764496e-05,0.00024920565277094104
224911_s_at,5.771038529294117,3.9828564301826925,-1.7881820991114243,4.355959983862809e-12,1.1728857422755217e-10
224917_at,7.739998355294118,9.549818792057692,1.8098204367635748,3.644400226220805e-09,5.939316809402965e-08
224918_x_at,12.192319062470588,9.777153475990385,-2.415165586480203,1.8529781819106443e-06,1.7569926003127165e-05
224925_at,5.105396315470589,6.93514283464423,1.829746519173641,2.3785146601655518e-05,0.0001776950827999943
224928_at,8.550770690294119,6.883873264173077,-1.666897426121042,8.27686693197593e-10,1.5194857728903945e-08
224932_at,8.546826592352941,6.784973160615384,-1.7618534317375572,2.8049874396690105e-10,5.632575771511955e-09
224937_at,6.615442191705883,8.338226186009617,1.7227839943037342,9.109205014416118e-10,1.656685439792793e-08
224944_at,7.100259663235295,8.370467112701924,1.2702074494666293,1.4374377338656028e-06,1.3927554425111085e-05
224949_at,5.3128245142941175,4.2680220397403845,-1.044802474553733,2.389208073360374e-05,0.00017831339728693538
224950_at,5.112604522411765,6.4680331665865385,1.3554286441747738,1.4942477795111886e-06,1.4429325824122642e-05
224952_at,4.401417208000001,5.911578814413461,1.51016160641346,1.62314192198801e-05,0.00012648409902938834
224954_at,9.265142381764706,7.990370113884615,-1.274772267880091,4.256297210341179e-11,9.839239535925931e-10
224955_at,8.419709048764707,7.124285721423077,-1.2954233273416298,1.65713167623478e-05,0.00012887516351840704
224956_at,5.982381281,7.0781569069807695,1.0957756259807692,2.712043291197067e-05,0.00019946181214155063
224964_s_at,8.591789723588235,4.705727836538461,-3.886061887049774,4.992198646844244e-21,5.8469787542084115e-19
224965_at,4.315657930764706,3.2527046776057684,-1.0629532531589376,1.2499950118361255e-18,9.988796156808769e-17
224970_at,8.55835198882353,7.517389336653846,-1.040962652169684,0.008939058894010813,0.03167055471445739
224975_at,9.384158715529411,8.22900389803846,-1.155154817490951,0.002197483147585442,0.009641967417964937
224976_at,6.685919989470587,5.056549762144231,-1.6293702273263566,2.7059375984350412e-06,2.48047309682543e-05
224996_at,9.889260949352941,7.723516525076922,-2.165744424276019,2.7016921885198514e-07,3.0560758125849734e-06
224997_x_at,4.541215131941176,2.955338720855769,-1.5858764110854073,4.238201772960858e-06,3.7357366693545e-05
224998_at,5.629987076117647,7.057799499105769,1.4278124229881222,5.491470228692626e-06,4.731906435298624e-05
224999_at,7.962323598294118,5.576843445182693,-2.385480153111425,5.292712350814841e-09,8.30088929296331e-08
225001_at,5.434167035882353,7.390958396442307,1.9567913605599543,2.336130598604253e-12,6.599383151480659e-11
225008_at,9.278072484882353,6.421584989028846,-2.856487495853507,5.557303786534542e-10,1.0531669561294055e-08
225009_at,6.360839430411765,8.069665037846153,1.7088256074343882,1.2137427262110996e-09,2.1536041695018077e-08
225014_at,8.137242494235293,6.066065909826923,-2.07117658440837,1.0224040161913801e-08,1.517590122374472e-07
225016_at,7.018797627294117,4.631610039865385,-2.3871875874287323,3.395883982364635e-11,7.992408446463106e-10
225017_at,6.801999353411764,8.418220388576923,1.6162210351651591,4.084596696900604e-09,6.585914420092706e-08
225031_at,5.067260666294118,6.732086056807692,1.664825390513574,5.755127125607553e-10,1.0884766652424938e-08
225032_at,9.535618791529414,8.439718495557692,-1.0959002959717221,1.6656559962960672e-05,0.0001294643101991499
225034_at,4.719137156117647,5.843905108201923,1.1247679520842766,0.0024059778881964557,0.010435129752126194
225037_at,6.794956419352941,7.856026973461538,1.0610705541085972,1.9412817020533657e-09,3.3193362787083536e-08
225045_at,5.193460237882353,4.093744166692308,-1.0997160711900449,8.792959687980494e-05,0.0005719353435946698
225056_at,6.317490593058824,7.487626810673078,1.170136217614254,0.000119637376604693,0.0007518351615092158
225065_x_at,8.213536069,6.374822810730769,-1.8387132582692312,9.113656820514982e-09,1.3661474199584927e-07
225075_at,5.667636198294118,7.108736272663462,1.441100074369344,5.054076697112179e-10,9.641609648783138e-09
225078_at,7.557767452882354,9.150283681865385,1.5925162289830315,1.8093674484041584e-05,0.0001395414242849379
225079_at,6.923689080000001,8.015865645182693,1.092176565182692,5.2046801085589034e-05,0.0003574509068139378
225080_at,8.947353912294119,7.185057670298077,-1.762296241996042,4.3703756877637426e-10,8.41972236718875e-09
225093_at,10.051552188647058,8.472996710663462,-1.5785554779835955,1.558953305430396e-10,3.2650081526126474e-09
225098_at,7.484601399529412,8.631543710471153,1.146942310941741,2.1167998133751726e-07,2.4446216041938963e-06
225099_at,6.835969116235295,8.075344272528847,1.2393751562935522,3.207627961770468e-09,5.2827135342628355e-08
225102_at,10.604239012647058,7.547836640067307,-3.0564023725797513,1.2069105798961878e-13,4.271852953317382e-12
225107_at,6.7364416212352936,8.429952552682693,1.693510931447399,9.553935141651804e-08,1.1829496962255304e-06
225108_at,6.5392362951176475,4.903653781365384,-1.6355825137522633,1.7196698757339e-07,2.0167138407322845e-06
225111_s_at,4.762329284588235,5.942756570163462,1.1804272855752274,3.3056825222246063e-06,2.9777330645403e-05
225113_at,5.795988697352941,4.642985895451923,-1.1530028019010183,0.00023801606780312587,0.001380078504687858
225114_at,7.435843524411765,6.046614962240384,-1.3892285621713807,8.42957790216673e-05,0.0005502008279387203
225116_at,7.461944578294117,6.202796167711539,-1.2591484105825783,1.634839525046717e-05,0.00012730476021903948
225123_at,7.875360685411764,6.866933833653846,-1.0084268517579185,0.008365553338958612,0.029979220990612086
225125_at,8.754515294,7.424806626067308,-1.3297086679326933,3.865662259147853e-06,3.4334252309524924e-05
225128_at,6.41286401782353,5.305323686259616,-1.1075403315639143,3.408454974666479e-06,3.06525068482982e-05
225129_at,7.022877504705882,5.775614704480769,-1.247262800225113,0.00015740766586961626,0.0009574448897244829
225133_at,8.22596909017647,7.081898043634615,-1.144071046541855,0.00013138790214644545,0.0008162800581958846
225145_at,4.562449717235294,5.695346929971153,1.132897212735859,3.004474319580506e-07,3.3671705110551224e-06
225150_s_at,3.6668242417058825,6.112302827673077,2.445478585967195,5.036071568965136e-15,2.20067053773057e-13
225162_at,9.322387303529412,6.004702485403846,-3.3176848181255663,4.786524399406795e-17,2.9287412017401732e-15
225163_at,7.886912330058823,6.052154316346153,-1.83475801371267,1.5302820105091858e-06,1.4743382498072525e-05
225170_at,5.475102057117647,6.53428698998077,1.0591849328631229,4.874676058989312e-07,5.23421099003694e-06
225176_at,10.447486582647059,9.277282087461538,-1.170204495185521,5.446612452418029e-06,4.696218973783943e-05
225177_at,5.653391111705881,6.6609532709807695,1.0075621592748885,0.0040267767375169105,0.016213754891695718
225178_at,5.587536078411765,6.906309432663462,1.3187733542516966,1.5855711744408186e-06,1.5235719917219265e-05
225185_at,9.779339337588238,6.458279651096154,-3.3210596864920845,5.310913219509231e-15,2.309675957032624e-13
225191_at,4.435489450764706,6.505621122163461,2.070131671398755,4.502273799679202e-09,7.178778898997696e-08
225200_at,7.646182887294119,6.156152734278846,-1.4900301530152724,3.471049854615198e-06,3.1123119765901576e-05
225202_at,10.689201488470589,8.115102509769232,-2.5740989787013575,1.2423401759482786e-07,1.4997939496368303e-06
225207_at,11.535081608,6.8158527060480765,-4.719228901951924,1.1305497474316406e-14,4.671027605228729e-13
225213_at,8.795459609117646,7.77540091976923,-1.0200586893484163,4.043595586717122e-06,3.580392659432736e-05
225221_at,8.009001029352943,9.369031372884615,1.3600303435316725,7.620098038980384e-08,9.636175414029435e-07
225224_at,4.509205647294118,6.5855921501634604,2.076386502869342,3.776839716588201e-13,1.2321346974995063e-11
225225_at,9.325752703941177,8.323301699346153,-1.0024510045950237,3.085995997996796e-05,0.00022394704902894182
225228_at,7.571263839352942,6.404316240923077,-1.1669475984298652,4.754702123219532e-05,0.00032951005884389713
225230_at,9.054349053588236,7.4580013518942305,-1.5963477016940057,1.869057132361289e-08,2.6523990958696514e-07
225235_at,5.664289108882352,6.899560702375,1.235271593492648,4.200670290870903e-12,1.1361168672222151e-10
225237_s_at,2.683645342647059,3.9959600019711536,1.3123146593240946,6.2715101893873274e-06,5.327513690685929e-05
225239_at,10.005463779352942,11.731549506903848,1.726085727550906,1.4599603675569048e-07,1.7375311142801637e-06
225240_s_at,6.743462856823529,8.839632030028847,2.0961691732053183,3.806516704768286e-12,1.0387793761477414e-10
225241_at,8.68617527282353,6.547726956384616,-2.1384483164389136,6.504520384137106e-09,1.0042721868340003e-07
225242_s_at,10.945576042529412,8.541572882298077,-2.404003160231335,4.929785595431281e-07,5.288183333589699e-06
225258_at,6.87066017217647,7.942266619990385,1.071606447813915,9.126067442588847e-06,7.504770754091557e-05
225259_at,4.255967809352942,2.9873347955673077,-1.2686330137856343,1.5941203377125255e-08,2.289618260842419e-07
225263_at,6.780784045470589,8.073224464567307,1.2924404190967183,3.288159058758538e-11,7.752243337709815e-10
225273_at,6.910776942705883,8.006949372259616,1.0961724295537323,1.4343851059702036e-07,1.710450179129293e-06
225274_at,10.724361999411764,9.19751526041346,-1.5268467389983034,2.9867941938418325e-06,2.71648459099639e-05
225280_x_at,6.276043152647059,7.8545826555192315,1.5785395028721725,4.878651273903976e-09,7.713554689409187e-08
225283_at,7.410097756823529,6.029342530432692,-1.3807552263908365,6.067330082623328e-06,5.180675979028452e-05
225286_at,5.3704426997647055,7.080024407625,1.7095817078602948,1.025749714850449e-08,1.5218889800822386e-07
225288_at,3.0627277058235296,5.01272884001923,1.9500011341957006,5.16151739926298e-06,4.469466256296592e-05
225293_at,6.11687954235294,8.533159780875,2.4162802385220594,3.207865572425695e-08,4.371587892070462e-07
225299_at,4.844262891588236,6.463624620817308,1.6193617292290723,3.250630454498746e-08,4.426550887626923e-07
225301_s_at,4.306366113470588,7.097957828038462,2.7915917145678737,6.567235360324037e-18,4.613039108508695e-16
225305_at,4.775366365941176,6.983089999903847,2.2077236339626714,1.429272658638114e-13,5.000530284346771e-12
225306_s_at,5.501999956823529,7.651493267375001,2.1494933105514713,7.401882178707302e-11,1.6482551098803175e-09
225312_at,10.053343771529413,8.871120098817308,-1.1822236727121052,4.7332414520572917e-07,5.096381637637304e-06
225314_at,6.797846307235294,8.71074784498077,1.9129015377454754,1.6386262932079582e-10,3.4253000558022656e-09
225321_s_at,7.576105193588235,9.301431336144232,1.7253261425559963,9.157896094028416e-09,1.372025283875863e-07
225324_at,7.934300531823529,6.934072413596154,-1.0002281182273745,5.954504460404652e-06,5.093901237373441e-05
225325_at,6.5575631564117645,7.9429680930096165,1.385404936597852,8.471606193134378e-05,0.0005524815323396837
225330_at,6.3901189207058815,8.390457822865384,2.000338902159503,2.426993594116495e-05,0.00018081201661654953
225331_at,8.864750086352942,6.9659856212019235,-1.898764465151018,5.772476184606794e-12,1.5293979499012342e-10
225334_at,9.182315499588235,7.907412131298077,-1.2749033682901576,1.0022256437665566e-05,8.165468489496178e-05
225335_at,4.526933941647058,5.723818559028846,1.1968846173817882,1.1780559206800983e-07,1.430732400863353e-06
225337_at,5.7772377648823525,6.920717171846154,1.1434794069638015,0.0007040218866288205,0.003581731035637061
225338_at,8.440156351588238,7.061656338692307,-1.3785000128959304,5.625584688203543e-08,7.294815554703282e-07
225342_at,8.466685264941177,6.484725370317308,-1.981959894623869,1.007744351911132e-05,8.206756040429376e-05
225345_s_at,5.2548683350588234,6.321805048567307,1.0669367135084835,0.0008353063984154492,0.004160156405884685
225351_at,8.702504966294116,7.387391682182692,-1.3151132841114244,5.055511254334176e-11,1.1564323082577745e-09
225352_at,10.168758564235294,8.916354116903847,-1.2524044473314468,1.5898158090783472e-09,2.768684015433539e-08
225353_s_at,6.2840865457058825,5.262517826403846,-1.0215687193020369,0.002242486710420616,0.009816544928460604
225354_s_at,5.802636951999999,4.170522922798077,-1.6321140292019223,2.0392711363006633e-09,3.4781681046298094e-08
225355_at,6.120970223588237,7.209290913442308,1.0883206898540712,0.0002531440705904688,0.0014583439126828368
225363_at,10.278013372470589,9.067723669817308,-1.2102897026532808,1.300356647980932e-05,0.00010354660763742296
225377_at,6.343300897470589,7.362845388259616,1.019544490789027,7.743769531712971e-06,6.448690834167871e-05
225380_at,7.2940258097647055,4.305098125067308,-2.988927684697398,2.5213980490460794e-20,2.577067118331198e-18
225381_at,6.5473894575294125,4.561158741076923,-1.9862307164524893,1.0872792656031909e-07,1.3317462979658113e-06
225387_at,4.870996753882352,6.56359479164423,1.6925980377618783,9.141751512144388e-06,7.515403762333612e-05
225388_at,3.2939699101764703,4.3224335535,1.0284636433235295,0.0005407461250020674,0.002847509424984048
225389_at,9.615641551764705,8.393793045413462,-1.2218485063512432,2.0030994254145708e-08,2.832309936261706e-07
225411_at,4.947970053705881,6.182960252798077,1.2349901990921959,1.8069259994168314e-05,0.0001393925287945883
225412_at,5.11339906564706,6.763406601567308,1.6500075359202482,2.7714873442904384e-12,7.721541999184678e-11
225413_at,13.536231772941177,12.48161111875,-1.0546206541911776,3.764580564035256e-11,8.784396862098342e-10
225415_at,7.474926772470589,8.706018059394232,1.2310912869236432,1.5652413466054225e-10,3.276920117237336e-09
225418_at,5.242277917882353,7.1253152515576925,1.8830373336753397,9.784902428134334e-12,2.504925842519436e-10
225420_at,10.366969918352941,5.265454961471154,-5.101514956881787,1.2505209556515112e-23,2.237776499623076e-21
225422_at,8.016125907647059,6.956089837298077,-1.060036070348982,2.2545801140089708e-05,0.00016930755096655973
225424_at,10.765210782235295,5.317681675548077,-5.447529106687218,4.666750800330669e-20,4.576149847156598e-18
225426_at,7.808523351294119,6.141345264798076,-1.667178086496043,3.8176532260518725e-10,7.449542203242229e-09
225429_at,7.754986356470588,6.383082267057692,-1.3719040894128955,4.2872947603578016e-07,4.6594237500113195e-06
225436_at,4.539226974470588,5.572242815086539,1.0330158406159509,1.1190699893868693e-06,1.1153710911385307e-05
225442_at,9.472109334705882,5.161628230730769,-4.310481103975113,5.2864827137573693e-17,3.2023411768497606e-15
225452_at,4.767388363647059,5.967877288326922,1.2004889246798633,0.0010544828134967817,0.005098114755765865
225457_s_at,4.680032526941177,6.069798192980769,1.389765666039592,6.883806309365695e-08,8.77873913314511e-07
225463_x_at,6.826333413705882,7.963285518336538,1.136952104630656,1.9275334660157992e-07,2.238834838086323e-06
225467_s_at,5.383969000352941,7.293360747144231,1.9093917467912895,1.1725727730316557e-17,7.910735399171167e-16
225469_at,9.772555726647058,8.362459780567308,-1.4100959460797498,3.3850223237162884e-09,5.538103519367845e-08
225485_at,3.848330069470588,5.740753319365384,1.8924232498947955,2.421360994084945e-11,5.834678220581113e-10
225491_at,2.917273742588235,4.463416077826923,1.546142335238688,0.0010741229864405634,0.005182510473562545
225496_s_at,5.2661685174117645,7.170357329067307,1.9041888116555423,6.925398642432866e-06,5.834846133148246e-05
225510_at,6.728824540411765,5.3931850141442315,-1.3356395262675331,1.2428948887738103e-09,2.200323066311573e-08
225524_at,9.318741200470589,6.600628911067308,-2.7181122894032805,6.454946562328421e-13,2.013168733858988e-11
225525_at,6.370214430588235,7.8256877608269235,1.4554733302386884,2.035736125888262e-08,2.8769663908559157e-07
225531_at,6.606301780411765,4.742465431778847,-1.8638363486329181,4.8854414537382135e-14,1.8568419854009605e-12
225534_at,9.844315786117647,8.558405551307693,-1.285910234809954,4.958515017496465e-06,4.308721400094564e-05
225543_at,4.450834085352941,5.846466762875001,1.3956326775220598,8.53476090768132e-08,1.069127187469219e-06
225544_at,6.2898256024117645,7.425686763798077,1.1358611613863125,0.0005336056816326961,0.0028155128091483872
225548_at,4.523307529352941,7.226506292096153,2.703198762743212,5.759032343305492e-14,2.1617759715630704e-12
225553_at,8.464500515352942,7.172242093365384,-1.2922584219875581,6.2855755845525975e-06,5.336969972453271e-05
225557_at,6.6125495054705885,5.45688384314423,-1.1556656623263581,2.421292080605243e-07,2.758908151719281e-06
225562_at,6.031081354411764,4.012331818125,-2.018749536286764,1.5778823120641471e-16,8.769779909383818e-15
225564_at,5.9956123612352945,7.321205442211539,1.3255930809762448,9.209429558161412e-08,1.1452300201751917e-06
225568_at,6.820510076529413,7.986575658971153,1.1660655824417407,6.325588307625421e-07,6.644424254077903e-06
225571_at,7.286650283705882,5.2844561221249995,-2.0021941615808823,7.632198371869947e-08,9.64924148571438e-07
225573_at,7.267104247882353,6.103740895807691,-1.1633633520746613,1.1231583633631564e-06,1.1188330044533257e-05
225575_at,7.703089515999999,5.444164147288461,-2.2589253687115374,1.5538692294965505e-10,3.2556095461302203e-09
225576_at,8.817184469882353,7.517193837442307,-1.2999906324400454,3.710204504749932e-11,8.664923049411491e-10
225579_at,8.730011198117646,7.592338403519231,-1.1376727945984149,0.0030027179896485556,0.012634750224117534
225589_at,7.312394182941176,8.691664793153846,1.3792706102126697,2.2605366316950613e-07,2.593060715033307e-06
225590_at,4.675279120882354,6.563311672086538,1.8880325512041845,1.304811773019051e-11,3.292187115162445e-10
225591_at,6.461158835882353,5.390860455692307,-1.0702983801900459,0.00014062060151029472,0.0008668321447741558
225594_at,5.416095491352941,6.534858177394232,1.1187626860412907,1.2805882948137049e-05,0.00010213828517117814
225595_at,4.155088773411764,5.225589939326923,1.070501165915159,1.3148712323223057e-06,1.2863301127248454e-05
225601_at,3.919589128470588,5.503090570740384,1.583501442269796,3.5651293289653724e-06,3.190378646427301e-05
225604_s_at,5.297388983058823,4.172375286221154,-1.1250136968376694,0.00289757629686972,0.012249947072567966
225611_at,7.673558822294116,6.4802330442980765,-1.1933257779960398,0.0009294855627523808,0.004565370098043754
225617_at,3.1695041622352944,4.242229090480769,1.0727249282454743,8.140900244820991e-07,8.355061949268237e-06
225627_s_at,7.1672680810588245,5.206913596644231,-1.9603544844145935,8.789083444279217e-08,1.097710263856557e-06
225630_at,5.116429047176471,3.513373319778847,-1.6030557273976238,3.1594809138276896e-17,1.9954060300544864e-15
225639_at,8.724826891529412,6.547577723230769,-2.1772491682986432,1.998116593947489e-09,3.412240475001878e-08
225645_at,6.224532666705882,9.904448814336538,3.6799161476306566,4.811056727355924e-10,9.203738700398142e-09
225647_s_at,5.402436994117646,4.334912043038461,-1.0675249510791849,0.007144923911742968,0.026325714047054576
225651_at,8.300624999294117,6.756688423153847,-1.5439365761402701,1.244616306109358e-07,1.5022094951601646e-06
225655_at,3.8088165048823535,7.38875284389423,3.579936339011877,2.0527428920556933e-23,3.534279315631157e-21
225656_at,4.344705396058823,6.382362773163463,2.0376573771046393,2.857306340226121e-10,5.727099623327266e-09
225661_at,6.692768112352941,5.558991484615385,-1.1337766277375563,9.418802734877884e-14,3.404429367330464e-12
225662_at,10.890213829117648,8.471774579384617,-2.418439249733032,8.694175062850929e-16,4.2179500511585856e-14
225665_at,10.488839016882352,7.510215353086537,-2.9786236637958146,3.244471962278794e-16,1.699424522353304e-14
225676_s_at,8.099870355058824,9.239421058221154,1.13955070316233,4.992347619752962e-05,0.000344123946373449
225677_at,8.329174356058823,6.928184112173077,-1.4009902438857464,3.858462987752403e-10,7.521108978876371e-09
225681_at,8.686238576470586,10.891120715288462,2.204882138817876,6.884150220755432e-08,8.77873913314511e-07
225687_at,2.9249072999411765,5.400086165509615,2.4751788655684384,1.298389692146307e-09,2.288176009288127e-08
225688_s_at,9.801077110647059,7.599220423336539,-2.20185668731052,5.0859828543556555e-09,8.018135707910957e-08
225694_at,4.914422632470588,6.0007126825,1.0862900500294117,0.0012104415658739985,0.0057577732459331505
225698_at,8.579617607411766,7.549875628355768,-1.0297419790559976,0.000719355823847334,0.0036485197946067873
225717_at,4.72011167782353,3.507837665682693,-1.212274012140837,6.30883025085586e-10,1.1844845072633712e-08
225720_at,7.755529486647059,4.918648777875,-2.8368807087720587,2.0037043417579567e-11,4.882150860214621e-10
225721_at,8.662035709647059,6.014709390615385,-2.6473263190316736,5.425238555152048e-15,2.3537686415075014e-13
225722_at,3.771599277705882,5.100463071865385,1.3288637941595032,1.2295704886671905e-08,1.7967530843632285e-07
225723_at,6.318211811294118,7.456399000240385,1.138187188946267,6.893283859817531e-07,7.186791590926094e-06
225731_at,7.1717680440588225,8.245377592499999,1.0736095484411763,0.0002403533458398439,0.00139185626128306
225733_at,5.877451326764707,6.937104655913463,1.0596533291487562,3.7829587511751945e-09,6.154101510592875e-08
225739_at,3.3788665732352943,4.587352192711538,1.208485619476244,1.7252254628021104e-08,2.4681803547647806e-07
225755_at,8.215836003117648,6.735456792663462,-1.4803792104541857,7.792341683722798e-11,1.7253477353180797e-09
225764_at,5.525053150117647,6.929793533,1.4047403828823528,3.505131049273067e-10,6.8964148355542436e-09
225772_s_at,8.486500647941176,7.0685102926442305,-1.4179903552969453,1.1287642793985914e-11,2.864101608800359e-10
225776_at,5.460324347941176,4.427825090576922,-1.032499257364254,1.4643221634904392e-05,0.0001152765604516727
225777_at,3.641045662588236,6.053420433942307,2.412374771354071,9.396152977331994e-14,3.399461582058815e-12
225782_at,9.994462765882353,7.545255457403846,-2.449207308478507,8.492974326539961e-09,1.2811996842681718e-07
225786_at,5.834011090117648,7.887499588125,2.0534884980073524,9.021811659110392e-12,2.3204592768265132e-10
225790_at,5.712960308352941,3.854095630884615,-1.8588646774683264,9.347830980583158e-15,3.918550438473488e-13
225792_at,3.28527568982353,6.011079447711539,2.7258037578880088,6.094536704964394e-15,2.627438537284768e-13
225793_at,8.86450585282353,7.153112742442307,-1.7113931103812234,7.121039516121324e-10,1.3242222001716719e-08
225796_at,6.522647832411765,5.175245534048077,-1.3474022983636882,3.6804203911240316e-09,5.996228791855478e-08
225798_at,7.289111281823529,5.115591559894232,-2.1735197219292974,7.043360064005761e-17,4.1558870154958964e-15
225802_at,4.819885949176471,6.5374403445,1.7175543953235293,6.857225082924463e-10,1.2795230352168693e-08
225803_at,6.79800699417647,7.81488024448077,1.0168732503043003,0.008575019856060366,0.030587282447155004
225804_at,3.980969666176471,2.8791768379326923,-1.1017928282437786,4.962693053301134e-07,5.319301338494159e-06
225806_at,5.032968948941177,6.734734312865385,1.701765363924208,1.3888100999672556e-06,1.3509154597418079e-05
225809_at,5.04091392382353,3.7643072565673075,-1.2766066672562228,5.238344126577034e-06,4.531678302178601e-05
225810_at,7.206449824,5.634128019230769,-1.5723218047692313,9.068881894528286e-11,1.9767192688556684e-09
225816_at,6.369307754294119,4.597693368865384,-1.7716143854287347,5.478771422539152e-12,1.4586627583939728e-10
225817_at,3.6686850255294114,5.2398088545865384,1.571123829057127,2.9929262520684716e-05,0.0002182085518456387
225820_at,6.093068515470589,4.524594241365384,-1.5684742741052045,5.191912991648899e-10,9.890730163043813e-09
225822_at,3.044567729294118,6.1793015847596156,3.1347338554654978,8.867746313586852e-15,3.7316324290613477e-13
225834_at,4.141732718117646,6.020152917721155,1.8784201996035081,1.6704953085906465e-06,1.5998238892361623e-05
225837_at,3.359057272823529,4.578462059615385,1.2194047867918556,2.3648563312110476e-07,2.6985468053767043e-06
225840_at,5.77069925282353,4.620623282028846,-1.150075970794684,1.9923643786340388e-05,0.00015176727902507637
225844_at,8.085283326176471,7.047582442769231,-1.0377008834072399,4.776445894257783e-05,0.00033082949297296387
225846_at,4.276231148411765,9.171065472528845,4.89483432411708,1.0026636918243945e-25,2.379320940699288e-23
225857_s_at,6.841632691882353,8.253123820326921,1.4114911284445686,5.2144133305699375e-09,8.189855112782062e-08
225863_s_at,8.87517876429412,6.763714089894231,-2.1114646743998886,1.1374482919912924e-18,9.210799752016728e-17
225864_at,6.163386500529411,8.894524389442308,2.7311378889128974,1.1991746672701816e-15,5.741206505696426e-14
225868_at,4.758062192058823,6.061728071028846,1.3036658789700235,0.0002593445788884431,0.0014904462220861677
225871_at,6.400665668,5.13543995760577,-1.2652257103942306,0.0005158543773306698,0.0027366656357242056
225876_at,5.9532280278235294,7.160073746134615,1.2068457183110857,1.537127416109403e-06,1.479888467875024e-05
225879_at,5.4149304468823525,6.424978530317308,1.0100480834349552,3.196294611821916e-07,3.5618225408516844e-06
225885_at,8.514252412470587,7.157071159153846,-1.3571812533167407,4.611597871100228e-07,4.979157274120265e-06
225890_at,6.503152699470589,7.587266726153847,1.0841140266832578,1.6580429611522127e-07,1.9498885321423533e-06
225891_at,2.9143556584705883,4.083874048403846,1.1695183899332577,6.576322622718247e-08,8.417662111288443e-07
225894_at,5.7439882635294115,2.7426050937692312,-3.0013831697601803,7.621616569332517e-21,8.576911561599989e-19
225895_at,8.783043246588235,6.246553968403845,-2.5364892781843906,4.180182432708771e-08,5.571432893646203e-07
225898_at,4.561097295117648,6.637128819903847,2.076031524786199,2.931602839046856e-11,6.956693537058189e-10
225899_x_at,5.839090633176471,7.332131368192307,1.4930407350158363,1.10226148289695e-06,1.0998232079530644e-05
225900_at,4.896349408529411,3.6829407410480766,-1.2134086674813345,3.837423129518654e-11,8.935269495989702e-10
225903_at,4.648890349411765,5.899492552538462,1.2506022031266966,2.105445239108947e-06,1.9734345819221574e-05
225905_s_at,4.7958211583529415,3.5729238191057697,-1.2228973392471718,6.042750449367042e-11,1.3605910758085966e-09
225908_at,9.281640295058825,8.235521917836538,-1.046118377222287,3.5453251891137696e-06,3.174217577044626e-05
225911_at,3.6560983782352947,7.0036309975,3.3475326192647055,3.060613130258051e-09,5.06197587988952e-08
225912_at,7.89526653017647,9.053269781740385,1.1580032515639145,0.00027434917330452314,0.001567762907526706
225913_at,7.876921383588236,6.591648793567307,-1.285272590020929,7.815833078242762e-06,6.501758170666235e-05
225915_at,6.556376436647059,4.9138860666730775,-1.6424903699739817,6.105671922614973e-05,0.00041263183242248955
225922_at,7.916009170823529,6.568251430836539,-1.3477577399869904,8.248709281397585e-06,6.83269546015175e-05
225926_at,6.699229886117646,3.5768215641730765,-3.1224083219445693,4.20877572754972e-24,8.06002703276969e-22
225928_at,6.09430553382353,4.52048605725,-1.5738194765735294,3.1823067506415206e-15,1.429523622578301e-13
225929_s_at,6.538976375705882,7.934156478201923,1.3951801024960409,2.1916863661036485e-07,2.5235803986286163e-06
225930_at,6.939339581117647,5.641533282163461,-1.2978062989541854,1.7917504246164393e-09,3.084919445588033e-08
225933_at,4.530626199529412,5.620891339663462,1.0902651401340497,6.670013962676102e-07,6.967063824870002e-06
225935_at,5.250706611470588,6.394603462932692,1.1438968514621042,1.8992288779499713e-07,2.21019217333969e-06
225939_at,6.69983041417647,4.182085270240385,-2.517745143936086,5.353302888985019e-18,3.814333138092864e-16
225940_at,7.120976523176471,5.091997964644231,-2.0289785585322395,1.079452169392149e-18,8.76717558828186e-17
225941_at,7.445510637058823,5.166868442259615,-2.2786421947992084,4.81187937649694e-11,1.1039410024793042e-09
225947_at,5.279630883588235,7.080246530903845,1.8006156473156105,8.438107718878015e-12,2.188894872569597e-10
225950_at,5.828733861882353,3.7744639318846156,-2.054269929997737,3.47142365841649e-16,1.804356729786202e-14
225954_s_at,4.809736273705882,6.25407256653846,1.4443362928325785,4.2514865236333886e-07,4.62326923636953e-06
225961_at,6.412038172411765,7.477256182605769,1.0652180101940045,1.0164677440879273e-06,1.0218786701892611e-05
225968_at,7.3197416492941185,5.47648497996154,-1.843256669332579,1.0816134114189417e-08,1.5954967130225518e-07
225972_at,7.927031341294116,5.631532078769231,-2.295499262524885,1.362367513273846e-10,2.878693631706281e-09
225973_at,5.091287314352942,6.232399688740386,1.1411123743874434,0.007200008199111783,0.026487547013974252
225974_at,7.801443172352942,6.188070285336538,-1.6133728870164035,7.387355063350933e-05,0.0004890762396926621
225975_at,9.236910857470589,6.350318367759616,-2.8865924897109725,4.250269611105672e-12,1.1472574930985979e-10
225977_at,4.538458879235295,2.4414701476634613,-2.0969887315718334,1.2551641279664429e-25,2.927589869242756e-23
225978_at,6.322421317647058,5.031475492221153,-1.2909458254259052,2.1413262456727506e-08,3.011374521066041e-07
225981_at,3.5856237863529414,4.665476632211538,1.0798528458585968,1.3144434733138206e-05,0.00010453301811160572
225982_at,5.450663820823529,6.506245902394231,1.0555820815707024,3.7034670093349937e-13,1.2110936243408904e-11
225990_at,8.105554115823528,6.746944206682693,-1.358609909140835,0.0007906022605061186,0.0039656539634375
226001_at,9.00526437935294,6.958667018394231,-2.0465973609587094,3.3304373387411957e-10,6.588326912328949e-09
226004_at,4.6857717580000005,5.934872023317308,1.2491002653173071,7.698979934773293e-09,1.1721133217851926e-07
226018_at,7.822876535764705,3.9945817136057693,-3.828294822158936,2.2375561317974697e-19,1.9793124168131947e-17
226021_at,7.175444561764706,5.612649586528846,-1.5627949752358594,0.0009012565571904657,0.0044447168731271735
226022_at,9.086632151764706,7.21993808464423,-1.8666940671204753,1.4606648427985155e-05,0.00011503842201313157
226028_at,8.433037496,6.907448007951922,-1.5255894880480785,3.425831688719443e-10,6.7598867584460775e-09
226029_at,3.065747486882353,4.471341669403847,1.4055941825214937,3.960406013102283e-05,0.0002798485238077544
226032_at,6.193505371999999,7.735148910653847,1.5416435386538483,8.893261087885794e-12,2.2927978125447274e-10
226035_at,4.685701193588236,6.160103585913462,1.474402392325226,8.657647386985794e-07,8.840518928611743e-06
226038_at,7.999566185117648,6.949924043288462,-1.0496421418291861,5.408438716954533e-05,0.00036936321825876023
226039_at,6.232773689411765,8.399156889692307,2.166383200280542,1.894414803957029e-08,2.6855913139005374e-07
226056_at,6.232678748647058,4.884235805788462,-1.348442942858596,3.5878486394821795e-13,1.1768100414320786e-11
226063_at,6.427963007705882,7.683905706817307,1.2559426991114249,2.223951814867032e-13,7.525174587949643e-12
226064_s_at,9.18492074882353,4.020185482846154,-5.1647352659773755,5.840701784476274e-19,4.9194392391192984e-17
226065_at,6.041038379294117,7.051678287846154,1.0106399085520366,0.00046173414825394167,0.0024826113759779216
226066_at,9.205270584882353,7.480263307990384,-1.7250072768919686,7.633536340189177e-11,1.6956889699274932e-09
226073_at,7.170087733,5.7586886608557695,-1.4113990721442304,2.471370168051671e-07,2.8130325839852375e-06
226075_at,5.829987748117647,4.685915531615384,-1.1440722165022628,1.2618243690954686e-06,1.238455191568647e-05
226077_at,7.784937700882352,6.493884081067307,-1.2910536198150453,0.0008826525272968886,0.004362032985090265
226084_at,9.058567816,7.768729456134616,-1.2898383598653842,0.00021195788628907471,0.0012449902578316196
226085_at,7.829783569647058,9.137045048423078,1.3072614787760193,5.807095309106866e-08,7.503443533990142e-07
226086_at,2.861477853823529,4.354639578115385,1.4931617242918556,0.013774832964904978,0.04520573678020256
226099_at,8.351110618117646,7.301556469721153,-1.049554148396493,0.0002369507138160389,0.0013746314848390292
226103_at,7.713688583705884,5.5857412234999995,-2.1279473602058845,7.116989043995946e-09,1.0914249649684033e-07
226106_at,8.545891186882352,7.496555407096154,-1.0493357797861984,0.000593273188487214,0.003089613810980306
226112_at,8.947981258411764,7.0947308737500006,-1.853250384661763,1.0629412645217057e-11,2.705889518485549e-10
226117_at,5.744189398176471,6.783348340163462,1.039158941986991,0.0016593184078956046,0.007556440499335353
226121_at,2.7613567827647056,4.7483606852211535,1.9870039024564479,8.996752752177555e-09,1.3493645739519066e-07
226123_at,5.444306857294117,6.8954856630192305,1.4511788057251138,1.243071432187339e-06,1.222443165718068e-05
226129_at,4.712182657705883,8.663291789509616,3.951109131803733,7.081091292892887e-25,1.4639351578590941e-22
226132_s_at,3.019492860588235,4.517673769846153,1.4981809092579184,0.00010164243517026926,0.0006508908212082748
226134_s_at,5.435143117882354,7.37658154989423,1.9414384320118767,3.2676214891071656e-08,4.446360340413363e-07
226143_at,7.689635652,9.19772791546154,1.5080922634615401,1.5162507879797105e-11,3.771898439249983e-10
226145_s_at,2.6669035320588232,3.756617579836538,1.089714047777715,0.00809861882021201,0.029158553769269163
226150_at,6.439527398000001,8.271778244221155,1.8322508462211538,1.7208485982915665e-07,2.0176626347186985e-06
226151_x_at,7.845057998882353,6.82543091391346,-1.0196270849688922,1.4392829510249538e-08,2.0776150273470232e-07
226152_at,6.408398308529412,4.256309316548077,-2.1520889919813344,7.148619627339937e-20,6.8570212766359646e-18
226167_at,2.614828249235294,3.6354069032596152,1.0205786540243214,0.0003423151907371356,0.0019066456572346285
226169_at,8.110114511411766,6.672088738288462,-1.4380257731233037,1.7924983343272015e-07,2.0944715604633768e-06
226176_s_at,6.607866936470589,7.747613267865384,1.1397463313947958,1.3715675737645069e-06,1.335571571962409e-05
226184_at,8.966787627352941,7.660232312413461,-1.3065553149394802,0.0002462236357250302,0.0014220782872207854
226185_at,4.091376589588235,7.111295571701922,3.019918982113688,6.908309294713263e-15,2.954926434139147e-13
226187_at,3.3110247659411765,4.631744128259616,1.3207193623184392,8.197800865182574e-11,1.803417063364771e-09
226189_at,4.725663093294118,6.361214113730769,1.635551020436651,0.00023375360285089077,0.0013576713727784153
226204_at,4.442246926764705,5.51766984066346,1.0754229138987554,8.007022266026446e-10,1.4749080940177436e-08
226213_at,5.402136413529412,9.982880861346153,4.580744447816741,2.348473638798183e-19,2.0673764956768714e-17
226223_at,7.330545851588235,8.537419005557693,1.2068731539694575,7.715287915268641e-05,0.0005083204962909793
226235_at,5.125329115705883,3.5464363530096152,-1.5788927626962677,3.1518114210489945e-12,8.710010913895345e-11
226245_at,5.776974135058824,6.97356368664423,1.1965895515854061,3.435610980063211e-05,0.00024659680652402684
226246_at,3.940997547058824,5.506764614509616,1.5657670674507922,1.457808981807258e-06,1.410740362022311e-05
226248_s_at,5.5857883814705875,9.580994725326924,3.9952063438563368,2.937571915240536e-10,5.8730980286323595e-09
226250_at,8.221343421117647,7.068414318615385,-1.1529291025022612,0.0007954036651481876,0.003985708468612094
226269_at,4.920536011000001,6.334122068019231,1.4135860570192298,0.00418943054119608,0.016759871693025057
226271_at,3.291187193058823,4.393230250865384,1.1020430578065614,0.006597423171440981,0.02460366172090174
226272_at,5.565486142058823,7.365946462769231,1.8004603207104077,3.833874012215495e-09,6.228649829883459e-08
226277_at,8.183522714823528,6.57082844635577,-1.6126942684677585,6.115875620617419e-09,9.4829083948204e-08
226280_at,8.335119275,6.206771688528846,-2.128347586471154,7.642019728439928e-11,1.696882810246228e-09
226286_at,6.119647434411765,3.6180522265192305,-2.5015952078925343,3.1313554965138286e-29,1.3457185168836868e-26
226302_at,5.036863404705882,7.455712368576922,2.4188489638710404,2.8035670873632387e-09,4.662275687422249e-08
226303_at,5.860202629764706,3.6553436312211542,-2.204858998543552,1.6125486391013092e-20,1.6990596944693119e-18
226304_at,4.232313863411766,2.62225770639423,-1.6100561570175356,5.5368817334389205e-27,1.616029241333491e-24
226313_at,4.294250086647059,5.630056631173077,1.3358065445260179,4.447878588144455e-09,7.106579785197196e-08
226322_at,8.117880259,5.335509036067307,-2.7823712229326922,9.918008754116918e-09,1.4757769896154504e-07
226325_at,6.983412925647059,5.096252644201924,-1.8871602814451354,4.888427642359397e-06,4.251880355256311e-05
226326_at,8.454150920411765,6.9516601547884616,-1.5024907656233033,4.781781814143455e-08,6.290307776190303e-07
226337_at,4.573409013411765,5.588663725201924,1.015254711790159,5.017264564829523e-07,5.371256507915954e-06
226338_at,7.068689008941177,4.469593276528846,-2.599095732412331,1.2384075696431667e-18,9.910710666210322e-17
226342_at,7.767034358470588,5.2092851268461535,-2.5577492316244346,1.821644045371876e-15,8.476002587583258e-14
226350_at,5.016898646588237,6.949846875307693,1.9329482287194564,2.9448346812607593e-10,5.8852483364529835e-09
226362_at,5.038045114705882,6.738854561548077,1.7008094468421957,4.102853003127312e-07,4.47322441185948e-06
226363_at,3.828222616529412,5.341802378942308,1.513579762412896,1.0055629616659915e-05,8.190213533020169e-05
226365_at,5.31812573017647,7.753765027019229,2.4356392968427594,7.117025665719292e-10,1.3239268705156553e-08
226368_at,4.503664205588235,5.750175925740384,1.2465117201521494,4.278321375708483e-05,0.0003000212030898025
226373_at,5.626423383823529,6.626995385230769,1.0005720014072397,1.6782425398101247e-06,1.6066795225451114e-05
226374_at,4.466273553411765,6.951674874019231,2.4854013206074663,4.637787162156457e-08,6.128953644632865e-07
226375_at,3.9907871835294118,5.241639602990385,1.2508524194609731,1.682654828162342e-09,2.9154799322626178e-08
226380_at,6.014935956588236,3.8232752078749996,-2.191660748713236,8.167897097723484e-13,2.4905626480178303e-11
226384_at,5.661162395647059,7.005397164096153,1.3442347684490938,7.069284525282144e-06,5.94139944726477e-05
226386_at,7.724069619058823,6.558185815365385,-1.165883803693438,2.817635717513613e-05,0.00020652155039683142
226402_at,5.769462069647058,3.807478471557692,-1.9619835980893656,3.638128724719009e-15,1.6196201277849822e-13
226403_at,4.052218502411765,7.946704786298076,3.8944862838863106,2.2580982848317767e-15,1.0356701368725507e-13
226405_s_at,5.071752682941176,7.024682400144231,1.9529297172030553,1.9241562610056236e-14,7.710611201866809e-13
226412_at,6.374388635882353,7.547183983355769,1.172795347473416,5.853017464488377e-08,7.55562535937349e-07
226419_s_at,5.946243392941176,7.481766804423078,1.5355234114819014,3.453264199992758e-05,0.00024770102085872617
226421_at,3.988517762705883,5.523039375711538,1.534521613005655,5.139393613074903e-08,6.714592524272819e-07
226424_at,5.415408591176471,7.190196021913461,1.77478743073699,2.6035602936517163e-06,2.3962852827523948e-05
226425_at,8.628193223352941,5.772251140961537,-2.8559420823914037,1.411384367755286e-11,3.530336728126295e-10
226433_at,4.768619381235294,2.650180004625,-2.118439376610294,1.1460583301777e-17,7.751018290305909e-16
226434_at,6.065877159411764,7.310633159240384,1.2447559998286195,6.262940176387588e-09,9.697163457788884e-08
226436_at,7.071862648117647,5.789774888240384,-1.282087759877263,0.001183980038614927,0.005640258927080746
226440_at,6.131214846529412,4.638890269288462,-1.4923245772409501,2.014942112808122e-15,9.288304524911697e-14
226443_at,6.146439983529412,4.826324930701923,-1.3201150528274885,4.5329334619393544e-10,8.720584258695384e-09
226444_at,3.4784379725294117,5.586000962288462,2.10756298975905,6.113579785461546e-13,1.917661328222447e-11
226446_at,3.918726131411764,5.008976244403846,1.090250112992082,1.2243282284426653e-05,9.795164230456205e-05
226448_at,8.255611906764704,3.921501950346154,-4.33410995641855,5.3709350145127e-22,7.383885696652107e-20
226455_at,4.232786212764705,7.709465306894231,3.4766790941295254,5.224233691511902e-14,1.9732418730036546e-12
226456_at,3.7680655609999993,5.447993979028846,1.6799284180288465,2.217915571753403e-06,2.071382854050804e-05
226460_at,8.576803962411764,7.452757402076923,-1.1240465603348415,2.3203308757292872e-06,2.1600091909675725e-05
226473_at,3.6894013968235293,5.49830994898077,1.808908552157241,4.472532234173463e-06,3.921386936690015e-05
226474_at,6.724605144235294,7.889140124432692,1.1645349801973977,0.0006466674668602338,0.0033268417073960502
226482_s_at,9.093189232235295,10.10730858775,1.0141193555147048,0.000236593997598609,0.0013731122051423234
226484_at,6.632225748823529,4.842755951653846,-1.7894697971696836,1.2981138238516404e-16,7.319189503305649e-15
226492_at,5.389410757058823,4.186532105692308,-1.2028786513665155,0.004530878076277967,0.017900166089408264
226499_at,4.709670517176471,6.259961837980769,1.5502913208042983,5.346750203863916e-08,6.95638329860998e-07
226506_at,3.681419630176471,5.425640948759615,1.7442213185831443,0.00014872781451902574,0.0009107388520850337
226510_at,7.007708855235294,5.584227243538461,-1.4234816116968334,3.41505327832138e-06,3.070172836064941e-05
226517_at,7.901657351647058,6.6465437518653845,-1.2551135997816738,0.0022702480773326263,0.009923744178498912
226520_at,4.977136536705882,6.135957650730769,1.158821114024887,9.563517287951001e-08,1.1837082573678014e-06
226522_at,5.718675805529412,3.947854820923077,-1.7708209846063352,1.7180975640078236e-09,2.969349174983629e-08
226533_at,4.489426024705882,3.234782886048077,-1.2546431386578045,1.8334612459121322e-08,2.6052715787721493e-07
226535_at,4.041317747294118,7.796355100028846,3.7550373527347274,3.280424189242623e-10,6.501171816436932e-09
226548_at,4.4115539020000005,6.189181000173077,1.7776270981730766,1.389605634604759e-08,2.012826059742387e-07
226549_at,3.0742211188235293,5.913811866067308,2.8395907472437782,1.436811975961738e-18,1.1365182729857346e-16
226550_at,4.195135616823529,6.537954266028847,2.3428186492053182,1.8946395367416152e-15,8.785686599474988e-14
226552_at,4.131932716764706,6.004349791932692,1.872417075167986,3.219423391510994e-13,1.06073604996864e-11
226553_at,3.602497554470588,4.940569559519231,1.3380720050486428,0.00046759302070013397,0.0025101563368538026
226558_at,8.029526976941176,5.924785438884616,-2.10474153805656,1.0642282009907806e-07,1.3076010809552553e-06
226561_at,7.068563033117647,5.672641774298077,-1.3959212588195706,7.78356768572501e-07,8.026059715080017e-06
226566_at,4.8203682648235295,6.4381232433365385,1.617754978513009,1.0369480436223873e-13,3.711186050679756e-12
226569_s_at,3.893346778117647,6.350158583048076,2.456811804930429,3.056807638623904e-18,2.2729905191887476e-16
226571_s_at,9.223494670411766,8.055410050634615,-1.1680846197771508,2.8005039380710793e-05,0.0002053865955871828
226582_at,8.020638133352941,6.989516125692308,-1.0311220076606329,0.00013609875136627527,0.000842001105284509
226584_s_at,3.9610701170588234,5.871086867548076,1.9100167504892527,2.5843715256071614e-12,7.24460264489539e-11
226587_at,4.7254108266470585,5.805144163663462,1.0797333370164033,0.0025881111526839338,0.011114683972172195
226592_at,4.5872747885882355,5.72151112348077,1.1342363348925346,3.066501886285172e-06,2.7829498911133754e-05
226595_at,5.8191164310588235,4.6306506346826914,-1.188465796376132,4.207231021686054e-17,2.608185873145994e-15
226599_at,4.202038125647059,5.385982973644231,1.1839448479971724,1.279164748893282e-07,1.5381258609792122e-06
226605_at,5.140096767470588,6.351242261038461,1.211145493567873,3.3588648826973483e-07,3.7283605131734503e-06
226607_at,6.992771905529412,5.915462311009615,-1.0773095945197966,3.5641127022367165e-06,3.1899919182580806e-05
226616_s_at,9.272274023882353,8.117916601942309,-1.1543574219400448,5.3985183072131143e-05,0.0003687681235161259
226617_at,8.078365922176472,7.019959569971154,-1.058406352205318,2.0965658220321388e-05,0.0001589063546739232
226622_at,3.597189290117647,4.968162382971153,1.370973092853506,0.00017095555088705156,0.0010308897372516173
226625_at,10.502554396294117,8.02516769473077,-2.477386701563347,2.6796382270099103e-06,2.4592563442403548e-05
226627_at,6.401499165588236,3.9238892108173076,-2.4776099547709283,1.1107208866375523e-20,1.2148704463284762e-18
226632_at,7.130652855117647,5.716976501557691,-1.4136763535599561,1.2913407971245062e-10,2.7392183974449444e-09
226633_at,8.76323479247059,7.434220805201924,-1.3290139872686657,4.403699470551934e-06,3.8666266635015125e-05
226636_at,5.647827084176471,3.9573346235769233,-1.6904924605995473,1.076492361668592e-09,1.927620623605974e-08
226640_at,4.232521858999999,5.471223762567306,1.238701903567307,2.7364096172013334e-10,5.509055717345318e-09
226647_at,4.479658309647059,5.7959013819134615,1.3162430722664027,4.528482001504154e-05,0.0003156174424212684
226651_at,4.104843072,5.104867336086539,1.0000242640865382,5.381024548413436e-06,4.645538418662717e-05
226653_at,4.894880400529411,3.2797123170192313,-1.6151680835101798,2.3854188285318436e-08,3.329764047121215e-07
226656_at,9.027571910235295,7.179420888317308,-1.848151021917987,6.485151639563188e-13,2.0214339882108466e-11
226657_at,7.498179377941177,4.98468010689423,-2.513499271046947,1.7498222627770623e-16,9.588709767079244e-15
226659_at,4.046146201176471,5.912900968288461,1.8667547671119893,4.0994364900049917e-11,9.496737868759866e-10
226663_at,5.7653874887647065,8.576143640749999,2.8107561519852924,8.922678402594506e-21,9.898188303561088e-19
226666_at,7.376639297705882,6.130060013259615,-1.246579284446267,2.5362717787539314e-06,2.339087147898121e-05
226670_s_at,3.1971566722941174,6.443665772115385,3.246509099821268,3.8646189553633775e-14,1.4917046532162501e-12
226671_at,6.339199485588235,5.312810312317307,-1.0263891732709283,0.0022966330034811556,0.010027032453163586
226676_at,5.665907095,4.60433246325,-1.06157463175,0.00077604996232665,0.0039037816492005746
226677_at,6.153329994117647,4.9445389630288465,-1.2087910310888006,0.0007302828690369137,0.0036977557017502287
226679_at,5.145881869588235,6.493288257769231,1.3474063881809952,9.274544979326559e-10,1.6833900579536556e-08
226685_at,9.262205022705881,7.273374729307692,-1.9888302933981894,9.901940662158844e-11,2.1411965903326762e-09
226688_at,5.403660985529412,3.9187121979134614,-1.4849487876159508,1.0427909662000902e-10,2.2478075886348626e-09
226691_at,6.12822617117647,7.296505857144231,1.1682796859677609,1.3176580643204373e-08,1.914199081515708e-07
226693_at,7.189830532294117,8.276826861586539,1.0869963292924218,6.260156990548513e-07,6.582028672455159e-06
226694_at,10.565741967588236,8.116617941798077,-2.4491240257901588,5.029789448025545e-18,3.593205213138563e-16
226695_at,9.733169338764705,8.248488226451924,-1.4846811123127814,5.515570370331721e-05,0.00037596392561800297
226702_at,7.587116037647059,8.733492689557693,1.146376651910634,0.005508208870384524,0.021116283763202705
226705_at,7.7115630465882345,6.541264745913462,-1.170298300674773,0.00012816467123366108,0.0007988921415328904
226706_at,3.849093527117647,5.509476274701924,1.6603827475842765,8.479956297078942e-09,1.2795895348030734e-07
226711_at,9.146429924,7.365437926682692,-1.7809919973173072,6.908702222342867e-10,1.2882475524197175e-08
226713_at,7.658778807823529,5.122809792749999,-2.5359690150735297,5.804837171922553e-13,1.835586373153888e-11
226723_at,7.694062324941175,6.4857355384807684,-1.2083267864604066,2.6744666306371193e-08,3.7010576631222954e-07
226726_at,4.687847528470588,6.745233692288462,2.057386163817874,2.4878644840552503e-10,5.0346739219596405e-09
226731_at,7.996643543705883,6.171730059663461,-1.8249134840424217,2.7186431289429535e-08,3.756476540115885e-07
226736_at,7.5315993752941175,5.858315219471153,-1.673284155822964,0.0010371999988995507,0.0050256870330201145
226751_at,8.389282796235292,5.1863655734038465,-3.202917222831446,1.685628608193606e-20,1.7665482228957066e-18
226756_at,7.647672744882353,6.395242153057693,-1.2524305918246599,8.31022994776379e-05,0.0005433856958416196
226763_at,9.272392147235294,7.816209139990385,-1.456183007244909,2.689047767577877e-06,2.466647699271142e-05
226764_at,4.623538667294118,5.937425148788462,1.313886481494344,4.292036240383962e-07,4.663648137844241e-06
226765_at,8.765995816352941,6.398258526894231,-2.3677372894587103,1.9085353646307863e-10,3.938221235016396e-09
226770_at,5.094798876117647,6.1716225192019225,1.0768236430842757,0.0001511352219088017,0.0009235120103627953
226780_s_at,9.501104481235293,8.474380223730769,-1.0267242575045241,0.0006838832789679404,0.0034949124983886908
226781_at,6.764575236764706,5.655460177634615,-1.1091150591300911,7.241626902775756e-05,0.0004803022903470628
226783_at,4.726463798411764,6.0775284589711545,1.3510646605593903,1.4121302497841078e-09,2.4766277925117874e-08
226791_at,3.023913950764706,4.875481643057693,1.8515676922929871,3.8107289295152226e-07,4.178099121012683e-06
226792_s_at,6.436254758117648,8.14405266598077,1.7077979078631218,4.8111793022006304e-08,6.325930020111014e-07
226796_at,5.103544903058824,3.2180905726346154,-1.8854543304242082,2.9106294935070836e-11,6.9163385333261e-10
226803_at,4.354142666117647,7.510215355375,3.1560726892573534,3.0360067230525546e-13,1.0030400177813885e-11
226805_at,6.940473832764705,5.801754347836539,-1.138719484928166,0.0003064184221030653,0.001729116114553681
226806_s_at,10.573023387647057,9.293779256307694,-1.2792441313393628,0.0008053621457759372,0.004029563643311145
226808_at,3.6852141993529415,5.324668589413462,1.6394543900605205,2.691297288830693e-15,1.2250901978906622e-13
226809_at,3.3260185464117646,5.140124934182692,1.8141063877709276,0.0012771114352736208,0.00603754569300987
226810_at,10.218157205,9.00275986905769,-1.2153973359423098,0.0002764377161786878,0.0015772207935727158
226811_at,5.931277215705883,7.417087700884616,1.4858104851787326,0.0014523432984828546,0.0067496121328249085
226814_at,5.6873507228823525,4.143276959692307,-1.5440737631900454,4.271114659009988e-06,3.762924406361681e-05
226817_at,6.094834352117648,7.195623768615385,1.1007894164977374,0.012441702876347684,0.0416982315804839
226818_at,6.539539627588235,4.38988641798077,-2.1496532096074654,1.0898984353416601e-08,1.6064155199166208e-07
226824_at,6.362498311411764,5.35839555025,-1.0041027611617643,2.5777230198921957e-05,0.00019079135435678892
226831_at,8.198607535117647,7.076526816971153,-1.1220807181464938,6.22193704647656e-05,0.00041946818625075786
226834_at,9.541124528058823,5.472520979480769,-4.0686035485780545,1.872795684361764e-23,3.2552648298337803e-21
226839_at,4.834266304235293,5.835524459711538,1.0012581554762443,9.840450472328092e-08,1.2162181755643e-06
226840_at,4.113262743823529,5.363262721846154,1.2499999780226254,1.0067553066867306e-11,2.5700513509660933e-10
226841_at,7.031901319235295,5.016052796028847,-2.015848523206448,4.9369131298164685e-08,6.475649644610744e-07
226844_at,6.155934984764706,4.638102083874999,-1.5178329008897062,1.1570318118033852e-07,1.4083327220431972e-06
226847_at,5.209302898117648,3.9887572390865387,-1.2205456590311092,0.0007847562559802664,0.003940313863398984
226855_at,6.101853478941177,4.217617135471154,-1.8842363434700227,4.460721635858783e-16,2.264760243381735e-14
226856_at,4.889338927,3.817244595336538,-1.072094331663462,2.3456268349468526e-06,2.1809534416450472e-05
226863_at,4.037445135411765,6.264738399163462,2.2272932637516965,3.8020044678656036e-07,4.1702090404267836e-06
226872_at,3.6133271028823533,2.492783918596153,-1.1205431842862001,7.514751900319743e-09,1.146624668626087e-07
226875_at,9.355953734294118,5.000164323134616,-4.355789411159503,7.33466257738919e-21,8.305364083222503e-19
226877_at,3.949397806764706,6.198861763865385,2.249463957100679,1.0402228735752794e-16,5.962641118120337e-15
226884_at,2.640165298529412,4.235810418509616,1.5956451199802042,0.00021031776031613992,0.0012358885205212974
226899_at,6.523753868529412,8.312325321692308,1.7885714531628958,6.027222662103192e-11,1.3576549140525387e-09
226905_at,8.805753659529413,7.743001740942309,-1.0627519185871046,5.4108755951295164e-05,0.0003694735132072737
226911_at,6.361469853823529,3.5391942646442303,-2.8222755891792985,1.0118457018490614e-28,3.8086570042220636e-26
226914_at,7.17880190382353,8.525153900538463,1.346351996714933,5.7886779545839e-09,9.013987277695711e-08
226926_at,3.7191966673529415,5.094219683836538,1.3750230164835968,3.955822718388186e-05,0.00027956085478040763
226931_at,6.379438957588236,3.919234621576923,-2.4602043360113126,1.768986907901057e-12,5.10304103838963e-11
226932_at,8.016816243058823,5.542172136096154,-2.4746441069626695,3.438673596641695e-10,6.780323924534214e-09
226933_s_at,4.485809573352941,3.0089940126730763,-1.4768155606798645,5.6671940738537166e-05,0.0003853367202651825
226934_at,5.881264879647058,6.9532514936538465,1.0719866140067884,0.0003379725425428236,0.001885343765274404
226936_at,4.23470453282353,5.4307103548846145,1.1960058220610845,0.0003127640011760463,0.0017607371243102043
226955_at,6.25467938017647,3.4139844436249995,-2.8406949365514707,1.1274049539594112e-19,1.0609074996922535e-17
226958_s_at,7.149750215176471,6.106751286701924,-1.0429989284745478,1.3992551141064912e-07,1.6722124999522266e-06
226961_at,3.900705727117647,5.957245609182693,2.0565398820650462,1.3975224204309246e-06,1.3584395115765454e-05
226962_at,7.059659335647059,8.115616541759614,1.0559572061125548,4.408719898303523e-05,0.00030801782300244235
226963_at,9.137008487764705,8.091066572230769,-1.0459419155339358,3.3579996515052565e-07,3.7281583193552764e-06
226977_at,9.090122961235293,7.665135633567307,-1.4249873276679859,3.84390226435641e-07,4.211086746011812e-06
226978_at,5.890003098882353,4.424934992682692,-1.465068106199661,3.3417685576359346e-12,9.211635661980388e-11
226982_at,6.745800988352942,5.318550764394232,-1.4272502239587102,0.00012541253025750515,0.0007841607932282088
226996_at,6.1560557650000005,7.391742098413461,1.2356863334134607,7.664827047803081e-09,1.1672393846039183e-07
226999_at,3.7010145330000004,4.976707729096153,1.275693196096153,1.1912212857447761e-07,1.4451137264873111e-06
227000_at,5.210650411058824,2.717194418971154,-2.4934559920876698,6.0056684022580826e-21,6.8862053724126875e-19
227006_at,9.02149039752941,5.165371355173077,-3.856119042356333,1.7899654776016615e-15,8.342828847311791e-14
227013_at,9.01703629317647,7.6349186345576925,-1.3821176586187782,1.1239011385495752e-07,1.3719839016080804e-06
227022_at,4.205451640235294,3.1134475862307696,-1.0920040540045246,4.064104230031524e-08,5.429981512139303e-07
227037_at,6.816914445470589,5.78540083171154,-1.0315136137590493,3.5343531541159284e-06,3.164913220647962e-05
227040_at,8.27049315482353,7.1842041646538455,-1.0862889901696846,8.521785267717843e-07,8.708304027836964e-06
227041_at,6.412317428470588,5.253457353663462,-1.1588600748071256,0.0005707992277364141,0.002986746706411693
227042_at,4.878627221411765,6.08446813564423,1.205840914232465,6.988875799595019e-12,1.8303543774764708e-10
227046_at,5.1803693872941174,6.861806032403846,1.681436645109729,2.687371720194524e-07,3.041137489456706e-06
227047_x_at,7.775291427058825,6.694822708173077,-1.080468718885748,5.901298791278859e-10,1.1152596493393659e-08
227058_at,7.850118708352943,4.787812901125,-3.0623058072279425,4.831692520901627e-30,2.375756271155765e-27
227059_at,7.326466405588235,4.589770125913462,-2.7366962796747734,1.533560045857289e-10,3.219237451647884e-09
227061_at,8.872484410588235,5.357605272778847,-3.5148791378093884,7.935825823137286e-11,1.7521417378681632e-09
227062_at,8.23993964935294,10.478564415653846,2.238624766300905,1.0223621849342357e-08,1.517590122374472e-07
227063_at,8.686236658764706,6.961871735884616,-1.7243649228800901,8.935267704907153e-08,1.1149473618338534e-06
227064_at,9.106487425823529,7.396522565673076,-1.7099648601504525,3.0581353689697545e-10,6.0938287806863905e-09
227066_at,5.928223651,4.707240357028846,-1.2209832939711536,9.488157879559528e-09,1.4164501337759285e-07
227074_at,5.988889079470589,7.635824316759615,1.6469352372890267,1.8066643649338477e-10,3.749275071244276e-09
227077_at,4.633375823941177,6.032475022038461,1.399099198097284,7.001949395715699e-08,8.912299348618636e-07
227086_at,8.146862592058824,6.626305112798078,-1.520557479260746,1.242143135809295e-23,2.230096388464984e-21
227092_at,6.153266355705883,4.962854127153846,-1.190412228552037,4.008101534997797e-05,0.00028292572902049247
227099_s_at,10.443513364647057,8.634292447346153,-1.8092209173009035,4.6746278294006253e-07,5.040231376943041e-06
227103_s_at,3.4283136354117647,4.588080315480768,1.1597666800690036,6.403968753066845e-05,0.00043028709906886044
227105_at,6.5823605144705875,7.766368745201921,1.184008230731334,3.312618569127427e-05,0.00023874212185977266
227109_at,6.439836038470588,7.613013150298077,1.1731771118274885,6.661621647284524e-07,6.96083627931297e-06
227113_at,6.626989291,4.0504256930288465,-2.5765635979711536,4.520216389630137e-21,5.317001946759121e-19
227115_at,3.593915638529412,2.358086355009615,-1.2358292835197968,8.897265715821364e-20,8.474762050677387e-18
227117_at,7.862785515235295,6.829268749817308,-1.0335167654179873,3.0699769339109644e-06,2.785640416889884e-05
227121_at,7.708466704,6.690162717682693,-1.0183039863173073,0.0009823185009875694,0.00479166694659045
227126_at,4.874094768,3.077511233644231,-1.796583534355769,6.2928706652563706e-18,4.443190013441493e-16
227129_x_at,5.651565289882353,7.008950848730769,1.3573855588484154,9.563885042975862e-06,7.831767168200745e-05
227134_at,3.460928139235294,6.602100757673077,3.1411726184377833,6.6058710225782e-16,3.276259900784611e-14
227138_at,5.318773902470588,4.176523603605769,-1.1422502988648189,3.7120394734278436e-18,2.7121740618503116e-16
227140_at,5.173188676411764,9.238001602682694,4.06481292627093,1.4514228897192775e-21,1.842260695302057e-19
227145_at,5.967160133882352,4.883794352884616,-1.0833657809977364,0.00010141267879154504,0.0006498007273730614
227148_at,5.28285036235294,4.054117618173077,-1.2287327441798634,0.00016552499894330962,0.0010017951782354065
227153_at,6.213497820058825,4.988791173836538,-1.2247066462222866,7.196141838387101e-09,1.1020152227758967e-07
227158_at,6.665591269235294,5.432357188336539,-1.2332340808987547,3.542847034894071e-07,3.914272233147439e-06
227163_at,3.807732027529412,6.3772220262788455,2.5694899987494333,4.18276651064004e-09,6.724336182156783e-08
227164_at,5.685290452352941,6.832191440221154,1.1469009878682126,3.1865475076198166e-07,3.5531706073895415e-06
227167_s_at,8.243465993529412,6.884504095961538,-1.358961897567874,1.0521112049883578e-08,1.5576436356393938e-07
227177_at,3.896951468,5.243249458192308,1.3462979901923076,5.775878305829709e-07,6.1128885408935375e-06
227178_at,6.788346945176471,3.877338003211539,-2.911008941964932,4.8397558458115375e-28,1.6613146811858358e-25
227179_at,6.641583819470589,5.199618722903846,-1.4419650965667428,1.3005646836826937e-07,1.5614500631482124e-06
227182_at,2.8927367019411765,4.3481489380673075,1.455412236126131,0.0008273174560350601,0.0041289465465378155
227190_at,8.913084153235292,5.196270100759615,-3.7168140524756774,2.9661587807970704e-21,3.597555113269407e-19
227192_at,3.3853828804117647,4.462509815211539,1.0771269347997743,8.922853197759413e-05,0.0005796243807194846
227193_at,7.0903811307647056,6.038538271163461,-1.0518428596012441,5.1268985454819944e-05,0.00035268590334492283
227196_at,5.207456361176471,7.963994957076924,2.7565385959004534,2.291140725201812e-12,6.48590091497872e-11
227201_at,3.655733168058823,2.606580796576923,-1.0491523714818998,4.594136180233816e-18,3.3123297038438763e-16
227211_at,4.850726494882353,6.078828232182692,1.2281017373003396,7.450881261656287e-05,0.0004926453961536609
227223_at,8.489287504411765,10.36683217033654,1.8775446659247752,1.2935854420340678e-17,8.684206622481844e-16
227224_at,5.661064244235295,7.249567477538461,1.5885032333031663,1.2014994069010108e-06,1.1849771617139549e-05
227228_s_at,3.4055588789411764,4.626152965576923,1.2205940866357463,8.148455887453798e-07,8.359672441378587e-06
227229_at,4.519552057411765,3.2843734552115387,-1.2351786022002265,8.347006727195103e-08,1.0460878993423227e-06
227232_at,3.761762312705882,6.968433063528845,3.2066707508229633,2.198637054314376e-09,3.732485592143836e-08
227239_at,8.271228960058822,6.810504861336539,-1.4607240987222836,2.01502356570398e-06,1.8984631657613937e-05
227240_at,4.445500201529411,5.448992341721153,1.0034921401917423,1.8241588939563005e-05,0.00014050348330968236
227243_s_at,6.336150843647059,2.790470766634615,-3.545680077012444,1.6829205809310141e-28,6.003406691936851e-26
227246_at,4.87745144982353,3.855051576394231,-1.0223998734292992,8.19061793716835e-06,6.786636350276474e-05
227247_at,4.551216843058823,5.552525145163462,1.001308302104639,0.0005510025107981257,0.002896106128356212
227255_at,5.693667634647058,6.760822629615385,1.0671549949683268,2.6532173917596056e-05,0.00019568912435790202
227265_at,7.790212353882352,5.8862958688173075,-1.9039164850650447,3.7560989661507097e-07,4.126492058646127e-06
227272_at,3.914163082588235,5.018057233798076,1.1038941512098406,7.519368523943647e-05,0.0004966714445943607
227279_at,7.103186366882353,8.305647340663462,1.2024609737811094,0.00016289982831665963,0.0009872207117138537
227281_at,5.422719626882353,2.616167200884615,-2.806552425997738,2.9463935153881234e-27,9.13700066343002e-25
227288_at,7.657145300235294,6.543895926817308,-1.113249373417986,1.5047985771808257e-05,0.00011819024542229428
227297_at,7.142179068882353,6.0821262982499995,-1.0600527706323533,0.0031657815690549923,0.013205838601150445
227298_at,6.429399109294118,5.257343196951923,-1.172055912342195,9.989800195408184e-09,1.4844766621687483e-07
227301_at,5.601092304411765,6.918083364038462,1.3169910596266972,1.017805958569568e-06,1.0228471996458932e-05
227306_at,5.1117637594705885,3.74336758725,-1.3683961722205886,1.723891533337016e-06,1.6463390375853193e-05
227312_at,5.72007489717647,3.623757326326923,-2.096317570849547,1.9036290794754797e-19,1.7144912793513566e-17
227314_at,3.704415434,5.355727737692307,1.6513123036923072,0.00012015180198737906,0.0007547203591517048
227326_at,7.614699610647059,5.183008544163462,-2.431691066483597,5.580604937874852e-18,3.965935376357702e-16
227330_x_at,6.631690439411764,5.496685500461537,-1.1350049389502264,7.671151554323681e-05,0.0005056776038543422
227333_at,6.358935259,4.510596015980768,-1.8483392430192316,3.747331121625434e-27,1.1362532515955253e-24
227334_at,4.366205643823529,5.969066371894231,1.6028607280707021,2.417974686622621e-10,4.9059717628689975e-09
227336_at,6.4284177921176475,4.8757818621153834,-1.552635930002264,8.109618995212821e-16,3.95545035871064e-14
227342_s_at,4.949966488823529,3.250478969951923,-1.699487518871606,7.931553500682624e-07,8.163233236163623e-06
227347_x_at,4.887117290411765,6.272162635538461,1.385045345126696,1.2683881519803382e-08,1.8480340882790945e-07
227350_at,3.203668443176471,5.392033646884615,2.188365203708144,4.010558880683373e-14,1.5414950221747733e-12
227366_at,8.024473899235295,6.617972973115385,-1.40650092611991,4.9275892821855346e-20,4.819765151118357e-18
227371_at,3.3958426722941177,5.116722255086538,1.7208795827924201,1.0191111370575887e-06,1.0239703009842809e-05
227372_s_at,3.51192503282353,7.270435697048077,3.758510664224547,9.519374342050744e-18,6.506697899975356e-16
227376_at,6.341019979764707,7.742620612846154,1.401600633081447,3.3656571973582854e-05,0.00024214896411101747
227379_at,3.8963418451176475,5.0633048089230765,1.166962963805429,0.0009822671250873873,0.00479166694659045
227383_at,4.921823830352942,7.406073808163462,2.48424997781052,7.23554356494378e-10,1.3441413622568638e-08
227384_s_at,7.788069316588237,10.133053590173075,2.3449842735848385,3.5481658074594085e-11,8.325681066437104e-10
227386_s_at,6.075777451470589,4.529718084576923,-1.5460593668936662,4.6261892448552935e-07,4.99194904695447e-06
227396_at,5.0040446607647056,6.293216341346154,1.2891716805814486,7.47867832725013e-06,6.248909743156534e-05
227399_at,8.368848206000001,5.074962130605769,-3.293886075394232,3.5187462157209867e-17,2.204932832466541e-15
227401_at,3.6099860319411765,2.422084870865384,-1.1879011610757924,3.2072230571003353e-12,8.854174366893232e-11
227404_s_at,12.163114995411764,10.256516497509617,-1.9065984979021469,3.459664145504147e-06,3.105163778942129e-05
227410_at,6.4884590743529404,5.352289347875001,-1.1361697264779398,5.934714297530998e-07,6.265198677851921e-06
227415_at,4.435842380647058,5.740392027615385,1.3045496469683266,2.1286753591236098e-07,2.4572963710999895e-06
227417_at,6.427874301588236,4.276857015432692,-2.151017286155544,3.0714962818178365e-09,5.078436702978967e-08
227418_at,6.519660712764705,5.332765632221154,-1.1868950805435512,8.00389110598395e-06,6.644020877163469e-05
227419_x_at,10.28140819147059,5.7994079599230774,-4.482000231547512,4.7762164714339494e-26,1.2012954783151775e-23
227420_at,4.120652228470588,5.809540557288461,1.6888883288178729,7.0160139262737e-11,1.5687301273334385e-09
227425_at,3.7881436863529414,5.416198324384616,1.6280546380316743,0.0033487935168077868,0.013850697283559577
227429_at,4.631776079411764,6.730134755576922,2.0983586761651587,7.058384775875362e-08,8.977850913132169e-07
227450_at,3.8296982787058824,6.037928056836539,2.2082297781306566,1.2841419375920051e-05,0.00010240675454680604
227452_at,3.230191797411765,4.2346419888749995,1.0044501914632344,0.0014143945322834701,0.006595714215439125
227459_at,4.5212885547647055,5.590495505394231,1.0692069506295256,3.931214717361014e-09,6.368707867582273e-08
227466_at,9.163094077588235,7.4838139263557695,-1.679280151232466,6.81598895377286e-13,2.1170474183144236e-11
227467_at,6.425831902705882,5.328735036163462,-1.0970968665424206,0.00039948138724904585,0.0021827304669802456
227477_at,4.875345181588236,6.0951795007019225,1.2198343191136862,3.1632422335840383e-10,6.284914374473361e-09
227480_at,3.815630986117647,5.615498413932692,1.799867427815045,1.3897840343362615e-05,0.0001099637906785138
227484_at,5.868697081823529,6.951853519355769,1.0831564375322396,2.55283312134203e-05,0.0001891543292556702
227492_at,5.498961831941176,8.319397072548076,2.8204352406069004,3.162436497548747e-17,1.9954060300544864e-15
227498_at,4.893518784176471,2.9547748872884614,-1.9387438968880093,3.0936207733191423e-09,5.1072815543552776e-08
227499_at,3.0585279217058825,4.356851378567308,1.2983234568614255,9.978868238784099e-05,0.0006406736261670361
227501_at,4.554846647823529,5.898324318490383,1.3434776706668536,2.467522775484822e-07,2.8092391648557806e-06
227502_at,5.176423781470588,6.225599215009615,1.0491754335390278,9.566204673086896e-07,9.670566491061487e-06
227503_at,5.255414621764706,2.719356101855769,-2.5360585199089374,7.496488456098644e-25,1.5439654469638033e-22
227517_s_at,6.198301950823529,8.565749813192307,2.3674478623687776,1.1901349437406117e-12,3.5187635479100137e-11
227526_at,6.299198878117647,4.8940954612596155,-1.4051034168580312,3.433699174624638e-08,4.656096080791009e-07
227527_at,7.034623482529412,8.364554456653847,1.3299309741244354,2.552050044626452e-08,3.5415290970167076e-07
227529_s_at,7.23903324582353,2.6508897788365386,-4.588143466986991,3.862368674731629e-32,2.927836387474689e-29
227530_at,9.196591161882353,4.978875162538462,-4.21771599934389,8.412384998549565e-24,1.5459244472587095e-21
227533_at,5.315429279529411,6.704153091721154,1.388723812191743,1.931143860008827e-05,0.00014772235562077331
227534_at,6.492265129705882,5.4734735052307695,-1.0187916244751127,2.738371219852263e-07,3.0917989823813953e-06
227545_at,3.2674217865882347,4.946614688942309,1.6791929023540741,1.8399900879074752e-09,3.158013176349122e-08
227554_at,6.679959878823529,3.813908028634615,-2.8660518501889136,3.665139624060789e-25,7.844692374180934e-23
227556_at,6.147524690823529,7.894522950471153,1.746998259647624,3.4156835172485324e-05,0.00024536008250580104
227558_at,6.548050831882353,9.106520702278846,2.558469870396493,2.762843291602668e-18,2.0856600831588108e-16
227559_at,5.770116768294118,4.394833728865385,-1.3752830394287328,8.693708879609134e-11,1.9033050017656916e-09
227561_at,10.651122455941177,7.018488952692309,-3.6326335032488686,3.5962655702240207e-26,9.171989652208263e-24
227565_at,6.798133300941176,5.312316510625,-1.4858167903161759,7.902243492457072e-09,1.1993786083838002e-07
227566_at,7.243613764882353,5.385770418365384,-1.8578433465169688,1.1582965318019994e-06,1.1485949565628875e-05
227572_at,6.884141854352941,5.7905676827403845,-1.0935741716125564,3.873947969223769e-08,5.194992781628109e-07
227576_at,6.016742775117647,8.142853863971153,2.1261110888535057,3.3413179229589196e-14,1.3016830186807629e-12
227587_at,5.112086428176471,6.147587529288462,1.0355011011119908,1.049732956501466e-05,8.515662163034114e-05
227600_at,5.125895037411764,6.485965745692307,1.360070708280543,0.0022071642994084843,0.009679776641013714
227603_at,6.6847069217058825,7.9827273727307695,1.298020451024887,2.1974287254278583e-07,2.528641416932892e-06
227607_at,7.290304729823529,6.005967128278846,-1.2843376015446824,9.529260804409719e-05,0.000615281586944136
227623_at,7.949581317588235,4.543012130576923,-3.4065691870113124,2.3966212694675056e-17,1.5316767244293558e-15
227629_at,5.123414937764705,8.343947522980772,3.2205325852160662,1.219634145375086e-11,3.0903626750430275e-10
227641_at,4.023493887999999,7.077862816384615,3.0543689283846156,1.577782177957226e-11,3.917824089660029e-10
227646_at,10.563507425529412,5.976203794182693,-4.587303631346719,8.950389239304499e-20,8.510510353519169e-18
227647_at,6.0835131197647065,3.8153034019903846,-2.268209717774322,4.029565428550644e-15,1.7808068949381827e-13
227657_at,6.795858165411765,3.1754515757115387,-3.6204065897002264,1.1072494072988822e-20,1.2135053293366606e-18
227663_at,6.49448532352941,8.830277552048077,2.3357922285186667,5.439697963872749e-10,1.0333911422562157e-08
227671_at,7.0678130239999994,8.360131351913461,1.2923183279134616,0.0001735913542013005,0.0010452827141386562
227677_at,3.0012286284117646,4.119567619298077,1.1183389908863122,0.00617344209459542,0.02327096457496536
227678_at,8.039045232117646,5.947365052182693,-2.0916801799349525,2.1273801191582012e-13,7.2297807922500285e-12
227692_at,8.96702751882353,5.207442990182693,-3.759584528640837,4.693095303146674e-17,2.881264888081466e-15
227697_at,9.053921385588234,7.238337315980768,-1.8155840696074659,1.1883293468723447e-06,1.174053750016281e-05
227698_s_at,5.748073063294118,7.3893798175096155,1.6413067542154973,5.447344454617813e-10,1.0344836916791428e-08
227699_at,5.5125599784705885,3.5806627824038464,-1.9318971960667422,8.729848348231204e-21,9.723803938736956e-19
227700_x_at,5.068769126823529,6.120940578961538,1.0521714521380092,2.8283958554200786e-11,6.735210182939463e-10
227704_at,4.582766993529411,2.7927746190865386,-1.7899923744428725,3.986013541145841e-24,7.66030398106334e-22
227705_at,4.777673108529411,2.752164189009615,-2.025508919519796,1.3912322953589707e-15,6.614291589581643e-14
227708_at,8.086030787411763,6.447295183009616,-1.6387356044021475,4.346659517040044e-06,3.822693035458082e-05
227713_at,7.164014207529412,5.605453569875,-1.5585606376544119,7.708785272484541e-11,1.7082330141572625e-09
227719_at,5.8858527469999995,4.504902056528847,-1.3809506904711526,1.4820420897342102e-07,1.761122909113944e-06
227727_at,6.976399704823529,4.592758795971154,-2.3836409088523753,9.988158569722842e-13,2.993650228319072e-11
227728_at,8.50250899717647,7.051199481048077,-1.4513095161283927,3.8712849862512444e-06,3.4373005248837915e-05
227731_at,7.279168285176471,6.241802845461539,-1.0373654397149323,6.998563898634048e-07,7.289101985350867e-06
227740_at,7.695923633882352,8.768715205855768,1.0727915719734167,9.050077128571404e-09,1.3569894494513698e-07
227741_at,7.368705566588235,6.274841926576924,-1.0938636400113113,0.0004544838367719075,0.002450410915559043
227755_at,5.65002443817647,7.150969252076924,1.5009448139004533,1.5357219707007472e-08,2.2098627085669295e-07
227762_at,7.418019630117647,4.281527783432693,-3.1364918466849545,4.0002354580763285e-14,1.5396957056865157e-12
227769_at,4.192716795117647,5.942394378865384,1.7496775837477365,4.505806472708317e-05,0.00031431801057508595
227771_at,4.783486098941177,3.4644274161442303,-1.3190586827969466,6.536646517761784e-11,1.4675591538170317e-09
227776_at,7.913226899058824,6.365293649096154,-1.5479332499626697,7.747630377367105e-06,6.450921714207769e-05
227780_s_at,6.857732327470588,5.092856149567307,-1.7648761779032807,2.387874150749564e-08,3.331487302498989e-07
227791_at,6.546982182058824,4.007888446846153,-2.5390937352126706,1.1628864234248127e-24,2.368252914332196e-22
227794_at,2.591351347117647,3.875004881365385,1.2836535342477378,0.0011164224898563052,0.005354883827565452
227801_at,3.1846862137058825,5.227782856682693,2.0430966429768107,6.273985973868269e-12,1.6526442107517194e-10
227803_at,3.4202021037647055,5.561905998259614,2.1417038944949085,7.824266702606948e-05,0.0005146928436321378
227804_at,3.5210858149411766,5.203324845134616,1.6822390301934393,7.987999394345698e-06,6.632846781439128e-05
227808_at,5.246292891647059,3.599108867682692,-1.6471840239643667,1.7021667840743247e-09,2.943680637135379e-08
227811_at,6.203574795294117,7.956608118038461,1.7530333227443435,0.0001875709134607891,0.0011175016794865635
227812_at,3.98301810582353,4.99637603048077,1.0133579246572397,0.00327024228698309,0.013570415558024592
227818_at,3.609031097588235,4.831589156153846,1.2225580585656113,1.8707600097113826e-06,1.772334847596555e-05
227821_at,3.526116122529412,2.470922567086539,-1.055193555442873,1.3933373742940623e-19,1.2911198735415216e-17
227826_s_at,5.614660891000001,4.195961410048076,-1.4186994809519247,2.6462824512475783e-05,0.00019525679316836767
227833_s_at,5.923417979,7.319584513442308,1.3961665344423082,3.956701116451837e-08,5.299454975087725e-07
227840_at,7.335857672117648,5.765893706134615,-1.5699639659830327,1.2644372051440696e-08,1.8427695118707123e-07
227855_at,3.4592410044705884,2.409023374211538,-1.0502176302590502,9.563584651440704e-15,4.002844223090354e-13
227860_at,6.090560912941177,4.679699982557692,-1.4108609303834845,0.00011228316974453449,0.0007106926964498374
227865_at,6.170558035647058,4.768315584057692,-1.4022424515893661,4.876605910071409e-09,7.712555026536872e-08
227874_at,5.766477213529412,3.656884638038461,-2.109592575490951,8.005109402186071e-12,2.0864893317187849e-10
227875_at,5.680483455058823,4.526331002567308,-1.1541524524915152,0.008097360868091076,0.029155947936373057
227876_at,3.7934210734705878,4.854136639307693,1.0607155658371048,1.4927999321108817e-09,2.6105583945748098e-08
227884_at,3.1182169099411765,4.884563505605769,1.7663465956645923,8.20597392356303e-12,2.1347657329558945e-10
227887_at,5.708934177764705,4.4492798697884615,-1.259654307976244,3.9372230705185384e-13,1.2791053450347102e-11
227891_s_at,4.803237453235295,6.349770960548076,1.5465335073127813,3.691900717392271e-11,8.636958819312162e-10
227894_at,5.037463486470588,7.807524027961539,2.7700605414909507,9.650665677574608e-19,7.873298684848199e-17
227896_at,3.935205254529411,5.0241934550384615,1.0889882005090503,1.8032433411753243e-05,0.0001391281005343625
227899_at,5.269934260529412,2.7665071109711543,-2.503427149558258,4.208464186199897e-18,3.0463364299549627e-16
227909_at,5.864633628058824,4.607959662278846,-1.256673965779978,0.00017752058298418417,0.0010663543802216363
227911_at,4.306444030470588,2.7844805973173075,-1.5219634331532803,5.1372195691068185e-11,1.172175195912546e-09
227921_at,3.6521875055294117,5.267482536230769,1.6152950307013576,0.00013062104069755092,0.0008124236055200194
227929_at,5.841834306941177,4.530186925009615,-1.3116473819315617,0.0006945394502513975,0.003542073318563915
227943_at,5.485357243235293,7.1695608575000005,1.6842036142647077,4.062835021835152e-06,3.595678168586683e-05
227947_at,8.107586634235293,6.456311697461539,-1.6512749367737545,8.638193132161795e-10,1.5794436950092414e-08
227962_at,7.521981065647059,6.153241119125,-1.3687399465220587,5.519751150972078e-08,7.166091771382137e-07
227964_at,7.371306723764706,8.52748856848077,1.1561818447160643,1.3032571458565485e-07,1.5643385037102388e-06
227966_s_at,3.155752468764706,5.102411221028846,1.94665875226414,4.5202932429040885e-05,0.0003152077231435572
227968_at,6.126123689647059,7.183641118086538,1.0575174284394784,7.3942338686876354e-09,1.1294987134595647e-07
227970_at,5.130468042352941,6.241140268134615,1.1106722257816735,5.384500019764846e-06,4.6470687314792144e-05
227976_at,3.7317588788235296,2.6565264713173073,-1.0752324075062223,1.3497744643623388e-12,3.964980650722933e-11
227990_at,8.217254317,7.212253135480768,-1.0050011815192317,2.2651531942687127e-05,0.00017000797055829493
227996_at,3.7748925049411763,5.469300867182692,1.694408362241516,6.851058227612496e-08,8.742667921553949e-07
227998_at,8.255648507882352,9.432679948346154,1.1770314404638018,0.0003031969275048625,0.0017121764207230097
228006_at,7.969667151176471,5.985646749403847,-1.9840204017726242,1.5804504635766006e-13,5.497731411825831e-12
228010_at,2.331321679529412,3.577494397336539,1.2461727178071271,0.0008438691121904942,0.004195246245729546
228011_at,7.335628437764705,5.315994711990385,-2.0196337257743204,3.118103834009232e-16,1.636374895734518e-14
228024_at,6.028448669,4.943132064778846,-1.0853166042211546,0.00018098740102128144,0.0010847914957545046
228030_at,6.818864560294118,8.162361783201924,1.3434972229078053,1.390256229908005e-05,0.00010998520767089288
228032_s_at,6.290255991235294,7.573122334096154,1.28286634286086,1.9028031749246188e-05,0.0001457996553196838
228033_at,2.6284108689411765,4.0553050067307685,1.426894137789592,5.712635034004964e-07,6.055348757447211e-06
228051_at,4.082703121941176,6.755243186846155,2.672540064904979,2.1050303212082532e-08,2.9664459050148524e-07
228056_s_at,4.358542512176471,5.487528590980769,1.1289860788042985,0.005529851276134275,0.021190321758065896
228057_at,4.504466482941176,2.869068863451923,-1.635397619489253,3.375011652210598e-10,6.666838978139785e-09
228058_at,4.186467138647058,8.220009881942307,4.033542743295249,3.150766062062447e-12,8.710010913895345e-11
228062_at,3.952247429117647,2.6338412317980766,-1.3184061973195704,5.881445341030507e-10,1.1118926403467405e-08
228063_s_at,7.81294491417647,6.14358793873077,-1.6693569754457007,1.0955282799485983e-06,1.0937047373571346e-05
228067_at,6.29601472417647,7.699199686567307,1.4031849623908368,0.00018512246726862027,0.0011050927521870971
228069_at,2.9191826757647057,4.604779896125,1.685597220360294,2.731732294774466e-07,3.08494138043649e-06
228071_at,8.621694039647059,7.321392529932693,-1.300301509714366,0.0005920726154899529,0.003085233080086513
228072_at,3.657404144529412,4.665612519894231,1.008208375364819,0.0011911626957511402,0.00567101088375798
228082_at,5.532333268705883,2.608892263317308,-2.923441005388575,5.084623336607014e-33,4.2047523801314275e-30
228104_at,6.622571213,2.9327107952115385,-3.689860417788461,5.9432794195214e-29,2.3505670104207134e-26
228105_at,5.616457032117647,7.329673002442307,1.7132159703246606,7.099147018103042e-13,2.1915404134674542e-11
228108_at,6.25623543182353,3.9577202021826925,-2.2985152296408375,1.655610524189007e-12,4.798808645762708e-11
228109_at,6.214909723705882,4.266265936865385,-1.9486437868404973,2.1677332076088212e-16,1.1667920191132332e-14
228119_at,4.0010317688235295,5.387614534798077,1.3865827659745475,1.2811891541543494e-10,2.7197986326172784e-09
228142_at,4.769079421647058,3.5214548732211544,-1.2476245484259039,2.6560160988771658e-08,3.6783228282318404e-07
228147_at,4.92556902235294,6.412633915961539,1.4870648936085988,2.874488642692818e-09,4.767144200228846e-08
228153_at,7.364540065411766,8.676685426336537,1.312145360924771,3.920753645598188e-06,3.4778289163514305e-05
228155_at,12.180998449,9.984254142721154,-2.1967443062788465,2.7953911127951447e-10,5.6175997288270425e-09
228156_at,5.732122923411765,7.881520948951924,2.149398025540159,1.3293550457072646e-13,4.668910491612406e-12
228157_at,5.354713493882352,7.431087185086538,2.0763736912041857,1.4143152765123298e-09,2.4792283064152312e-08
228158_at,7.743064875941176,6.607195304086539,-1.135869571854637,5.1041774148892285e-06,4.4247283851213345e-05
228160_at,6.5236778601176475,4.576031928663461,-1.9476459314541863,1.1235090672200473e-12,3.334420955943609e-11
228162_at,5.306951631529412,4.2859294602115385,-1.021022171317873,2.90300783503825e-09,4.81005660681702e-08
228168_at,6.820947776705883,5.551217766653846,-1.2697300100520374,1.875425586502308e-09,3.214788099425549e-08
228173_at,5.993517282470588,7.333842848442307,1.3403255659717193,3.1266435307229535e-09,5.155561246626226e-08
228175_at,4.312781114294118,5.840892664096154,1.528111549802036,6.629362568580182e-07,6.930166244599458e-06
228180_at,4.7871744792941175,6.408899962374999,1.6217254830808816,1.0007705603639105e-11,2.5583632980843966e-10
228185_at,7.853936051647059,6.253850711730769,-1.6000853399162898,3.0308261681402725e-08,4.152094915434938e-07
228186_s_at,7.041728415117646,3.740835252538462,-3.300893162579184,1.8480827139759858e-22,2.7710578693982237e-20
228191_at,5.616223809764706,8.068131130942307,2.4519073211776012,2.2742560283735934e-22,3.3188935768075494e-20
228193_s_at,3.461640961941176,2.383439873298077,-1.078201088643099,4.061625953361873e-16,2.0795448678099217e-14
228195_at,3.634868677941176,2.5002753407692304,-1.1345933371719457,1.0249096768441111e-09,1.8437226516965967e-08
228202_at,3.912050329294118,2.633387959221154,-1.278662370072964,4.988020475124376e-11,1.1419512143951903e-09
228209_at,3.998216744470588,5.151757851913462,1.1535411074428743,1.286697126670496e-07,1.5458208777580675e-06
228214_at,3.986427539882353,2.815620207673077,-1.170807332209276,1.0251546668318346e-05,8.33734414558407e-05
228221_at,2.8327168742941176,3.851123902846154,1.0184070285520366,0.0010068485447290861,0.004897752827341248
228224_at,6.067122365470588,3.472304985721154,-2.5948173797494345,2.1559134342162054e-19,1.922673191602717e-17
228233_at,4.370276466470588,2.5524172840673076,-1.8178591824032804,5.923532629257833e-22,8.042300680902072e-20
228241_at,4.748762440352941,7.70814890001923,2.9593864596662893,0.0008480278209017566,0.004213811948015019
228249_at,5.449518936764706,3.8264956876538463,-1.6230232491108598,1.1771168517232156e-13,4.169101924088344e-12
228260_at,2.518422108352941,3.87285491126923,1.354432802916289,0.0029774017568543775,0.012541436160177284
228268_at,8.394445859941177,4.094163030192307,-4.30028282974887,2.2066202636086723e-19,1.9574293412220142e-17
228273_at,5.466936470176471,8.068383458240385,2.6014469880639144,1.2456857257696136e-10,2.652683621801785e-09
228284_at,5.829963148529411,4.413006233701923,-1.4169569148274883,0.0001007920400621412,0.0006465070812729586
228286_at,4.008203229941176,5.24468369975,1.236480469808824,6.300566535642444e-08,8.085554219347024e-07
228287_at,4.7180494136470585,5.935207838836539,1.2171584251894805,2.346147834682097e-05,0.00017555580294641374
228303_at,3.1632258388823526,6.896038099961538,3.732812261079185,3.42988483712454e-14,1.3333310863633922e-12
228310_at,4.7139346938823525,6.011342592298077,1.2974078984157247,0.00013181110132134572,0.0008180711961584862
228312_at,5.117575420235294,4.097695041567308,-1.0198803786679864,5.222120096276624e-13,1.6648253080296837e-11
228314_at,5.28381250382353,4.109725758375,-1.1740867454485295,1.2293640953272623e-06,1.2103561946929394e-05
228318_s_at,6.238385742529412,7.707859545067308,1.4694738025378955,2.2615812586333415e-05,0.00016976322859984754
228320_x_at,4.581646172294118,6.336515450384615,1.7548692780904975,3.2861561079430777e-10,6.5078053053492466e-09
228323_at,3.312812432235294,5.498033896951923,2.185221464716629,1.8135341278766106e-11,4.4467169218837084e-10
228325_at,5.153397945117647,3.2764561303173076,-1.8769418148003396,5.160208702977842e-13,1.6470118760223837e-11
228331_at,3.8872922862352945,5.15508279775,1.267790511514705,6.431087315859156e-12,1.691577419818202e-10
228333_at,8.385612112117645,5.5788242898750005,-2.8067878222426446,1.7530505020310706e-17,1.1444945376836578e-15
228335_at,7.132428472647058,5.717264717778846,-1.415163754868212,0.0016723942223385165,0.007608773591119382
228339_at,6.0000920299999985,4.681886438528846,-1.3182055914711528,0.00019101966588531077,0.001135322045557484
228340_at,5.377417655588235,6.852827889067307,1.4754102334790726,7.909216483317868e-08,9.964845947437808e-07
228342_s_at,3.8879020173529417,2.418965129057693,-1.4689368882952487,6.142048904292364e-15,2.643745166777389e-13
228360_at,3.776426784235294,5.571621418288463,1.795194634053169,5.410553013334238e-06,4.6680773461076416e-05
228368_at,6.2948304659411765,2.500896220201923,-3.7939342457392535,4.320398936900576e-32,3.144040714361287e-29
228372_at,6.770967244117647,5.177903213125,-1.5930640309926467,3.5754260033416463e-07,3.946272514385919e-06
228376_at,8.325557650411765,5.460163339644231,-2.8653943107675346,1.6839230436187162e-16,9.283518767441002e-15
228384_s_at,7.386420985117646,6.1081562364615385,-1.2782647486561078,1.3212946118936308e-05,0.000105016657379558
228387_at,2.66305871817647,3.807253597076923,1.1441948789004526,6.0006477470231844e-06,5.12935557376317e-05
228397_at,6.611027474529412,7.659836199230769,1.0488087247013569,9.150733142013097e-07,9.293596281316204e-06
228400_at,4.32343401317647,7.292402945625001,2.96896893244853,1.483175977447016e-11,3.6936447226150555e-10
228401_at,5.740174935941177,7.188382453346154,1.4482075174049776,6.762260847542e-09,1.0414148837415203e-07
228402_at,6.060495838411764,4.961899601634615,-1.0985962367771496,1.9538972423727096e-07,2.267526208621308e-06
228407_at,3.4181271975882357,4.557904030692308,1.1397768331040723,0.004995686909066765,0.019443742124363898
228409_at,10.327660880588235,4.3650596288942305,-5.962601251694005,1.1683575035243986e-20,1.272810063570023e-18
228411_at,5.218753062352941,3.098779298826923,-2.119973763526018,4.209696075574371e-27,1.2555246016872875e-24
228415_at,6.358490315705882,8.053296202615384,1.694805886909502,4.113219077756625e-09,6.620329815537564e-08
228416_at,5.231267355882354,3.949820301307692,-1.2814470545746617,2.1994392592819202e-05,0.0001657368429274443
228418_at,4.987892133647059,3.7107538245673077,-1.2771383090797515,4.360729478731178e-07,4.734518683502466e-06
228434_at,8.88038693970588,5.656537994817308,-3.223848944888573,3.302669506776347e-11,7.783091494401824e-10
228438_at,4.900382213352941,2.9067001514519237,-1.9936820619010174,4.7314891781086125e-14,1.8046117949125785e-12
228440_at,3.408484220764706,4.584688752576923,1.1762045318122172,2.8296359382091857e-08,3.898982576912879e-07
228445_at,7.607782028647058,5.207570573394231,-2.400211455252827,1.4940551989712627e-21,1.8919730557924023e-19
228452_at,7.196381643588235,5.782888008048077,-1.4134936355401582,3.56033992416952e-10,6.994952941729598e-09
228454_at,6.628269226117647,7.852885268298077,1.22461604218043,8.178135718304874e-10,1.502877001243642e-08
228455_at,3.7704994219411767,5.430752339182693,1.660252917241516,3.994577160513613e-08,5.346537069753667e-07
228462_at,4.129156607117647,6.274349878201923,2.145193271084276,6.249324414531087e-05,0.0004207770506053445
228464_at,3.727008793235294,4.933845724826923,1.2068369315916287,1.3470195102924074e-08,1.9547720779646186e-07
228465_at,3.967862985,5.000682666134616,1.0328196811346162,0.0003585092775349015,0.0019846919422433704
228469_at,6.450166901882353,4.649437460884615,-1.8007294409977384,1.8223979526985488e-10,3.774749823921598e-09
228481_at,3.689812565882353,5.490740338432691,1.8009277725503385,1.3703659654797988e-06,1.3348684047563596e-05
228486_at,8.03329462564706,6.587394893875,-1.4458997317720588,2.0454664430473983e-05,0.00015537858454430612
228490_at,4.852111270764706,6.0797181851923074,1.2276069144276018,1.2618846620768197e-05,0.00010076430573736758
228495_at,7.842004254235295,5.3672959922884615,-2.4747082619468337,1.768783018643657e-24,3.4977684193678314e-22
228496_s_at,10.888824743352941,9.440505034086538,-1.4483197092664035,3.522461381529686e-06,3.1552576514398685e-05
228499_at,2.7838339541764703,4.093286971548077,1.3094530173716064,7.448325286187377e-10,1.380380800661531e-08
228501_at,5.883407960823529,2.8215437196057698,-3.0618642412177595,3.984212281124349e-21,4.737566930097731e-19
228507_at,4.895512675705882,2.9149136430769236,-1.9805990326289589,1.6137939870097118e-19,1.4778399667282393e-17
228540_at,4.766167021764706,2.5164669999903846,-2.2497000217743213,3.7133292639811306e-33,3.1179968907511716e-30
228549_at,5.302950199058824,6.990390721173076,1.6874405221142519,3.3144270288288385e-10,6.5606724814849705e-09
228551_at,6.513607093882352,4.839583028432693,-1.6740240654496592,5.198413580051251e-09,8.16942743408054e-08
228555_at,4.689975654470588,3.666921635740384,-1.0230540187302042,0.0002304157162792987,0.001340281293702211
228560_at,4.268038063,6.407657225067309,2.1396191620673095,4.420064159332402e-09,7.064207371953242e-08
228565_at,2.971958246529412,3.9899210735865385,1.0179628270571266,0.0013241436156270863,0.006227525583568354
228568_at,8.919759047294116,4.811816499538462,-4.107942547755655,7.525083143403296e-27,2.1280389268591113e-24
228573_at,8.277945247294117,5.791316920336538,-2.486628326957579,8.3316897601504e-18,5.748865934503776e-16
228582_x_at,6.053195329705882,7.488966990182693,1.435771660476811,2.2273153797122344e-05,0.00016744441612853174
228584_at,5.903547982529411,3.9361864787884615,-1.9673615037409498,1.12880310056607e-16,6.417598377687035e-15
228590_at,7.05278843382353,8.096353193336538,1.0435647595130089,3.461539246240128e-08,4.692681334340287e-07
228604_at,4.878765067058824,3.492074851423077,-1.3866902156357468,2.106498008951886e-12,6.000550878423016e-11
228613_at,5.49765642082353,8.665003686423077,3.167347265599547,7.451732728882666e-18,5.200871107540755e-16
228614_at,6.633745190588236,5.326294495240385,-1.3074506953478515,3.5616947484611816e-08,4.817688666078385e-07
228623_at,5.206231668529411,7.169722256163462,1.963490587634051,7.055568387236518e-12,1.8469346139423592e-10
228638_at,8.166911577117647,6.545062477846154,-1.6218490992714925,2.1195897856843867e-11,5.146133937405167e-10
228647_at,5.957447427235294,4.793627475423078,-1.1638199518122168,9.103163004008335e-05,0.0005898629153458043
228648_at,4.416609975705882,5.7267742485096145,1.3101642728037328,0.0031235467174314116,0.01307224231129007
228652_at,6.068095019588235,7.411886107461539,1.3437910878733046,1.9947430588620567e-10,4.105244397044954e-09
228654_at,6.099543355529413,7.654319978942307,1.5547766234128941,2.2396961618348027e-09,3.789396589277137e-08
228658_at,3.353076337235294,4.6412002682499995,1.2881239310147055,1.4649834870661343e-05,0.00011531198981912682
228662_at,7.088546783352942,8.252889091057693,1.164342307704751,6.846786333849009e-06,5.7793187645398244e-05
228664_at,5.967773129470589,4.149927786067308,-1.817845343403281,2.8262208888500105e-18,2.1258555098510591e-16
228665_at,8.242787853647059,6.5470085968846155,-1.6957792567624432,3.646182550741345e-06,3.2549067294228305e-05
228680_at,5.958000902,7.220991129144232,1.2629902271442317,1.326496261662115e-08,1.9260132871842663e-07
228692_at,6.183856825647059,3.1361938238653844,-3.0476630017816744,1.9027334368174317e-20,1.9705747295646793e-18
228693_at,6.552598715705882,5.079977525451923,-1.4726211902539585,1.5934653060828015e-06,1.5308879236172018e-05
228697_at,6.343044118941176,3.97272937025,-2.3703147486911758,1.6611909593876708e-12,4.809874873868418e-11
228698_at,6.924950613235294,4.996403175442309,-1.928547437792985,2.459050006644488e-10,4.983753817773839e-09
228702_at,6.742397445705882,5.711809328846154,-1.030588116859728,0.00030035400488760276,0.0016973515461545321
228708_at,5.811516311588236,8.769049903442307,2.9575335918540704,6.824366379776163e-09,1.0497945113917791e-07
228716_at,7.713254451529411,5.834661379836538,-1.8785930716928734,1.0558330054508423e-08,1.5621119437381818e-07
228723_at,4.546491775941177,5.879313639259616,1.332821863318439,2.5430203523253354e-08,3.529895925980785e-07
228724_at,4.640996128705882,2.6739714652403848,-1.967024663465497,8.081386980187009e-13,2.4682373810387617e-11
228728_at,9.643209982117646,5.411768513980769,-4.231441468136877,3.016153217330264e-22,4.3320691170702234e-20
228729_at,3.732694361705882,6.797989176663462,3.06529481495758,3.8945846158500823e-16,1.997768174327835e-14
228730_s_at,8.393215143764706,6.072932075759615,-2.320283068005091,3.126267209079946e-15,1.4066656059717592e-13
228738_at,6.351429340588235,7.669066814490384,1.317637473902149,1.6909074991200821e-06,1.617385916482211e-05
228739_at,4.534427165647059,3.226146776336539,-1.3082803893105197,1.3022094795180843e-09,2.2941669200328445e-08
228745_at,6.891520200117647,5.868741116846153,-1.0227790832714936,5.068442255830748e-05,0.00034892849379539154
228746_s_at,7.319719509705883,5.668544204528847,-1.651175305177036,2.387178052378479e-08,3.331367704442981e-07
228750_at,5.67539935035294,4.229843672394231,-1.4455556779587093,0.0006509884581704497,0.003345917606034935
228752_at,4.3471292668823525,5.581387170240385,1.2342579033580323,0.001676760897781561,0.007624421647923004
228754_at,7.553983895176471,8.727911899009616,1.1739280038331446,1.811499992396947e-06,1.724273771974764e-05
228766_at,12.090718886588235,6.489459525519231,-5.601259361069004,7.349273947324657e-14,2.708413388055587e-12
228770_at,7.349278437058824,3.6296981997692304,-3.7195802372895934,4.4578552018624635e-24,8.44809996744623e-22
228771_at,9.321099177529412,6.3756209395288455,-2.9454782380005664,9.15805440631375e-15,3.8478633675303937e-13
228772_at,8.285379587941176,5.554313346682692,-2.7310662412584836,4.837334123233514e-14,1.841121751129442e-12
228775_at,7.94083188852941,6.554758855673077,-1.3860730328563333,2.600627361759046e-07,2.949701595541292e-06
228787_s_at,5.153860588117646,6.321895568009615,1.168034979891969,2.785884254107329e-05,0.00020436932352812354
228802_at,5.970537466823529,2.863303417471154,-3.1072340493523756,6.922901990097136e-29,2.642273200821759e-26
228806_at,3.533872816470588,5.509366094000001,1.9754932775294125,1.1230308618890976e-06,1.1188330044533257e-05
228807_at,3.456541796411765,2.348796483509615,-1.10774531290215,6.674491178994777e-22,9.017006288573166e-20
228817_at,7.112760728588235,5.765748230384616,-1.3470124982036191,1.3290386089128737e-10,2.812624980064201e-09
228818_at,3.578223379588235,6.5420404333653845,2.9638170537771495,7.133744194171633e-14,2.6414696361851668e-12
228821_at,2.832133024941176,3.9052666760865384,1.0731336511453624,9.872227145854258e-05,0.00063479769721204
228827_at,6.8406221704705885,4.993152071317308,-1.8474700991532806,5.540510817930652e-07,5.887763627956329e-06
228832_at,7.155377616588234,5.7413908832307685,-1.4139867333574658,2.8101102124154838e-08,3.873055688975371e-07
228841_at,7.58216859717647,6.197972761173077,-1.3841958360033937,1.687386901503001e-07,1.9818353711455193e-06
228850_s_at,6.581286462294118,4.831497637230769,-1.7497888250633489,3.57526142014566e-07,3.946272514385919e-06
228854_at,9.208431997294117,5.289835491509616,-3.9185965057845005,1.1166092754431237e-11,2.835896586524442e-10
228855_at,6.453860333764706,3.5576832002884613,-2.896177133476245,7.513998557112251e-22,1.0076327450826279e-19
228865_at,3.3751710664705885,4.769993510471154,1.3948224440005652,0.0012447504183980555,0.0058983532805823476
228866_at,4.955523319470588,6.255230815288462,1.2997074958178736,4.339251008839717e-09,6.944844819427154e-08
228868_x_at,3.650723988470588,5.374000123182692,1.723276134712104,2.6148818132365253e-08,3.625035165980094e-07
228875_at,6.494127976117646,3.889983272576923,-2.6041447035407232,1.2993230221838933e-23,2.3099593233802838e-21
228879_at,6.891328098764705,8.5475099905,1.6561818917352946,2.6173038346043808e-11,6.259852146751643e-10
228880_at,6.266899676176471,4.612313822019231,-1.65458585415724,1.8210427218728344e-19,1.6482701611458944e-17
228885_at,7.311302321882352,4.106780284432692,-3.20452203744966,2.5689459822838336e-14,1.0138141920973924e-12
228890_at,5.397641633529412,3.273935644403846,-2.123705989125566,5.287285239719725e-29,2.1252860804864982e-26
228907_at,4.650033276058823,6.890124523903846,2.2400912478450223,1.2937441632017871e-20,1.3970726842307634e-18
228909_at,4.444543426764705,5.70960061164423,1.2650571848795256,2.657249104688765e-09,4.441955938307648e-08
228916_at,6.423848632764706,5.21698118260577,-1.2068674501589358,2.2054630257264568e-08,3.0928048941707167e-07
228919_at,6.060084502764705,9.139380631749999,3.079296128985294,4.679969937296591e-10,8.990780683129554e-09
228920_at,6.7316691525882355,7.758304103096155,1.026634950507919,3.0771075597826814e-08,4.2091592357237835e-07
228925_at,3.492742072588235,4.770667683192307,1.2779256106040715,9.494859466466254e-07,9.605559496205036e-06
228937_at,6.951875677823529,5.652915115913462,-1.298960561910067,4.92501175932207e-06,4.280971760026107e-05
228949_at,8.350778698705883,6.3861067650096155,-1.964671933696267,2.3545178162212805e-06,2.1884745894336048e-05
228950_s_at,4.97079716482353,3.382996848576923,-1.5878003162466072,6.223665915360874e-09,9.644561669349267e-08
228955_at,2.5837685485294117,3.6123526557884613,1.0285841072590496,0.0029171617787985145,0.012323202223300628
228959_at,7.484574751529411,8.806647723567307,1.3220729720378959,3.8849491200859264e-05,0.00027510343084680215
228967_at,6.276707337764706,4.5443958656634615,-1.7323114721012445,1.3557680580902213e-12,3.9804445853957064e-11
228969_at,3.8311144003529414,6.969675666134616,3.138561265781675,6.113322920615357e-07,6.443782380924402e-06
228972_at,7.931378440294118,6.277226936201923,-1.6541515040921952,4.021479114652794e-09,6.499505732858597e-08
228974_at,6.591661351176471,5.049517582509615,-1.5421437686668567,0.00011209140746779039,0.0007096435365020916
228975_at,3.3029505022352943,4.316365737269231,1.0134152350339365,1.5553356500754798e-06,1.495835496836469e-05
228988_at,3.765611354235294,4.847060227884615,1.0814488736493213,0.007865472770376497,0.028452388542840594
228990_at,5.149705754764706,6.154859151961538,1.0051533971968318,8.640985893806053e-05,0.0005627538056058045
228994_at,3.494123331529412,4.539342568403846,1.0452192368744342,7.220292906301638e-07,7.494795864074498e-06
229011_at,7.0764404651764705,3.6734045005961535,-3.403035964580317,9.960668710749274e-31,5.6629514329581735e-28
229012_at,3.5042699560588235,2.4014966663846153,-1.1027732896742082,3.4475943540287896e-16,1.7937678956009278e-14
229014_at,4.702459250647059,3.339222655355769,-1.3632365952912897,1.551978585049963e-09,2.7071089547280898e-08
229015_at,4.643933878941176,2.45900424025,-2.1849296386911763,1.5302935274989801e-30,8.188420631114397e-28
229024_at,7.240575474470588,3.236306139778846,-4.004269334691742,2.2092315252986696e-19,1.9574293412220142e-17
229030_at,3.9967147463529407,6.487510362980769,2.4907956166278287,4.7081189657735635e-05,0.00032671891294717775
229033_s_at,5.664416188882353,7.052662342817308,1.3882461539349542,1.6964708178052371e-10,3.534033616984429e-09
229041_s_at,4.23086819764706,5.297136909634616,1.066268711987556,0.005040694692941586,0.019571464440923298
229053_at,4.396589275941175,5.772526994346153,1.3759377184049777,0.0006275141932143666,0.003240523904952873
229063_s_at,7.709790426117648,5.882314098269232,-1.8274763278484158,1.9651359236028188e-14,7.840457238008736e-13
229086_at,7.335098481705883,3.8675744983942306,-3.467523983311652,3.705113876711023e-24,7.145632871979184e-22
229094_at,3.6739815719411766,2.6615630510288466,-1.01241852091233,3.9531974108922875e-12,1.0755810642526928e-10
229105_at,3.140466333235294,4.851605993182692,1.7111396599473978,6.184263801831507e-06,5.264050749222736e-05
229116_at,3.478310595,2.382806261730769,-1.095504333269231,4.0055846606941015e-14,1.5406681127274374e-12
229118_at,3.4934093228235295,2.3949903061923075,-1.098419016631222,7.471092678509196e-16,3.660365954222203e-14
229119_s_at,6.602195114117647,5.095018556846155,-1.5071765572714924,6.151718827368598e-05,0.0004154351173953857
229125_at,8.810499408705882,5.830557089500001,-2.9799423192058807,4.1095350393689994e-09,6.616351413384089e-08
229127_at,5.896697093647059,3.9808195203653844,-1.9158775732816742,3.2315239879105674e-12,8.916751655013693e-11
229130_at,4.781093826294118,6.396249601336539,1.615155775042421,3.497638284764296e-05,0.00025052178470360957
229139_at,4.1408353097647055,5.783831781471154,1.6429964717064482,6.89777365587651e-05,0.000459730844259475
229147_at,3.790807681764706,5.6786508704423095,1.8878431886776035,1.868090010113653e-05,0.00014340152554429404
229150_at,5.022681343705882,9.021469689942307,3.9987883462364255,3.099593553251349e-08,4.238855338083322e-07
229158_at,2.7077799019411763,4.5086659044903845,1.8008860025492082,0.0005794042640909612,0.003027892122732724
229163_at,3.4107815262941177,4.5165181534038465,1.1057366271097289,0.0007144814589197028,0.003626156178759388
229193_at,3.6580336382352945,5.14804711985577,1.4900134816204753,1.6228293326505085e-05,0.00012647779829606183
229202_at,4.433748307058823,5.722603443413461,1.2888551363546377,1.993373658501388e-06,1.8800128029608992e-05
229206_at,3.6314324672941174,4.897949422932692,1.2665169556385747,1.0117890308340227e-07,1.2479645991839575e-06
229215_at,3.6371255906470585,4.849235866990385,1.212110276343326,0.0015270422197254424,0.007038631645164676
229218_at,6.428509642058823,8.582969556346153,2.1544599142873304,5.148160876949249e-07,5.499735222215954e-06
229222_at,8.235769801176472,5.1724415737500005,-3.0633282274264717,1.810874882753315e-11,4.444053067706528e-10
229223_at,3.0537249780588236,5.145899958326923,2.092174980268099,1.025982158034722e-10,2.213323328196723e-09
229228_at,5.277417810058823,3.078610556009615,-2.1988072540492083,4.0956343728634665e-16,2.0949918316449404e-14
229241_at,4.494309381000001,2.451774086884615,-2.042535294115386,7.849372407711976e-21,8.815039025524937e-19
229245_at,4.231384615823529,5.758000186115385,1.526615570291856,1.3879776133341317e-05,0.00010983678433835518
229246_at,4.874195856058824,6.240016939144231,1.3658210830854065,3.297819374067768e-06,2.9716309000700794e-05
229271_x_at,2.4389975159411765,3.505371558538461,1.0663740425972845,0.0027048445864177677,0.01154423777620389
229272_at,3.1800636462941174,4.351315177692308,1.1712515313981902,2.8357625949954124e-06,2.5881787068938898e-05
229276_at,2.743649399588235,4.445822069480768,1.7021726698925335,3.902573578850383e-09,6.333587967888049e-08
229287_at,7.46719816482353,5.961478103278846,-1.5057200615446833,1.1123992269968679e-05,8.987955205072103e-05
229292_at,3.9553734513529406,6.671786470346153,2.7164130189932125,6.592707097970789e-15,2.8243591891691345e-13
229305_at,2.574075052882353,4.019571365913462,1.4454963130311094,1.4162071162955976e-06,1.3748695873407582e-05
229308_at,5.3834202065294114,3.610599739269231,-1.7728204672601806,3.256167992766718e-08,4.4318801216263014e-07
229309_at,7.87955293564706,3.2281048012596156,-4.651448134387444,1.5778661075546316e-23,2.7690789158914544e-21
229310_at,4.832919697529412,3.4780869131923073,-1.354832784337105,1.8116833579036262e-05,0.000139680556563105
229319_at,7.668662119588235,6.1586669572980774,-1.5099951622901573,8.172508899919876e-08,1.0270489598174693e-06
229321_s_at,6.196635129411765,4.657876200442308,-1.5387589289694574,4.976054520840176e-16,2.514704441601259e-14
229327_s_at,5.683384698882354,3.481050835605769,-2.202333863276585,1.7991473163503365e-11,4.421236442101982e-10
229338_at,4.0761395637647055,2.9182877810384613,-1.1578517827262442,7.76637903323595e-12,2.025232686359221e-10
229340_at,3.7887135664117646,2.767584821903846,-1.0211287445079185,1.6094666156051434e-15,7.579212977835472e-14
229350_x_at,5.635436444411765,6.678337817721153,1.0429013733093884,2.533445626591821e-06,2.3368755932694778e-05
229357_at,8.039047748882354,4.174252405134615,-3.8647953437477387,9.815820841910967e-21,1.0822983550114316e-18
229367_s_at,5.980269328294118,4.314932278701923,-1.6653370495921953,1.0702078100751768e-07,1.3140803614419139e-06
229377_at,4.997982577411764,6.573104030759617,1.5751214533478528,3.0990700724009794e-06,2.8077681236547837e-05
229378_at,4.105992611529412,2.8960875539615385,-1.2099050575678731,1.4719313450693926e-07,1.7510144045889795e-06
229381_at,3.711027016941177,5.324816055336537,1.6137890383953604,0.0007788628929475017,0.00391432392579942
229385_s_at,2.402172885588235,3.671565058817308,1.2693921732290732,0.001138658221617631,0.005450835302439954
229396_at,3.867864204294117,5.650970552605769,1.783106348311652,2.468689126246918e-10,4.9980056795960596e-09
229398_at,5.415485674588235,6.634956229028846,1.219470554440611,4.340289429829426e-09,6.944844819427154e-08
229404_at,7.354770385529412,3.6640601632211536,-3.6907102223082586,4.806555363512656e-24,9.07740433166634e-22
229413_s_at,4.129544132,6.121683744538462,1.9921396125384616,2.4227716950393288e-12,6.823140162205962e-11
229423_at,4.323815710882353,3.2578570825961535,-1.0659586282861993,3.265402607736348e-07,3.632003442584922e-06
229425_at,4.332956675588235,5.564738157067307,1.2317814814790715,4.5936609440155895e-05,0.0003197518437232838
229434_at,7.478315827647059,9.443453006528845,1.9651371788817862,1.8660901361569766e-16,1.0144355930409524e-14
229457_at,3.9004978126470586,5.012784517384616,1.1122867047375573,7.558730848283559e-08,9.565220750486165e-07
229461_x_at,6.6941759774705885,3.5870849088846155,-3.107091068585973,2.4538700608416495e-16,1.3091864521082735e-14
229464_at,3.423536875823529,4.654646187144231,1.2311093113207021,2.441284390598568e-05,0.00018172785154729849
229467_at,4.809298483941177,6.181855146144231,1.3725566622030536,7.975744200661622e-11,1.760243197444038e-09
229470_at,4.031157582294117,5.436737098423077,1.4055795161289595,4.541083533749614e-08,6.019980201758956e-07
229476_s_at,10.240513941,4.446213719230769,-5.79430022176923,4.9227059726784555e-15,2.156311149942355e-13
229477_at,9.86499924664706,4.184289551471154,-5.6807096951759055,1.2393274564322675e-19,1.1582406377502864e-17
229479_at,3.2157115646470587,5.649035686855769,2.4333241222087105,9.151306801570123e-10,1.663234012397255e-08
229480_at,6.396096075235294,2.555949522586538,-3.8401465526487564,1.0527764899755966e-34,1.3680830487232876e-31
229483_at,5.190009918176471,6.889595684548076,1.6995857663716052,1.7395941004121011e-12,5.025923117067035e-11
229487_at,9.54296409870588,5.026076372451923,-4.516887726253957,2.1921332444999785e-24,4.319293875507737e-22
229490_s_at,4.771885596941177,8.888690040855769,4.116804443914592,4.495620886348025e-21,5.2994922755073185e-19
229493_at,5.630656086588235,3.3760182920384616,-2.2546377945497738,3.241273649570314e-17,2.0404322320634163e-15
229497_at,5.908834065882353,3.508986032980769,-2.3998480329015837,3.6911054853018286e-15,1.6391932162920138e-13
229498_at,8.639427400235293,6.617426273230769,-2.0220011270045246,7.849227802991492e-08,9.905271774785494e-07
229499_at,4.951874118529411,6.4845735570096155,1.5326994384802042,1.6781275219877725e-05,0.00013030377297278508
229504_at,6.098472673352941,4.39118464976923,-1.7072880235837102,1.8437691394016555e-11,4.5146287958458035e-10
229506_at,5.019605732529412,3.4075442526057693,-1.6120614799236423,7.356653826525426e-11,1.6395214748792618e-09
229513_at,5.252615017411764,7.1412585030480775,1.8886434856363135,2.2633425776526837e-10,4.6179803568488155e-09
229520_s_at,4.13306634535294,5.603050952423077,1.4699846070701366,1.6263412974687966e-11,4.021933922725394e-10
229521_at,6.50183836582353,5.455088442432692,-1.0467499233908377,0.0012718263755167178,0.006013602334690024
229522_at,3.4726801618823533,4.517303532778846,1.0446233708964927,3.0368745401570938e-06,2.7583553923653524e-05
229538_s_at,3.2634330397058826,6.425382003028847,3.1619489633229647,9.941592965026759e-15,4.151508817430723e-13
229544_at,7.4572897210588245,6.081371554538462,-1.3759181665203624,1.109265455436562e-05,8.965289396160539e-05
229551_x_at,2.9852957085882355,4.129405259163462,1.1441095505752261,9.989490926093333e-08,1.233521324106896e-06
229553_at,4.381648227588236,6.287157905913462,1.9055096783252266,2.2106188627315068e-10,4.5188526932218314e-09
229558_at,4.795473891176471,6.296704411538461,1.5012305203619905,9.941770811390433e-13,2.9813841160158154e-11
229568_at,4.513591459588234,2.582167573586539,-1.9314238860016952,6.815904178760706e-17,4.034763928119095e-15
229574_at,6.5300642045294115,8.750061703259615,2.219997498730203,4.2655718628897622e-19,3.637666354760318e-17
229580_at,8.001292799176472,5.71711811476923,-2.284174684407242,0.0007836701796724907,0.003936309105130211
229593_at,4.369202436823529,5.667286228932692,1.2980837921091632,8.127765246928607e-12,2.1154282280024626e-10
229598_at,3.717857042529412,2.3905528489615384,-1.3273041935678735,7.721956249504578e-18,5.382588124415203e-16
229599_at,3.615713123941176,6.892275913826923,3.2765627898857472,2.5010546921953582e-11,6.00814542453039e-10
229614_at,5.430286316705882,6.59350147325,1.1632151565441182,1.4934846907971426e-06,1.4424509102639755e-05
229638_at,8.147534697411764,10.86288786021154,2.715353162799776,3.4904088157879735e-12,9.592297218373203e-11
229641_at,4.103146042647059,2.670129517480769,-1.4330165251662899,2.669733135968016e-13,8.92292497415789e-12
229648_at,4.533980699411765,5.850913919384615,1.3169332199728503,2.921179171088556e-06,2.660798364132882e-05
229657_at,8.289771346529411,6.3065278155576925,-1.983243530971719,3.987713476002714e-11,9.257567580040498e-10
229665_at,4.782048660941176,6.543702472778846,1.76165381183767,2.3214125527825937e-12,6.564786306648765e-11
229666_s_at,5.662086882588235,7.387327085269231,1.7252402026809959,2.5041473361924103e-08,3.4803630624406813e-07
229670_at,5.219425896529412,4.140447483326923,-1.0789784132024884,0.00042669024924997496,0.00231494305306306
229674_at,4.66618040382353,6.2548500992500005,1.5886696954264705,1.4605001467317534e-06,1.413094088077865e-05
229691_at,3.7807416740588233,5.783824383298077,2.0030827092392536,1.764363039532921e-11,4.341621746378147e-10
229693_at,7.4183714944117645,4.283634485009616,-3.1347370094021487,1.1261790137997446e-20,1.2293144878835253e-18
229694_at,5.302254160941176,7.267827100884616,1.9655729399434394,4.0053418014057156e-10,7.787942649765677e-09
229700_at,4.827662437764706,6.211312556567308,1.3836501188026018,9.491584464028903e-06,7.778396223156659e-05
229716_at,3.3686520146470587,4.518998924740384,1.150346910093325,0.001067380913539814,0.005152713858136345
229720_at,4.231459161529411,5.462871619394231,1.2314124578648196,0.0020204244424463264,0.008962832924347467
229743_at,5.626106870117647,4.222735695567308,-1.4033711745503394,5.382093918334596e-12,1.4336227621707365e-10
229748_x_at,6.969990477882354,5.842529705692308,-1.1274607721900463,0.00012860406480987772,0.0008011735250837024
229754_at,5.905541308117647,4.233738617259616,-1.6718026908580317,6.910857024985339e-13,2.1431117361742886e-11
229765_at,4.318346327823529,6.210576192721154,1.892229864897625,4.073921537147319e-13,1.3180234948189894e-11
229768_at,3.719288710647059,2.4700686805288465,-1.2492200301182126,1.053798591737684e-16,6.022541710832572e-15
229778_at,7.577259234705883,2.544336620519231,-5.032922614186652,3.901172711838219e-29,1.637862349533986e-26
229795_at,3.3355123539999996,4.795937776432693,1.4604254224326931,1.9515811074039577e-08,2.763043975642039e-07
229796_at,4.721503832941176,6.968633129596153,2.247129296654977,1.959811337118359e-12,5.611990711887876e-11
229800_at,8.546049231117646,6.080734246673076,-2.4653149844445696,1.3730744553765241e-08,1.9909944394260176e-07
229802_at,3.1779615099411767,5.639513776663462,2.4615522667222858,1.156659270118472e-10,2.4785750413740117e-09
229815_at,4.208460355235294,2.518347901509615,-1.6901124537256793,1.8252755460700087e-20,1.897556457694381e-18
229822_at,4.175250654411765,2.891523095375,-1.2837275590367647,1.3054534770212842e-11,3.292187115162445e-10
229828_at,6.995200355000001,5.979954819346154,-1.0152455356538468,1.974236083640801e-07,2.2886964997670196e-06
229831_at,5.186570075764706,3.4194462626346156,-1.7671238131300906,6.515245232631277e-08,8.341439586014133e-07
229839_at,9.268586039823528,3.478875286403846,-5.7897107534196826,4.131536880538016e-21,4.891434954509422e-19
229842_at,3.8091849871176473,6.492233386423076,2.683048399305429,1.29565286288174e-13,4.556407062063304e-12
229858_at,6.319014754235294,8.550622056125,2.2316073018897065,9.675957296089593e-20,9.184418665448241e-18
229861_at,5.1280852273529405,6.200898476999999,1.0728132496470586,1.672015754226771e-07,1.9650505566309847e-06
229871_at,5.285788354058824,6.402532819451922,1.116744465393098,5.641448059485706e-08,7.310175537480303e-07
229884_s_at,7.102931297294117,5.71516914373077,-1.3877621535633473,7.185633163647553e-08,9.124817878983708e-07
229897_at,4.054863027000001,5.07103552875,1.0161725017499998,8.051435801685886e-10,1.4825887807699527e-08
229899_s_at,3.273475071176471,5.466594584971154,2.193119513794683,5.165222452140868e-13,1.647648604414941e-11
229909_at,4.493617561176471,5.57610996085577,1.0824923996792988,0.000519865854472088,0.0027536236089450348
229910_at,6.216551845764706,4.613918270923077,-1.6026335748416294,3.2874245759762324e-09,5.3978443421241516e-08
229926_at,4.588199147117647,5.672499258221153,1.0843001111035058,2.495926196336359e-05,0.0001853403481222342
229948_at,5.936897134,3.9726473620096154,-1.9642497719903842,9.980978415948073e-17,5.758475908710676e-15
229949_at,8.108903150764705,9.654273531201921,1.545370380437216,3.98582557649843e-14,1.5352319981630755e-12
229951_x_at,6.542226979529412,5.435102519028847,-1.1071244605005646,6.5513623649734166e-09,1.0109324470395367e-07
229954_at,3.8951889774705877,5.093477770278847,1.1982887928082593,0.0001395416476551809,0.0008607674274115118
229964_at,2.8992451171764704,4.517066620096154,1.6178215029196834,3.6086118706270365e-05,0.0002574567676953634
229966_at,5.474914463470589,7.414732513259617,1.9398180497890278,5.172238650949589e-18,3.690138736342191e-16
229969_at,6.2069415861764705,5.149060646346153,-1.0578809398303175,4.384810930679679e-05,0.0003065761458084125
229975_at,3.893250163764706,7.125137882980768,3.231887719216062,0.00019074183031655254,0.0011340412153428238
229984_at,5.7899214103529415,4.7159437110480775,-1.073977699304864,3.2707880930408556e-08,4.449559903541298e-07
229985_at,7.292046520117646,4.988443098971154,-2.3036034211464917,6.514303905633417e-10,1.2192873555060572e-08
229991_s_at,5.655105526117647,3.8664565690865382,-1.7886489570311088,8.73870580426139e-19,7.19273950598425e-17
229994_at,7.347187958588235,4.568420484740384,-2.778767473847851,6.630356465262383e-14,2.4684735710610886e-12
229997_at,6.702458925882353,7.805282220519231,1.1028232946368783,8.61419105535922e-09,1.2969763685805542e-07
230000_at,5.174386084117646,7.918433298384615,2.7440472142669687,1.110300188307751e-16,6.325581834827635e-15
230003_at,8.879477811235294,3.974108945,-4.905368866235294,2.8545414154660167e-28,9.873258540541097e-26
230005_at,4.9535961420588235,7.026546114355769,2.0729499722969456,2.168406230562324e-13,7.355465733863337e-12
230006_s_at,3.0149337779999996,4.166585558221154,1.1516517802211546,1.8532780739845562e-06,1.7569926003127165e-05
230040_at,4.712471408235294,3.2451866949615384,-1.4672847132737559,1.891743183036459e-09,3.24046823573307e-08
230042_at,4.306550175411765,2.981448475134615,-1.3251017002771497,1.4552777754568253e-15,6.882808120161011e-14
230047_at,4.307432440588235,2.8950902488846157,-1.412342191703619,1.2047001780158608e-14,4.962364604975673e-13
230058_at,3.9238888537058823,5.642725142240385,1.718836288534503,3.0055087852739785e-15,1.35792768204858e-13
230061_at,6.45711291817647,5.33495139289423,-1.1221615252822401,0.0005168462815338639,0.0027408621453397547
230064_at,5.074372665588235,6.125556894269232,1.051184228680997,0.0006504822249382265,0.003343945498248419
230071_at,7.897084253352942,5.1513569570096145,-2.7457272963433272,1.153960186709122e-17,7.794801117623413e-16
230077_at,4.959432888352941,6.597559482461538,1.6381265941085967,1.7648581233401995e-13,6.084914182803837e-12
230083_at,8.370452865294117,7.045079799374999,-1.325373065919118,1.0664197326540376e-06,1.0669866652341838e-05
230085_at,2.715621740294118,4.039589659769231,1.3239679194751126,1.968841061587925e-05,0.0001502270044742169
230087_at,4.76776144917647,3.6394970608653847,-1.1282643883110857,1.1413725530533045e-06,1.1340792385417131e-05
230093_at,2.8815375012941176,4.743672299519231,1.8621347982251133,3.600035498890062e-07,3.971828128035592e-06
230097_at,5.7241100357647055,7.70485446085577,1.9807444250910642,1.0877501341104265e-12,3.238450104981313e-11
230099_at,4.417246635117646,6.00010860251923,1.582861967401584,3.3700539911123325e-10,6.659456074616944e-09
230104_s_at,5.5403825840588246,4.269455508875,-1.2709270751838249,0.00012016961618038922,0.0007547453948802605
230109_at,3.9372004481176477,2.7662430477403843,-1.1709574003772634,3.802780409770385e-08,5.110858211890122e-07
230115_at,4.7536477876470595,2.482217738538461,-2.2714300491085986,7.026382661924579e-32,4.7936617413147704e-29
230130_at,8.59321455817647,6.276884171509616,-2.316330386666854,1.8520497774043393e-06,1.756743566231342e-05
230131_x_at,6.583351649529412,7.881742939471153,1.2983912899417414,1.994570736228182e-07,2.3098170212730306e-06
230147_at,3.500595748,5.540196429173077,2.0396006811730776,1.926387997234374e-06,1.8215580474888237e-05
230152_at,3.4948609032941182,4.870821836875,1.3759609335808816,5.139992958172894e-08,6.714592524272819e-07
230165_at,2.873857124,4.018146495076923,1.144289371076923,2.1692171021667498e-06,2.0283313383443384e-05
230175_s_at,6.070837566764706,4.039983480663461,-2.030854086101245,1.1126519849606364e-11,2.8271616707247007e-10
230180_at,8.241112415352942,9.800328326990385,1.5592159116374429,1.6902375192069862e-07,1.984756315851938e-06
230187_s_at,3.4587713338823534,5.081815088692308,1.623043754809955,1.341713874328493e-06,1.3100071833090308e-05
230200_at,6.161907151058824,7.406496916586539,1.2445897655277145,9.300576381887726e-06,7.635622117133728e-05
230206_at,5.259987196882354,6.395015657125,1.135028460242646,0.0005121306138011081,0.002720348104199579
230213_at,4.596216244058823,5.751686672432693,1.15547042837387,9.164493494420534e-11,1.9951690882807276e-09
230229_at,4.871371895,6.599352491826922,1.7279805968269217,1.3273911502323737e-11,3.3386028381812315e-10
230233_at,8.257986804764705,6.687119728423077,-1.5708670763416288,1.689754587266903e-06,1.61684985305821e-05
230246_at,5.239056374294118,2.5621744510769227,-2.6768819232171954,5.654214779524963e-32,4.0078102396323754e-29
230250_at,6.834952169588235,4.878389579980769,-1.9565625896074668,3.1037080313285293e-09,5.122385262832773e-08
230256_at,4.1389242361176475,6.755617323663461,2.616693087545814,6.187532251081633e-15,2.6612239773978285e-13
230257_s_at,5.637876390058825,4.373885003826923,-1.2639913862319014,1.886677122064785e-08,2.6753169822076874e-07
230263_s_at,3.593904203764706,4.904956533346155,1.311052329581449,1.8146644237345432e-05,0.0001398906350042481
230264_s_at,8.373180076352941,7.108864193682692,-1.2643158826702496,9.698583614481563e-07,9.793505922197766e-06
230266_at,4.957950852176471,3.634483257788461,-1.3234675943880099,7.396954993513302e-07,7.667965937150285e-06
230269_at,3.6149179536470593,4.986290051346154,1.371372097699095,0.0010760373096168822,0.0051889945504134845
230270_at,6.102874786058824,7.668849221048077,1.5659744349892533,1.939742958750729e-12,5.55743994465386e-11
230276_at,5.361037900823529,4.2700308555,-1.0910070453235292,3.99157489399981e-09,6.455782344598158e-08
230282_at,4.651784531352941,2.4114349467307696,-2.2403495846221717,9.139864237698235e-37,2.2636457836266108e-33
230285_at,3.7160957889411765,6.073518695,2.357422906058823,3.968395751004554e-11,9.220564993362178e-10
230291_s_at,9.115454186588236,7.901168436201923,-1.2142857503863134,0.005616134268434037,0.021466698805018652
230300_at,4.298142908235294,5.538108177836539,1.2399652696012442,0.00018272308307885372,0.0010930398854127248
230304_at,3.8736979791764705,5.984900203442308,2.1112022242658375,3.1429574143240863e-18,2.3275369432346585e-16
230305_at,3.744837806588235,2.470926884326923,-1.2739109222613116,1.1969763348648337e-20,1.3013898681391983e-18
230309_at,7.183996742470589,2.770000920788462,-4.413995821682127,7.244104134727673e-35,1.013784511716158e-31
230312_at,2.966814014647059,4.167215987740385,1.2004019730933262,0.00046677569537269487,0.002506754961895731
230313_at,5.301340739411764,3.3383213827884624,-1.963019356623302,5.507811965349797e-20,5.368051236729046e-18
230319_at,4.782745554764706,2.8177338938846153,-1.9650116608800912,2.349794446121641e-08,3.2850776402375267e-07
230324_at,3.200753367529412,4.307610084999999,1.1068567174705874,4.95893429994029e-07,5.317361005038136e-06
230326_s_at,8.740930948705882,7.224591823625,-1.516339125080882,1.4076151057028083e-08,2.0356710348212394e-07
230329_s_at,6.831097811705882,5.449821077307691,-1.3812767343981909,7.821488448562285e-08,9.874832709555425e-07
230332_at,4.790445138705882,7.001540727740386,2.211095589034503,7.785441255162664e-20,7.440613449902088e-18
230337_at,4.320700229411765,5.428859408701923,1.1081591792901584,1.3496027073785638e-05,0.00010708161317195264
230351_at,6.582231110588235,3.057949114894231,-3.524281995694004,1.285354792475445e-23,2.292594092108409e-21
230353_at,4.958413852705882,3.1829011179230773,-1.7755127347828048,3.52998881333056e-22,5.0172723813220994e-20
230360_at,6.525866710647059,3.9568965647307692,-2.56897014591629,4.848411893343027e-10,9.268703072741474e-09
230372_at,5.3782085225294125,3.595676589086539,-1.7825319334428733,6.60917008330993e-10,1.2349260321019264e-08
230375_at,5.538247722235294,6.827874318432691,1.2896265961973974,3.0138936660361786e-07,3.376340361218978e-06
230383_x_at,7.716806036470588,6.449135679576923,-1.2676703568936656,1.52264686929836e-05,0.00011936877833874633
230387_at,5.784869977235294,7.13944313975,1.354573162514706,3.8162286601010335e-10,7.449425752491213e-09
230388_s_at,7.144025032999999,5.3678539695673075,-1.7761710634326917,6.13029269811749e-06,5.226518389722695e-05
230389_at,5.686565258941177,7.454488863875,1.7679236049338236,1.7036633867302912e-10,3.5463098392201586e-09
230392_at,4.858863047882354,6.695198966586539,1.8363359187041857,6.772123139660367e-14,2.5178181801057437e-12
230393_at,5.97894957382353,4.902871263855769,-1.0760783099677607,1.492554404360895e-11,3.714643266557833e-10
230395_at,3.4749008791764706,5.256097317740385,1.781196438563914,5.789136412810974e-16,2.906764271157407e-14
230408_at,4.767598316117647,6.423625085259615,1.6560267691419677,2.4654120118286935e-11,5.935585451857003e-10
230413_s_at,5.76160640964706,4.655322653451923,-1.106283756195137,1.23079563887375e-07,1.4868436293512706e-06
230416_at,6.3472190375294115,4.768293731692308,-1.578925305837103,9.759252380685558e-07,9.845660548714178e-06
230417_at,4.89159140717647,3.3775779087115385,-1.5140134984649318,2.496589494494923e-06,2.307168269895672e-05
230418_s_at,7.356698461588235,5.618054706961538,-1.7386437546266968,0.001937158728240596,0.00864004136868869
230424_at,3.8465323045294117,5.925472418240385,2.078940113710973,6.090453568061145e-13,1.9115058383623302e-11
230433_at,5.152692386294118,3.306458356932692,-1.8462340293614257,2.6250178026897402e-18,1.9898728701806017e-16
230435_at,7.734822506470588,6.087032801182692,-1.647789705287896,4.097045142530662e-13,1.3247193532830629e-11
230438_at,8.11322491235294,5.240477748384616,-2.8727471639683246,5.77356760399804e-29,2.300113476340212e-26
230440_at,5.487028665294118,6.650771779423077,1.163743114128959,9.55516352875883e-06,7.826973889180972e-05
230449_x_at,7.339631134176471,5.548373021519231,-1.79125811265724,8.728399554928379e-13,2.6436588196916535e-11
230461_s_at,4.530854247529412,6.109993914067307,1.5791396665378956,8.427703791373019e-13,2.5596863952662664e-11
230463_at,6.1434708326470595,2.438882990298077,-3.7045878423489826,1.0104828829105363e-37,3.9393675190267256e-34
230466_s_at,9.801773319352941,8.466662237942307,-1.3351110814106342,5.124447231794465e-09,8.069451975306119e-08
230491_at,3.8698611201764703,6.093382496817307,2.223521376640837,6.553466633026665e-09,1.0109713266364113e-07
230493_at,2.8212475938823527,5.207802903298077,2.3865553094157246,0.00010481003392414651,0.0006692123118327086
230494_at,5.355815297352941,7.553995569346153,2.1981802719932118,1.3968025497345156e-15,6.629224901040011e-14
230518_at,4.65128133582353,5.994124420663462,1.3428430848399318,0.00013242338254058973,0.0008214975898707487
230533_at,4.661586702999999,5.695630706826924,1.0340440038269243,9.413640812913703e-06,7.720317083816935e-05
230541_at,3.956946403058823,5.031066495067308,1.074120092008485,1.841589372783325e-05,0.00014172603832084195
230550_at,5.876219758764706,3.840945333432692,-2.035274425332014,3.810953801675987e-11,8.88121466873073e-10
230559_x_at,4.239029631588235,2.8418559687499996,-1.3971736628382359,5.4588807132772445e-14,2.0561784020010954e-12
230560_at,4.6100705542352935,2.789353754740384,-1.8207167994949094,1.267283322871522e-10,2.6934212024534574e-09
230561_s_at,5.6151875354705885,3.9999805338173076,-1.615207001653281,2.4093193211157813e-12,6.788757833101613e-11
230563_at,4.418150934,5.88519807564423,1.4670471416442306,0.0004387978865175619,0.0023735530077544113
230573_at,4.969203457705882,2.43069949426923,-2.538503963436652,7.13385513103574e-27,2.0279097874833316e-24
230575_at,3.462085321235294,2.4381121196538467,-1.0239732015814473,1.3710949885443429e-14,5.601271959563001e-13
230590_at,4.583954156352942,5.88246494864423,1.2985107922912889,2.3058081209000884e-07,2.638890782776388e-06
230595_at,5.993373550882353,2.410730166826923,-3.58264338405543,2.4508964078805177e-40,3.0743278495249486e-36
230599_at,6.378630066470588,8.271756724615384,1.893126658144796,5.503240925947992e-12,1.4644631228538053e-10
230604_at,5.902404554647059,4.5066402421153855,-1.3957643125316732,1.184176072973592e-18,9.518578186572266e-17
230605_at,4.027994886705883,2.7898290713269227,-1.2381658153789599,2.151640105803244e-12,6.113189241782157e-11
230629_s_at,6.86242518117647,7.962010468951923,1.0995852877754526,0.0014624958684182924,0.0067904348789793265
230630_at,6.823739938882353,5.7983851475480765,-1.0253547913342764,0.00012155533570419095,0.0007623958477820086
230636_s_at,4.167346045941176,2.4583733162884616,-1.7089727296527149,1.177640159363588e-21,1.5194898878937417e-19
230641_at,3.414313402941177,5.3082565487307685,1.8939431457895917,2.6041290941815614e-07,2.9525019447350247e-06
230644_at,4.142365905647059,2.977485554298077,-1.1648803513489825,1.1018268903834354e-13,3.917694452784203e-12
230645_at,4.336102923882353,3.2491362125576924,-1.0869667113246608,0.0005186384534099507,0.0027492976057363733
230651_at,4.146731446294119,6.3092180793557695,2.1624866330616506,6.615068818894889e-16,3.276259900784611e-14
230653_at,5.890933774117648,8.17000934539423,2.279075571276583,4.402602247964004e-09,7.038360518208182e-08
230660_at,5.587426631588236,7.44370060960577,1.8562739780175344,7.064652872732256e-07,7.349087131041542e-06
230670_at,4.947113057176471,2.6276587350576923,-2.319454322118779,7.758063334506548e-35,1.0585683468350823e-31
230707_at,3.634878408882353,5.053796517778846,1.4189181088964928,1.635988911599017e-06,1.569255515046797e-05
230712_at,5.926723890882353,7.51208182589423,1.585357935011877,3.9067066392382384e-08,5.235063630321232e-07
230715_at,4.458426745058823,2.4693101499423076,-1.9891165951165153,1.6304016212925907e-22,2.4581682344897323e-20
230730_at,4.819975796705883,3.3108039040288455,-1.5091718926770374,6.115010689433391e-11,1.3757261682546788e-09
230742_at,5.246073778294117,7.137933911673078,1.8918601333789606,4.72380950074656e-10,9.065428929017107e-09
230744_at,5.4108238470000005,3.082503673769231,-2.3283201732307695,1.954419182585407e-18,1.5002847337036416e-16
230748_at,3.499183358882353,6.098705620596154,2.5995222617138007,5.479291431700512e-07,5.8261104042622686e-06
230763_at,2.734272227588235,4.223619837788462,1.4893476102002268,0.00015991520442538534,0.0009712900002596379
230764_at,4.035456583470588,2.865862367298077,-1.169594216172511,6.0153899660964225e-09,9.343027005110319e-08
230777_s_at,5.098098231882354,6.205433647201923,1.1073354153195698,2.0804162681286398e-08,2.934032028377081e-07
230788_at,5.6561484799411765,7.220109392125,1.5639609121838234,0.0008099883477797661,0.004049867536961511
230790_x_at,7.420661653823529,5.758486578096154,-1.662175075727375,2.1211040229080403e-11,5.147520518732678e-10
230792_at,2.760289411470588,4.330904937913461,1.570615526442873,5.1326555138743476e-11,1.1716236105886576e-09
230795_at,7.423188135705882,8.485462553692306,1.0622744179864245,0.0071579541475872786,0.026363046050419465
230802_at,3.6819874,2.4342643928461536,-1.2477230071538465,7.426393085915998e-20,7.110966811161567e-18
230850_at,4.245292669941176,5.613954674894231,1.3686620049530545,2.3571244484416794e-06,2.1901514346526798e-05
230863_at,3.8522862661176474,5.796596489009615,1.9443102228919678,0.0038586478049445518,0.01564760669782812
230867_at,6.196646554,2.655272876134615,-3.541373677865385,4.160138574083043e-20,4.113337015124608e-18
230884_s_at,3.4645784270588234,4.760515731346154,1.2959373042873308,7.59816060335268e-07,7.854166810045187e-06
230885_at,5.839142872529412,7.845028626769231,2.005885754239819,2.9250008989815496e-15,1.32484335324078e-13
230894_s_at,4.037535493058823,5.252847794365384,1.215312301306561,2.802615092084535e-05,0.00020551381044052374
230925_at,10.186530678941176,7.7200549736730775,-2.466475705268099,3.620841824542227e-12,9.92576222710649e-11
230951_at,2.6191346420588237,4.09801350975,1.4788788676911766,1.336887148829067e-06,1.3056165627999266e-05
230958_s_at,9.061115587176472,7.503772861971154,-1.5573427252053182,0.0001651859803440125,0.0010000925102853747
230961_at,3.7235697337647062,5.497765523567309,1.7741957898026026,6.164457629485244e-14,2.3028241315872714e-12
230962_at,4.724843847529411,3.2956347023557693,-1.4292091451736417,1.0050810841178893e-06,1.0117358998537491e-05
230963_at,3.837014942941177,2.579772809624999,-1.2572421333161778,2.2534968666744694e-17,1.4486879326999512e-15
230966_at,3.3922018222941177,4.5802250305,1.1880232082058826,0.003216569479991358,0.013383940355908237
230968_at,5.271822572294118,3.6238585839999997,-1.6479639882941184,4.7076506933546206e-09,7.480025245781713e-08
230998_at,4.359972602647058,6.547494706336538,2.1875221036894796,4.955353238475542e-18,3.5446687339810827e-16
231005_at,3.159383122882353,4.431488668336539,1.272105545454186,3.775761402145065e-11,8.806721434516047e-10
231015_at,7.794385980294118,5.735714586278847,-2.0586713940152714,2.1598277404821935e-21,2.666996340447458e-19
231022_at,4.99230201982353,6.035279075942308,1.0429770561187777,1.2762844359691907e-06,1.2510475616157051e-05
231031_at,4.6782563,2.9078790076249996,-1.7703772923750005,4.11415200353981e-17,2.5574749681229986e-15
231040_at,4.281861142941176,2.6109868675288457,-1.6708742754123307,1.351603213998047e-10,2.8592694502635427e-09
231050_at,7.176345444117647,3.7946365300673075,-3.3817089140503396,5.270216694732719e-21,6.127071233173685e-19
231067_s_at,6.101700045294118,2.6054972762403845,-3.4962027690537334,6.783910808924398e-29,2.607458225635808e-26
231078_at,3.5389270388235294,2.5116855419711537,-1.0272414968523758,2.3668695681028356e-05,0.00017691231738905047
231106_at,3.7476917645882355,5.346814775451923,1.5991230108636878,4.383420258150357e-11,1.0103154318817075e-09
231108_at,4.852634390176471,6.282468501721155,1.4298341115446842,1.2130801687025603e-10,2.590185000609434e-09
231111_at,6.0923066801764705,7.25865712860577,1.1663504484292995,2.1197704774898164e-05,0.00016039782738238833
231118_at,6.558799314294117,4.019806951278846,-2.5389923630152715,2.25524931552596e-16,1.2103171326655986e-14
231120_x_at,2.9997363664705885,4.714676482413461,1.7149401159428725,0.00010509721558041044,0.0006708889975629499
231166_at,4.815461934411765,3.2844753381730767,-1.5309865962386882,1.51553863232423e-09,2.646930656435973e-08
231174_s_at,3.9761592465294116,2.388854620894231,-1.5873046256351806,8.750579951947712e-19,7.19273950598425e-17
231205_at,4.173795232117648,5.1943259194038465,1.0205306872861986,7.336524389426758e-07,7.608211374701179e-06
231213_at,3.997059581117647,2.8148601006923077,-1.1821994804253393,6.284424553657572e-08,8.066735835232283e-07
231235_at,3.400576126058824,5.076350514413461,1.675774388354637,9.648420074276012e-12,2.472305724102866e-10
231262_at,4.370465041470588,2.396405121,-1.9740599204705882,3.1190205538111694e-21,3.7579033732110338e-19
231271_x_at,7.798418371941175,9.044988203019232,1.246569831078057,8.061697866947652e-13,2.464982677199641e-11
231281_at,4.135826030176471,6.087576100586538,1.9517500704100668,1.1105808180442857e-12,3.3000051462485934e-11
231283_at,3.1473912761764704,4.723772045221153,1.576380769044683,6.7639026404655005e-06,5.7137756108027634e-05
231311_at,3.7338114721764706,6.74460928714423,3.0107978149677592,1.4419176480168993e-11,3.600110855952166e-10
231316_at,4.709118598941177,5.941405293682692,1.2322866947415152,5.150569768289696e-08,6.725190128791467e-07
231324_at,3.959381198882353,5.211582403471154,1.2522012045888014,3.568337272589918e-11,8.369414697064251e-10
231329_at,3.074439638352941,4.663994899634615,1.5895552612816743,1.3631298061947056e-06,1.3287776690891381e-05
231380_at,5.188709079764705,2.451336131673077,-2.7373729480916285,3.410172880842939e-31,2.0680425073725197e-28
231386_at,3.8677401015882356,2.386698549961539,-1.4810415516266966,2.2611390044046475e-16,1.2122859108192659e-14
231406_at,4.072656361588235,5.762998402307692,1.6903420407194565,1.6366685048307326e-10,3.4225184032627033e-09
231411_at,6.725039156764706,3.9380858572980766,-2.7869532994666293,1.0531115659120594e-21,1.368518479902721e-19
231672_at,3.568398168705882,2.351889413701923,-1.216508755003959,1.370502615796286e-18,1.0872189283073474e-16
231683_at,5.582049622764706,2.446680949701923,-3.135368673062783,2.669910871065256e-34,2.914421308637412e-31
231697_s_at,6.311261543823528,7.440175311211539,1.1289137673880107,0.003808369516573078,0.015471306278008337
231698_at,4.919384452294118,2.5249490819711538,-2.394435370322964,1.9420666775253407e-25,4.344100704617032e-23
231729_s_at,3.8801562628823527,5.1548435988461545,1.2746873359638018,3.0600715064398276e-05,0.0002222430375914562
231736_x_at,11.592878814294115,8.723937390605771,-2.8689414236883444,6.359845647367527e-09,9.831596596256163e-08
231766_s_at,3.9496512129999997,5.888191706211539,1.9385404932115393,7.81833680124483e-05,0.0005143647592516171
231773_at,6.94656077817647,3.210231773375,-3.73632900480147,5.483049160727334e-21,6.353701489242828e-19
231775_at,4.58553974017647,6.039920082615385,1.454380342438915,1.878655030136843e-09,3.2193128065883444e-08
231779_at,4.673014414941177,3.567873607913462,-1.1051408070277149,0.0001970578648456709,0.001167649680318301
231784_s_at,6.4499931588235295,7.765793640067307,1.3158004812437776,1.0040027667270062e-06,1.0108368752110915e-05
231790_at,5.041058313647059,2.3818299612019227,-2.6592283524451363,1.167430546265075e-33,1.0799524031288394e-30
231815_at,2.694374691647059,4.023354890057693,1.3289801984106338,3.139747009846833e-08,4.288394695956714e-07
231817_at,7.007389859058824,5.561502118769231,-1.445887740289593,1.4970607878714118e-10,3.1486736316467738e-09
231821_x_at,5.756817483117647,6.873871970403846,1.1170544872861985,7.950578795125721e-05,0.0005221836823816688
231835_at,5.64620502364706,7.648783778942308,2.0025787552952483,9.606077662343643e-14,3.4652353782753053e-12
231836_at,4.7519065114117645,5.822150642442309,1.0702441310305444,6.425369452758332e-07,6.736270444911583e-06
231838_at,3.606768455647059,5.450545656615385,1.8437772009683262,2.5955323650813788e-11,6.215952652644869e-10
231848_x_at,5.453155891941177,6.817978307365385,1.3648224154242081,1.1498366499436423e-08,1.6874679891711228e-07
231849_at,2.6391644184117644,3.858153318903846,1.2189889004920818,9.902523395758093e-06,8.078771665427219e-05
231854_at,5.14384246382353,3.853378617576923,-1.290463846246607,7.058379365804093e-18,4.938965223156687e-16
231856_at,4.048362607647058,5.561044055144231,1.5126814474971733,3.10383716826447e-07,3.4678470584791508e-06
231866_at,7.522186479470588,5.76654268526923,-1.755643794201358,1.8137476045233252e-09,3.117874976607199e-08
231873_at,5.934540841588237,4.685518416182692,-1.2490224254055446,4.805373448681699e-08,6.319818733869842e-07
231878_at,5.041726794058824,6.523398043615384,1.4816712495565598,4.6920126161807455e-12,1.2596426786941905e-10
231897_at,9.332455054588237,7.770328467038461,-1.562126587549776,2.7755127638589234e-06,2.538282693342094e-05
231899_at,6.4863531161764705,4.508381589423077,-1.977971526753393,1.0473317117294793e-10,2.256704204282797e-09
231906_at,6.857778662647059,5.412219812701924,-1.4455588499451348,5.5228642860320665e-06,4.7574559638154065e-05
231919_at,4.578935590235294,3.0668295683076923,-1.5121060219276017,1.2291186522906142e-13,4.34482298726486e-12
231939_s_at,3.5344867190588234,4.670060429144231,1.1355737100854073,1.186676930351082e-06,1.1731541666547038e-05
231947_at,5.473176733882354,3.7332537409903845,-1.739922992891969,1.4752970997338259e-19,1.3601391960535891e-17
231955_s_at,5.942419536058823,3.6547238659903845,-2.2876956700684388,5.151022910000841e-13,1.645042009391082e-11
231956_at,4.153438714882353,6.729421610009616,2.5759828951272628,1.611035239333447e-14,6.547184834518257e-13
231960_at,5.348961826882353,6.405908351990385,1.0569465251080326,6.678426152403612e-06,5.6459389865557124e-05
231963_at,4.651131476529412,2.5262565657115386,-2.1248749108178733,5.36198478584522e-15,2.32817635343394e-13
231981_at,3.9537008614117646,5.175726780201923,1.222025918790158,2.366975611017958e-07,2.7004005408392376e-06
231991_at,5.411688315647059,3.7591756356634614,-1.652512679983598,2.3465942585922586e-11,5.659512507278253e-10
231998_at,5.376612991294118,3.2271788464134614,-2.149434144880656,1.1859298663947975e-15,5.689419568862978e-14
232002_at,4.124848600941177,5.164714080875,1.0398654799338232,5.750232664214373e-06,4.935397838970849e-05
232012_at,4.983513312,6.454197607451922,1.470684295451922,5.892277268913187e-13,1.8600034763447822e-11
232028_at,4.562220593764706,5.663836247480769,1.1016156537160633,5.240588863280153e-08,6.832921633276815e-07
232030_at,3.8348842610588236,5.6375737833173085,1.8026895222584849,8.501790510240653e-11,1.8650290364084587e-09
232034_at,4.009387967705882,6.780805248673077,2.771417280967195,2.062858582371723e-09,3.516201079552351e-08
232035_at,4.7235352032352935,6.129991953961538,1.4064567507262442,0.001497099840919063,0.006922834213125607
232046_at,3.542920464823529,5.711285131721155,2.168364666897626,6.634113414970423e-13,2.064328825973037e-11
232052_at,4.262253445764706,5.2843334120192305,1.0220799662545241,3.513589712420489e-06,3.148386355511375e-05
232058_at,6.41892760882353,8.122293054,1.7033654451764697,1.1929972106678685e-10,2.549435973415881e-09
232068_s_at,4.3691432279999995,2.5656424567115383,-1.8035007712884612,6.235330004275266e-19,5.2276202197133596e-17
232071_at,5.927209539411765,4.812680395442308,-1.1145291439694578,2.1501951903750065e-08,3.0222895517763964e-07
232083_at,3.308204061941176,5.159498378826924,1.8512943168857476,5.655989250201732e-07,6.005802281843587e-06
232092_at,4.8728960456470585,3.469217048,-1.4036789976470585,1.7746816404775617e-18,1.3778143564100262e-16
232096_x_at,5.2862810175882355,6.5573001473461545,1.271019129757919,3.6410593657107436e-09,5.9356445376680606e-08
232113_at,6.3120276611176465,7.322036084432692,1.0100084233150453,0.005997858373662576,0.02270475185019626
232136_s_at,5.826226470058824,3.8204407833365384,-2.0057856867222856,1.6314163368539618e-15,7.662742878584542e-14
232141_at,4.821318729647059,5.997330588644231,1.176011858997172,1.1008228887542523e-09,1.967959791854515e-08
232144_at,4.490443583529412,6.077277942057693,1.5868343585282805,4.823598600787996e-09,7.644227294785369e-08
232150_at,5.859264927352941,8.56415863255769,2.70489370520475,1.892540411226696e-21,2.3636833662320785e-19
232164_s_at,4.175217414352941,9.211905585240386,5.0366881708874445,3.817544978979399e-18,2.785531917215463e-16
232165_at,3.8408286490588237,9.124153837576923,5.283325188518099,2.0067105642555828e-19,1.803607634355658e-17
232166_at,4.769136332823528,3.4156569813173077,-1.3534793515062207,1.1197554288270733e-05,9.039362749586279e-05
232174_at,6.231013991588235,7.335621689086539,1.1046076974983032,2.9873604656597464e-06,2.716546931943407e-05
232175_at,5.695119088882353,6.947453988105769,1.252334899223416,3.69077017368857e-15,1.6391932162920138e-13
232176_at,2.954850702529412,5.142666515644231,2.1878158131148187,0.0009119103854798424,0.004492387122403134
232179_at,4.300651449411765,5.596177332240384,1.2955258828286187,9.454635807304787e-11,2.0534204843887306e-09
232187_at,4.655209059647058,2.4035740019999996,-2.2516350576470585,1.1492961672189576e-30,6.336104597034695e-28
232202_at,2.430482403882353,3.9556949083942308,1.5252125045118778,7.188577992893789e-05,0.0004772477779760979
232204_at,8.008876117,4.054655929125,-3.9542201878749994,8.009400306146001e-27,2.2417695349186797e-24
232210_at,6.6631840732352945,7.852059947721155,1.18887587448586,0.00892773509167245,0.031636846728609426
232216_at,3.7363193029411765,5.409560444865384,1.673241141924207,5.122900108046718e-12,1.3672506845823074e-10
232219_x_at,5.355462878058824,6.443731605307693,1.0882687272488694,0.0004731434946526152,0.002536709115387533
232224_at,3.414456860941176,2.356158490153846,-1.05829837078733,1.9666146244588503e-14,7.840457238008736e-13
232231_at,4.580777435705882,6.223981789038462,1.64320435333258,2.701572250333333e-07,3.0560758125849734e-06
232235_at,6.632077696176471,3.8336702819903845,-2.7984074141860864,1.122872372261452e-13,3.987329291194391e-12
232238_at,3.6461766232352937,5.884667903163462,2.238491279928168,3.068839712210012e-11,7.266559768013461e-10
232264_at,5.952908882588235,8.564667901875,2.6117590192867643,5.8221702798456514e-21,6.718144433481942e-19
232267_at,4.199445742058824,2.3762262850961537,-1.8232194569626703,3.183017855630982e-24,6.182417492615067e-22
232269_x_at,4.600942957588236,5.926862354817308,1.3259193972290717,1.1140577756344492e-05,8.998691628881545e-05
232276_at,3.7083979465882355,4.713678544692308,1.0052805981040724,0.009224051261874996,0.032494893449193846
232279_at,3.445401573588235,4.531051737509615,1.0856501639213798,6.405124309185177e-08,8.208154019042445e-07
232286_at,4.266458285470588,6.581976353682692,2.3155180682121044,6.759291096054326e-05,0.0004514382632544653
232288_at,4.716949597411765,6.168943925769232,1.4519943283574666,7.585657676460621e-15,3.214422440400188e-13
232290_at,3.5267444422352945,4.651675410807693,1.1249309685723983,0.0004435846365566364,0.002397544650289628
232297_at,7.068017477470588,5.459883162586539,-1.6081343148840483,4.1357815820203294e-07,4.506424894491666e-06
232298_at,4.173909098470589,2.3979658078365382,-1.7759432906340509,3.27181436839563e-20,3.2988937865203366e-18
232307_at,3.5961325285882357,5.2303481573076915,1.6342156287194558,8.380488205390088e-07,8.575153088901117e-06
232311_at,5.670260657235294,6.801456884721153,1.1311962274858596,0.0007050126938991932,0.00358543494412263
232313_at,8.358571309588237,4.559639564951923,-3.798931744636314,2.2070813481009955e-37,7.5287683061252644e-34
232317_at,8.055447735470588,4.390257730653847,-3.6651900048167416,9.142596040114445e-27,2.5329631942812503e-24
232322_x_at,6.822855394647058,9.999123524644231,3.1762681299971733,4.107247547591601e-14,1.5753300344343076e-12
232327_at,4.107840776941177,2.5015019806730767,-1.6063387962681,2.8100792021094114e-17,1.7813160600688686e-15
232331_at,5.948466704705882,2.8462038582115383,-3.1022628464943436,6.03185274351703e-29,2.368435186247597e-26
232341_x_at,4.531482351705883,2.9432680266346156,-1.588214325071267,1.4020983500644701e-24,2.8134237444179673e-22
232346_at,3.009522206294118,4.586898128740385,1.5773759224462673,1.6156098645932854e-06,1.55079793879066e-05
232347_x_at,8.023766214235295,9.089758518461538,1.0659923042262438,3.6437258808707874e-06,3.2535830110467906e-05
232356_at,4.292615908352941,5.86482532910577,1.572209420752829,1.4857932885562104e-12,4.334212287338824e-11
232360_at,3.6758218370588236,6.491929925615385,2.8161080885565615,1.4029745876586109e-08,2.0294977476761022e-07
232361_s_at,3.2722583467058826,5.245843079903846,1.9735847331979635,7.241843338967755e-06,6.069603310772744e-05
232370_at,3.5377385519411764,4.944347513490385,1.4066089615492086,6.566313904516667e-05,0.00044005752283228776
232372_at,3.5235457101764704,5.316987423509615,1.7934417133331446,2.6402969661924765e-09,4.4163275549438914e-08
232373_at,5.018051569941176,6.035405249932692,1.0173536799915164,2.1904388528713611e-07,2.5235803986286163e-06
232375_at,3.076959303882353,4.500129615721154,1.4231703118388013,3.0597160289854996e-05,0.0002222430375914562
232381_s_at,3.976237975882352,5.426845021701922,1.4506070458195701,0.00012541342941587487,0.0007841607932282088
232382_s_at,8.317457435823528,7.182276848326923,-1.1351805874966043,7.126719380111922e-05,0.00047371722938391005
232396_at,4.137021702882353,5.885366681028846,1.748344978146493,6.711997354299444e-17,3.977568985888267e-15
232406_at,6.381155887470589,7.717011263259615,1.3358553757890261,1.8510420085970767e-05,0.000142292988432704
232439_at,3.514996720882353,4.6155986007788465,1.1006018798964936,0.0007372271960101624,0.003728075894657524
232478_at,3.806996780235294,5.177691093346154,1.3706943131108602,7.5626875456037715e-06,6.312340167479863e-05
232481_s_at,4.085912492235294,6.854388006557692,2.7684755143223985,0.00013336102869079553,0.0008268444376820322
232489_at,3.667226889882353,5.916585945326924,2.249359055444571,1.949154875422287e-14,7.799334600122655e-13
232510_s_at,5.593331212941177,7.134608466836539,1.5412772538953625,2.5060466189217287e-11,6.017488711576288e-10
232511_at,6.861226156235295,8.006360153778846,1.1451339975435513,2.5238129543416216e-06,2.329171241714768e-05
232523_at,3.178058260882353,4.4372402075480775,1.2591819466657244,0.0027892763517627555,0.011856126665808013
232525_at,3.557803115764706,4.854175338740385,1.2963722229756787,2.2715144168395618e-11,5.495433748080073e-10
232529_at,4.757845402117646,6.473347604269231,1.7155022021515842,1.5800221857965954e-12,4.593768559074216e-11
232531_at,4.207338161058824,2.741609724201923,-1.4657284368569012,6.356014019198422e-19,5.320627134261207e-17
232538_at,5.1518824991764705,3.969904202682692,-1.1819782964937784,1.2562849861304978e-06,1.2343254411884146e-05
232541_at,5.935297469,4.219609036423076,-1.7156884325769237,0.00013440671646479602,0.0008328546977670415
232547_at,3.694801377882353,4.981529015230769,1.2867276373484158,0.0028436350331211813,0.012053646821429091
232551_at,4.606064005588235,5.943468792663461,1.3374047870752266,1.1935965043946738e-12,3.525178766956542e-11
232555_at,4.3273538632941175,2.4200116242788465,-1.907342239015271,1.021655716772341e-20,1.1242126485023707e-18
232583_at,2.7895304095294113,4.375514974259615,1.5859845647302038,4.1357438970516995e-08,5.517593892866895e-07
232609_at,5.913707467352941,6.993592635423078,1.0798851680701373,4.72609996579097e-06,4.123833893411756e-05
232612_s_at,4.556218068000001,5.8535231226346145,1.2973050546346139,4.195928703286337e-09,6.741524659895937e-08
232614_at,6.256908353941177,7.397806315971153,1.1408979620299764,0.0023749781797263677,0.010312166592783247
232615_at,7.508098466058824,9.52403343439423,2.015934968335406,3.275726988513986e-08,4.4551682857240175e-07
232626_at,3.7026803092352942,4.877986138326923,1.175305829091629,1.4530318241781755e-05,0.00011451989015425364
232628_at,6.772649533647059,4.996211845730769,-1.7764376879162906,2.2244346002884744e-08,3.1186081697699627e-07
232653_at,5.444909900764706,9.276686531749998,3.831776630985292,2.1439383623121036e-19,1.915122943971069e-17
232662_x_at,8.141566139764704,5.4583366015288455,-2.6832295382358584,3.98680809465738e-19,3.432113548869166e-17
232668_at,3.5923223594705886,5.701731630528846,2.109409271058257,4.69478302575908e-06,4.0971628200016763e-05
232676_x_at,4.748043465705883,6.4112322312019225,1.6631887654960398,2.815226452365643e-07,3.1713569565255814e-06
232682_at,4.133789015647059,5.592121838778846,1.4583328231317871,6.184124470277671e-08,7.949207005729746e-07
232696_at,3.1402277098823532,4.591100215096154,1.450872505213801,3.073031458342135e-07,3.436388491814683e-06
232710_at,4.06915973917647,7.057106166519231,2.987946427342761,1.3805389309926996e-24,2.780385030060906e-22
232712_at,4.860011303235293,2.836862204586538,-2.023149098648755,2.138957765553072e-08,3.0095946348574663e-07
232726_at,4.487588882882353,5.900552485211539,1.412963602329186,7.01966455653442e-06,5.908795062169835e-05
232744_x_at,3.5218228715882356,4.758831760673076,1.2370088890848407,4.256299978830453e-07,4.6266599590636785e-06
232752_at,3.285842384529412,4.5203944515,1.2345520669705876,4.0112162632602526e-05,0.00028310897767034953
232762_at,4.782338869058824,6.107394285798076,1.3250554167392519,3.1873981446483695e-08,4.345865684155967e-07
232778_at,4.931810516529412,6.842997004173077,1.9111864876436657,2.9246728554362695e-11,6.944279485248496e-10
232797_at,5.135844577117647,6.275510084663462,1.139665507545815,3.8837522012289085e-08,5.206861001986554e-07
232812_at,7.507303465823529,4.4549837522499995,-3.05231971357353,5.325996572970963e-19,4.520801974435182e-17
232855_at,2.5183300120588235,3.784871674884615,1.2665416628257917,0.000572797119075908,0.0029962328888292105
232861_at,3.590846839647059,2.3411980812884616,-1.2496487583585973,1.429196332348101e-19,1.3221035020885933e-17
232865_at,4.164233128705882,5.8978210453557685,1.7335879166498867,4.0075541480096573e-10,7.78946929644655e-09
232882_at,4.780760579705882,3.681226424605769,-1.0995341551001134,3.7783734102171156e-05,0.00026841057185505654
232889_at,5.779274498352941,8.696087962115383,2.916813463762442,3.824326531577546e-18,2.786754576328049e-16
232890_at,5.348277318529412,6.6610044469038465,1.3127271283744344,6.099994157761198e-07,6.432217564459977e-06
232914_s_at,6.488387933294118,8.422129828586538,1.9337418952924201,1.1225004098238818e-05,9.057502937282324e-05
232928_at,3.1833617845882354,4.3514182809903845,1.1680564964021491,4.6587112295850305e-05,0.00032381543788044867
232931_at,3.929171508411765,5.016860763913461,1.087689255501696,2.0550029146296928e-08,2.9011899657934297e-07
232946_s_at,6.083119999058823,7.124184303788462,1.0410643047296384,2.6366690058330876e-06,2.4238968783790484e-05
232968_at,4.021755967529412,6.3212048718076925,2.2994489042782806,2.0130205014020652e-09,3.434468457206106e-08
232991_at,3.984115823882353,5.272678104990385,1.2885622811080322,3.7492832899352285e-07,4.119833555091098e-06
232994_s_at,5.219236627764706,3.829813901961538,-1.3894227258031684,1.258866902414245e-06,1.2363595388856764e-05
233007_at,2.9718286575882353,3.989584983442308,1.0177563258540725,4.747558549298215e-10,9.098209201620341e-09
233011_at,6.922662356411765,3.5999620223076922,-3.3227003341040726,1.650575369180676e-11,4.0800159906934833e-10
233014_at,3.2094260050000005,4.650864353048077,1.4414383480480768,2.1719936784210937e-10,4.44322499904591e-09
233019_at,2.878136942352941,3.9707023238846157,1.0925653815316747,2.5301417296754294e-05,0.00018760033346550096
233020_at,5.7893728887647065,3.8676567567499998,-1.9217161320147067,2.1128270568688277e-13,7.190838967317747e-12
233037_at,4.732934828117647,6.548169371625,1.8152345435073531,5.298152085107721e-08,6.901380492913945e-07
233085_s_at,7.372840586529412,6.2426916841826925,-1.1301489023467193,0.0007156764293075408,0.0036312079422865366
233098_s_at,3.4186692232352947,2.3437653588461536,-1.074903864389141,2.4771676161602464e-19,2.1736548444117377e-17
233105_at,3.4356969431764703,4.7840166142019225,1.3483196710254521,8.03010320438135e-09,1.216754588539505e-07
233106_at,4.249544688999999,5.481862565067307,1.2323178760673086,1.878565994381231e-07,2.1884792616293107e-06
233124_s_at,8.261284650117647,5.937905503192308,-2.3233791469253386,3.078848467370491e-14,1.2028666463895063e-12
233152_x_at,5.727959354352942,6.772250467423077,1.044291113070135,0.0015080948065197548,0.006964236098235189
233177_s_at,2.6419343419411767,3.666188631451923,1.0242542895107465,0.00059490305318642,0.0030955490265861013
233198_at,3.9059119115882357,5.171779818625,1.265867907036764,1.038125494756822e-06,1.0413499610059288e-05
233214_at,4.375179914058824,5.8550803649903855,1.4799004509315612,1.7995406945360405e-07,2.1018003759272962e-06
233228_at,4.261829139764707,5.564631003817308,1.3028018640526007,2.2247521332633773e-10,4.542639232374929e-09
233243_at,3.461619898352941,4.574170935923077,1.1125510375701362,1.2558734716820714e-09,2.220418471361703e-08
233252_s_at,6.013380852882353,7.380133099355769,1.3667522464734159,9.760609723721462e-08,1.2066235970803933e-06
233261_at,7.182410604529411,4.625616139605769,-2.5567944649236427,8.541013853121757e-10,1.563246127060806e-08
233268_s_at,9.012308415882352,7.9282430863269235,-1.0840653295554281,1.3322723179625998e-11,3.3493362893634607e-10
233273_at,4.002274097882353,5.1881812588942315,1.1859071610118788,6.283530864923242e-08,8.066735835232283e-07
233274_at,5.60498343835294,6.621684146432693,1.0167007080797523,5.8498165485807406e-09,9.103995933988829e-08
233300_at,5.2985568475882365,6.61349061526923,1.3149337676809933,1.968129704378137e-06,1.85813096584076e-05
233302_at,2.471225421470588,3.5253320328269235,1.0541066113563353,0.001518685899221682,0.00700636955078753
233313_at,5.219444565235294,6.254847329480769,1.0354027642454744,1.8504433102949594e-06,1.7558300666305387e-05
233323_at,3.405146842470588,4.413014964201923,1.007868121731335,3.928439058500012e-07,4.293357536521269e-06
233334_x_at,5.489698218647058,6.684000407240385,1.1943021885933263,2.9400751050339853e-06,2.6771164357298945e-05
233337_s_at,3.2030459998823524,4.763486403048077,1.5604404031657246,6.245583022532532e-05,0.0004206289187892436
233346_at,4.8085940125294115,2.3357204876249997,-2.472873524904412,3.109911589893307e-32,2.4247980666398114e-29
233360_at,3.809872722352941,4.893011547153846,1.0831388248009053,9.461103539336735e-06,7.755746020929102e-05
233369_at,5.2804588108235295,6.525097527990384,1.244638717166854,1.814310294067746e-06,1.7263466098313026e-05
233375_at,5.247340338882353,3.887255629471154,-1.3600847094111987,2.5876917288789393e-06,2.382885555432489e-05
233388_at,3.9926797817058826,5.7128794621923085,1.720199680486426,1.8596196249226213e-05,0.00014291210857315085
233392_at,3.541261082235294,2.4146240059711537,-1.1266370762641404,1.6943887200877613e-14,6.860388868966611e-13
233405_at,3.6192511139411763,4.715548560384615,1.096297446443439,1.0726206119814694e-06,1.072600959716684e-05
233440_at,5.359384475647058,6.496709487144231,1.1373250114971727,3.1847127078232034e-08,4.3432892273933684e-07
233449_at,4.958817289176471,6.153578127692308,1.1947608385158368,0.00011273645364753669,0.0007131482271243515
233496_s_at,5.137265499941176,2.5831799413076917,-2.554085558633484,1.0966608143345318e-30,6.170582534594269e-28
233498_at,5.641675853764705,6.995193337855769,1.3535174840910633,0.0006253019076595657,0.0032318515926279766
233587_s_at,4.8242272608823535,5.992485729903846,1.1682584690214926,5.3448964781255944e-05,0.0003657919810402719
233595_at,5.780373446176471,7.877451082057693,2.097077635881222,5.1626931529099246e-15,2.2523951206448502e-13
233599_at,3.523588293882353,5.490371115923077,1.9667828220407242,8.238954619554133e-11,1.8110104880412608e-09
233634_at,4.5496991409411764,5.716213019740384,1.1665138787992078,5.381062262527138e-12,1.4336227621707365e-10
233648_at,5.848224441058823,4.303404883625,-1.544819557433823,1.9877129038305828e-07,2.3028525276622665e-06
233713_at,3.5278455023529416,5.2662650147115375,1.738419512358596,3.1072734998419176e-09,5.125170152549774e-08
233800_at,3.0457674479411767,4.168467381471154,1.1226999335299772,5.061691133710476e-09,7.982145055960244e-08
233814_at,6.365804598411764,4.924087827625001,-1.4417167707867637,0.0014945621850698232,0.006913442622165088
233824_at,4.533151158882354,5.549144831711539,1.0159936728291852,2.4883321791164864e-06,2.300316429607024e-05
233834_at,3.919164886294118,5.093132001576923,1.1739671152828053,1.6535158638925328e-06,1.5846750190586576e-05
233841_s_at,4.729338454470587,5.836493474288461,1.1071550198178741,0.0004986421230377785,0.0026583402309515378
233849_s_at,7.113873104882352,5.992368114355769,-1.1215049905265824,0.00012845344154091323,0.0008004178999727712
233869_x_at,4.2421390457058825,5.508409462673077,1.2662704169671946,3.3744584197696972e-06,3.037179519996872e-05
233893_s_at,6.859774000941177,8.246467444346154,1.386693443404977,1.9475903475150783e-09,3.328350359548672e-08
233907_s_at,3.182302879294118,4.2951768797692305,1.1128740004751125,0.00023102555890892572,0.0013435422461044494
233908_x_at,4.220189458647059,5.479587599384615,1.2593981407375558,3.850101304103622e-05,0.0002729566949881038
233919_s_at,6.521655819235295,5.130427816038462,-1.391228003196833,1.7210329073600888e-16,9.449925055413108e-15
233921_s_at,3.3532341322941175,5.083724436884617,1.7304903045904991,4.668579718043082e-10,8.97205677574202e-09
234000_s_at,8.930327736647058,10.275252985951921,1.344925249304863,1.7619162245827703e-05,0.00013626676649515287
234001_s_at,3.4339543819411764,4.514251793788461,1.080297411847285,8.714429000017888e-08,1.0891340059353705e-06
234015_at,4.310410200411764,5.362207337067308,1.0517971366555443,0.00012427397658850716,0.0007779630051726171
234018_s_at,4.894987727411764,2.396613873278846,-2.498373854132918,2.3606666573167876e-16,1.2619277716914099e-14
234032_at,3.51409081917647,6.405098587951924,2.891007768775454,4.1216033714337194e-21,4.890282400206108e-19
234041_at,3.1630283937058823,4.22082407748077,1.0577956837748874,0.00032652867222210624,0.0018293582838442145
234057_at,2.797890874352941,4.70476021923077,1.9068693448778289,7.558229010060538e-06,6.309583682167239e-05
234084_x_at,6.388688427882353,7.4744543908750005,1.0857659629926477,1.9645969018701716e-06,1.8551165105047075e-05
234192_s_at,7.697824375000001,5.945238273375001,-1.752586101625,8.716988089476664e-09,1.3106459860483384e-07
234199_at,3.0345071327058823,4.561627034278846,1.5271199015729637,3.2288088665878536e-07,3.5942312692126955e-06
234222_at,2.586667250764706,4.378086530817307,1.791419280052601,4.296971873406084e-05,0.0003012129821199983
234312_s_at,8.47441432882353,6.224249868942308,-2.250164459881222,3.58486051210441e-18,2.622762759921536e-16
234326_at,3.608494483235294,4.68373683625,1.0752423530147057,2.349813334123525e-07,2.685873548966029e-06
234331_s_at,3.232374415117647,4.55653638276923,1.324161967651583,5.77749147178566e-05,0.0003921523529891674
234351_x_at,6.084708429058824,8.798431480403845,2.7137230513450215,5.77881983850143e-13,1.8284185969018525e-11
234464_s_at,5.169972834117647,6.703161473346153,1.5331886392285057,4.1900598738322687e-07,4.559196129463544e-06
234562_x_at,6.610362574529411,8.128985042278845,1.5186224677494344,5.748864293386131e-05,0.00039045204612832464
234672_s_at,6.49270259317647,7.523755488375,1.0310528951985303,4.316953902881187e-06,3.798493430477201e-05
234709_at,2.3977701236470588,3.804438613740385,1.4066684900933262,0.00024597824606801096,0.0014208113760340744
234723_x_at,8.949917763882352,10.14108462925,1.1911668653676486,0.0009365986882001364,0.004596171534191265
234725_s_at,5.234134594294117,7.1200223765865385,1.8858877822924214,1.3968510130743366e-12,4.092256116080742e-11
234735_s_at,4.94425860082353,6.119602056874999,1.1753434560514693,5.752200524007239e-05,0.0003906300266265909
234762_x_at,9.801206450058823,10.834113815586537,1.0329073655277146,0.00011349388912216239,0.0007172745454375291
234785_at,3.4665713433529417,4.969619570817309,1.503048227464367,1.7985477929987937e-06,1.7134393435866848e-05
234936_s_at,5.40518455582353,4.362332506192308,-1.0428520496312217,7.037818274855508e-10,1.3114273937293913e-08
234947_s_at,7.3580282433529405,6.087314936548077,-1.270713306804863,3.619368543053022e-06,3.2336145966817955e-05
234949_at,4.972556889117647,6.005206847682691,1.0326499585650444,0.0002967365393331041,0.0016803884187862096
234970_at,6.649323698058824,8.136961730394232,1.4876380323354077,2.673612802553392e-05,0.00019706024733364156
234980_at,5.246588913529412,3.721144547653846,-1.525444365875566,5.500028290788906e-09,8.601319314698215e-08
234982_at,7.024984819823529,5.5488172525288455,-1.4761675672946835,6.712674149273883e-09,1.0349464474384727e-07
234983_at,6.9881164308235295,8.173997934509616,1.1858815036860868,2.0772576424462394e-07,2.400987820141324e-06
234986_at,6.628231086705882,5.537924288932692,-1.0903067977731897,4.723585962351272e-05,0.0003276256172819546
234989_at,8.086324573470588,10.057550790740386,1.9712262172697983,1.5358137336305233e-07,1.8178958526961685e-06
234994_at,4.567962370294119,5.608728826028846,1.0407664557347278,0.0024736646707441932,0.010687100772939707
234995_at,4.818776967058824,6.138477488221154,1.3197005211623303,6.280039449830829e-07,6.599171025092656e-06
234996_at,5.651398042882353,3.6514962815,-1.999901761382353,1.3640652881013131e-17,9.123691097951173e-16
235005_at,6.787967562882352,5.106189872442308,-1.681777690440044,1.25975674541186e-13,4.438751672552221e-12
235008_at,3.5772888241176473,5.273701103903846,1.6964122797861991,5.258664883111104e-09,8.254606576224359e-08
235019_at,7.056114362647059,3.7224495517403846,-3.3336648109066744,4.0558901668430053e-20,4.024844171202262e-18
235027_at,5.8615989930588235,7.095294927663461,1.2336959346046372,4.863622819340761e-08,6.388728516409131e-07
235028_at,6.032560269999999,7.564981514028847,1.532421244028848,7.833587835425953e-08,9.887821241205204e-07
235044_at,6.16578587482353,5.161642311557693,-1.0041435632658366,0.009032742311815955,0.03195061844696066
235046_at,5.776354186058824,7.3197979120288466,1.5434437259700227,9.793449247781717e-05,0.0006300592136341315
235051_at,6.242190820529411,3.8579291449615387,-2.3842616755678727,3.8458582207954724e-25,8.167435635517358e-23
235054_at,4.490062829705883,3.048116623375,-1.4419462063308828,8.257082605108971e-22,1.099178808546933e-19
235056_at,4.88074231935294,6.035701104269232,1.1549587849162917,1.0030835778510126e-05,8.171238596347823e-05
235057_at,5.378413562117647,4.304274154086539,-1.0741394080311082,6.584124903187738e-11,1.4776108268547843e-09
235060_at,5.529065101588235,8.122117516596154,2.593052415007919,1.6809288983008024e-15,7.874971531361329e-14
235076_at,6.850572574294117,5.791928224673077,-1.0586443496210398,8.161602645353146e-06,6.765676044664784e-05
235086_at,4.759357945,3.321603191701923,-1.4377547532980768,3.5118834656906627e-07,3.8841519796395094e-06
235092_at,3.375381086294118,4.569956742644231,1.1945756563501129,9.884169637055717e-06,8.066209548756937e-05
235094_at,5.985589763882352,7.9619349153846155,1.9763451515022634,4.43258755886414e-12,1.1923420225492649e-10
235095_at,3.354169701411765,5.258260393961539,1.904090692549774,2.2638501125491873e-13,7.641229146123816e-12
235102_x_at,4.278925048176471,2.6203195613173076,-1.6586054868591633,2.49050463838061e-09,4.1863028228572626e-08
235109_at,5.643529209058824,4.160872420653846,-1.4826567884049773,2.992083335148776e-08,4.1072665077737687e-07
235110_at,7.902362203117648,5.927168149682694,-1.9751940534349544,1.2665763046131208e-10,2.692967204109058e-09
235112_at,3.4378951968823532,5.602351190903846,2.164455994021493,2.63006760813207e-11,6.287624178021912e-10
235123_at,4.554027575882352,6.236608706153846,1.682581130271494,5.905896522591841e-06,5.055488179211733e-05
235129_at,7.65010624417647,2.8950400641346152,-4.7550661800418546,3.3102152879648576e-29,1.411470626576828e-26
235134_at,5.279622324588235,3.982427282365384,-1.2971950422228513,6.789693984241459e-08,8.672844519231283e-07
235138_at,7.551852815705883,9.212868085673076,1.6610152699671934,4.711068881162468e-14,1.7993381977954258e-12
235141_at,5.5170762159999995,8.823987562913462,3.306911346913463,1.5352078263553387e-19,1.4082371084814795e-17
235144_at,3.97019658217647,7.257879324538461,3.2876827423619908,7.313050259971885e-13,2.2524772581207987e-11
235148_at,3.8968152574705885,6.278903538874999,2.382088281404411,4.0920152946409334e-10,7.939498854113313e-09
235152_at,4.392531816470587,5.935777034807692,1.5432452183371046,4.265063686699898e-12,1.1506817150587925e-10
235153_at,2.9346652185882354,4.453619302980769,1.5189540843925338,0.001763922881266887,0.007971611073666096
235155_at,3.9232051291764702,2.5743394065384617,-1.3488657226380085,2.2167763109415887e-17,1.4267621966377474e-15
235157_at,3.986743895529412,5.68470298016346,1.6979590846340482,1.1052362206359677e-06,1.1025897950299849e-05
235165_at,4.7088446733529405,7.9966580531730775,3.287813379820137,9.002445713785129e-11,1.963022311676702e-09
235167_at,5.044239996882354,7.087334973413461,2.0430949765311075,6.888140872885635e-11,1.542033801071473e-09
235168_at,4.664896930882354,6.063670032875,1.3987731019926457,3.018891252106454e-08,4.138861232070288e-07
235170_at,5.803708777176471,7.425909840384615,1.622201063208144,6.451873301074763e-07,6.761459157053753e-06
235173_at,5.80403692917647,3.799351842057692,-2.004685087118778,6.1237223936781775e-12,1.6177475533618648e-10
235182_at,6.416717198529413,4.986687333028846,-1.4300298655005665,0.00031143065410959154,0.001754678813941096
235183_at,5.109299034176471,3.2299293621923075,-1.879369671984163,1.4142927770860976e-17,9.413498229339284e-16
235190_at,6.165019692235294,7.820245923586539,1.6552262313512447,3.784777349677292e-13,1.2327900385881703e-11
235197_s_at,4.169411339,2.5380137155865388,-1.631397623413461,2.437222809246906e-18,1.850086004254338e-16
235198_at,5.10146137,3.175959849269231,-1.9255015207307689,1.7626624005918477e-19,1.6034058526983742e-17
235199_at,6.0216590620588235,4.424687281846154,-1.5969717802126695,1.538385364995197e-10,3.22629457710676e-09
235201_at,5.1954123732941175,2.4677605841153842,-2.7276517891787333,1.835168669091191e-38,8.346805899194008e-35
235209_at,3.2219422254705883,4.494995054951923,1.273052829481335,0.015573886604813169,0.04993873197838541
235216_at,4.438152887647059,5.612223534653846,1.1740706470067872,3.8180218850528025e-06,3.3938732323175394e-05
235217_at,3.3390738443529417,5.000021982500001,1.660948138147059,1.6278554918535688e-10,3.405393824832347e-09
235228_at,4.733494860470588,2.552585882163461,-2.1809089783071274,1.7670617349857528e-16,9.669438278407722e-15
235229_at,3.7905895679999997,5.082550115730769,1.2919605477307696,0.012610983454867018,0.042171747950034096
235247_at,4.265466142941176,5.822735599605769,1.557269456664593,1.3336172975806453e-06,1.303267654156742e-05
235264_at,6.374310072882353,5.286834822086538,-1.0874752507958148,1.0711879348732733e-08,1.5818280924634305e-07
235266_at,5.7121568524117645,7.644854250596154,1.9326973981843896,7.048851053119594e-11,1.5747819960221625e-09
235274_at,4.765390894823531,6.455407503355769,1.690016608532238,6.062091142076759e-06,5.177012555834884e-05
235278_at,4.8702687472941175,3.6094463345,-1.2608224127941177,0.00011001727594361594,0.0006976452775330097
235279_at,6.317158778411764,4.676986232528846,-1.6401725458829182,3.7372800973564683e-25,7.96785197006323e-23
235282_at,6.213026442764706,4.631331643711539,-1.5816947990531673,1.5493592117411688e-16,8.635106368900205e-15
235293_at,8.030363931411765,6.544884092538461,-1.485479838873304,7.586797205650012e-11,1.6866794488275844e-09
235299_at,5.566613866470589,4.135044511269231,-1.4315693552013578,1.4360579733735193e-06,1.3916656272861027e-05
235306_at,6.880835106705883,5.387234928221154,-1.493600178484729,1.9012696497196936e-05,0.0001457039474068971
235314_at,4.489529185000001,5.605912479596155,1.1163832945961536,2.449318653590476e-08,3.4111090276681443e-07
235316_at,6.151088870529412,2.6825731872884617,-3.46851568324095,6.088652363283736e-25,1.2732281890255287e-22
235318_at,6.038307529941177,3.5852134670288462,-2.4530940629123306,9.889108987842877e-17,5.717560163638521e-15
235322_at,4.541921151882353,5.976662154932692,1.4347410030503385,2.2699721878269683e-10,4.628046770243112e-09
235333_at,5.644441669647058,3.8743421013269232,-1.770099568320135,9.769137173505208e-14,3.5147642570385023e-12
235334_at,3.7463319189999997,2.4525093267692304,-1.2938225922307693,1.8642390275300152e-19,1.681790113777863e-17
235335_at,3.9023227802941176,2.5895895452500004,-1.3127332350441172,6.616990134641439e-17,3.938371914488496e-15
235344_at,4.1772938207058825,3.0413466015673074,-1.135947219138575,1.324092156399416e-14,5.429573689265494e-13
235349_at,4.419398807176471,2.7778972389519225,-1.6415015682245482,1.6802899519093227e-16,9.272855943908889e-15
235350_at,4.534590190823529,3.220875462826923,-1.3137147279966062,8.235906967765109e-05,0.0005392365239847072
235360_at,6.54317598282353,4.6030618266634615,-1.9401141561600683,2.5104730970506094e-15,1.1437321466103942e-13
235368_at,10.048380897000001,6.980541494605769,-3.067839402394232,1.4561503158346794e-14,5.935416586104628e-13
235382_at,6.566462267352941,2.4208792058846154,-4.145583061468326,3.890766787296947e-38,1.6334935421836926e-34
235391_at,6.325707772941176,4.235352018038461,-2.090355754902715,2.743496068647596e-15,1.2467716230700846e-13
235405_at,5.043297755352941,6.366839002375,1.3235412470220593,6.505803973074132e-05,0.0004363237589658553
235412_at,5.51262821017647,4.3633423876153845,-1.1492858225610858,0.00022227771128632197,0.0012976462941807858
235436_at,4.261881717705883,5.566710605923077,1.3048288882171937,4.922678103736058e-09,7.771907672080137e-08
235438_at,4.94227802682353,3.5380158761538465,-1.4042621506696835,7.350789007464001e-09,1.1238059194352317e-07
235456_at,4.187219682588235,7.751724892278846,3.564505209690611,1.7286503228895135e-11,4.259441625108374e-10
235457_at,7.3339501948235295,5.870548965067308,-1.4634012297562213,8.265772368438745e-05,0.0005410621133329555
235463_s_at,4.954130523411765,6.32056945410577,1.366438930694005,8.117160667541246e-05,0.0005321639784669473
235469_at,3.8635034790588234,5.192184192596154,1.3286807135373309,4.863431606794399e-12,1.301820665361606e-10
235471_at,5.709075756647059,3.5378140588365383,-2.171261697810521,8.812696237969148e-24,1.6086560132846759e-21
235476_at,2.943275551,5.380956697057693,2.4376811460576926,2.256312705977384e-12,6.390622271901383e-11
235482_at,4.160235498,5.321921774471154,1.1616862764711549,2.7423740114192656e-07,3.09503786536915e-06
235489_at,5.7478382898823535,4.331603406615384,-1.4162348832669691,6.53481543495831e-06,5.533101018066857e-05
235493_at,4.697012463411764,5.958060976798077,1.2610485133863127,1.2631359387815304e-09,2.2321231272019465e-08
235496_at,6.52962573417647,4.362776887288462,-2.1668488468880085,3.830561269516915e-10,7.472058739419717e-09
235497_at,6.532003470941175,3.9129394918461533,-2.619063979095022,1.772301941643568e-16,9.682729496793222e-15
235501_at,3.361151548235295,6.0742544246153845,2.7131028763800895,1.1684875599971728e-12,3.4603842939276016e-11
235509_at,6.082186288529412,7.5463879035,1.4642016149705883,2.034750090256652e-06,1.913386137479875e-05
235515_at,3.2570415139411764,6.789011107451922,3.531969593510746,1.1853906698682123e-16,6.725305339993467e-15
235526_at,3.9574518248235298,5.372599304749999,1.415147479926469,4.183765786088856e-10,8.103114011318087e-09
235534_at,4.925409197235294,3.8710607086923075,-1.0543484885429866,2.23979798036022e-09,3.789396589277137e-08
235538_at,2.8707088994117647,5.410257569375,2.5395486699632355,1.7801287750548346e-12,5.1297596839344143e-11
235542_at,4.930011758294118,7.206309484653845,2.2762977263597275,1.7521224841256626e-19,1.5964790160449842e-17
235555_at,2.835860085470588,3.950789593605769,1.1149295081351807,2.2934309632033094e-08,3.2103916014535376e-07
235556_at,5.928600552764706,4.911657534528847,-1.0169430182358594,3.878676706087844e-05,0.0002747492484640733
235561_at,5.273721751000001,3.717428796269231,-1.55629295473077,3.51758175145429e-08,4.760379231654443e-07
235570_at,7.906327742705882,4.5578483495,-3.3484793932058814,1.353358969623447e-13,4.747106632588568e-12
235572_at,4.885778757294118,5.998339230836539,1.1125604735424206,5.477081499708423e-07,5.82489538528032e-06
235575_at,4.144747918352941,6.028319041192309,1.883571122839368,7.190402003839403e-09,1.1014452735547312e-07
235583_at,4.2358544934117655,5.327224712711539,1.0913702192997734,1.7614112153553025e-06,1.680406619871999e-05
235593_at,5.973240394823529,3.2873153671057698,-2.6859250277177593,4.407112121059845e-24,8.410341694242142e-22
235595_at,3.9295504543529405,5.263305034115384,1.3337545797624437,1.622119536432468e-11,4.015132071607604e-10
235605_at,4.073607554529412,5.625361831721154,1.5517542771917423,3.629193472659236e-11,8.504841156902895e-10
235609_at,3.285552745941177,4.297723708836538,1.0121709628953615,9.787726956371663e-05,0.0006298836806412086
235613_at,4.3982328587058825,6.622177472913462,2.2239446142075794,5.082326097512448e-16,2.5612952546272567e-14
235616_at,7.2547522430588245,5.398534964336538,-1.8562172787222861,1.3815254807147625e-08,2.0016532840969212e-07
235623_at,5.780942708294117,7.022250574403846,1.2413078661097288,4.780193543499145e-10,9.154322224934731e-09
235625_at,6.290174230470589,5.28920330251923,-1.000970927951359,0.00036506552034223076,0.0020138377839861144
235629_at,3.306600435,4.736140708961538,1.4295402739615382,5.923236169436464e-07,6.255501294343514e-06
235642_at,5.184287054294117,2.3596417217403842,-2.824645332553733,5.673210331449178e-24,1.05678548355005e-21
235646_at,3.360059229647059,4.585920869701923,1.2258616400548639,2.2381554374364138e-11,5.417130182698095e-10
235651_at,2.9500931878235295,5.00010406260577,2.0500108747822403,1.666087768270633e-06,1.595882841425814e-05
235658_at,5.166743906941177,3.0964960650288456,-2.070247841912331,4.183488075855513e-18,3.0322788272525636e-16
235670_at,6.042911082235294,2.453241339730769,-3.589669742504525,5.834276122198136e-39,3.9803619559181507e-35
235688_s_at,4.426651010882353,5.470833759076923,1.0441827481945696,1.306075531137745e-05,0.00010389782307822035
235692_at,6.882423107352942,4.790588788798077,-2.0918343185548647,1.1236538469096366e-13,3.98750996817172e-12
235693_at,6.137741639647058,8.777697279903846,2.6399556402567876,2.625363874648325e-09,4.394042775664856e-08
235701_at,3.4317219907058822,5.355397900490384,1.9236759097845022,1.6291887621327198e-15,7.658871098056996e-14
235705_at,3.7717697542352946,5.809737874692307,2.0379681204570126,2.042650827060379e-14,8.137652517527623e-13
235706_at,8.096784157235295,4.05824647375,-4.038537683485295,2.665045675804427e-26,6.926453711415705e-24
235708_at,7.330223745529413,2.4565580119711536,-4.8736657335582585,1.669425043383215e-35,2.679869101259191e-32
235716_at,4.480447249882353,6.013632097038462,1.5331848471561091,3.953973582117753e-09,6.401777636855677e-08
235721_at,4.646868091117647,6.013342985692306,1.366474894574659,1.164414041356669e-10,2.492257018164927e-09
235722_at,4.943265051411764,3.9010846535865387,-1.0421803978252253,8.095613942912817e-08,1.018558122153616e-06
235730_at,5.856890844823529,7.002112503519232,1.1452216586957027,2.578800085094266e-05,0.0001908451930093016
235736_at,2.9315262555882353,4.026403122163462,1.0948768665752264,9.575405071379005e-05,0.00061804166673462
235737_at,4.960272423705882,2.433171383038461,-2.5271010406674206,5.342829804496948e-27,1.5677758489227898e-24
235747_at,8.681433508588235,6.56531739635577,-2.116116112232465,1.1855888130351925e-07,1.4392404765713472e-06
235753_at,5.9602491621176465,4.079958616942307,-1.8802905451753391,1.1235290067218265e-11,2.852143705017236e-10
235757_at,3.7513124577058825,6.466928068028845,2.7156156103229625,3.4283741790709083e-18,2.5184015386206074e-16
235759_at,4.534873377882353,2.8146351715096154,-1.7202382063727377,6.430039442697364e-17,3.8354658223276445e-15
235786_at,4.454863935705882,6.653602058000001,2.1987381222941185,5.590220831902232e-10,1.0583026804869647e-08
235789_at,2.507498645823529,3.647673357240384,1.1401747114168552,0.0006284540103725021,0.0032447631664100644
235793_at,4.4987473538235285,3.267590655682692,-1.2311566981408366,6.314895552675018e-12,1.6626178696066077e-10
235798_at,7.428880598647059,3.8969289944807692,-3.53195160416629,5.609716616620456e-22,7.673501835050823e-20
235803_at,4.17347781517647,6.920906738894231,2.7474289237177603,2.363906319707157e-12,6.671129422093947e-11
235814_at,6.974931615470588,5.179417710749998,-1.7955139047205897,2.6638104861692894e-09,4.4488406525285694e-08
235834_at,5.792879322352941,6.994930842403846,1.2020515200509054,1.1864161260649463e-06,1.1731541666547038e-05
235847_at,4.443183870823529,6.302007235990384,1.858823365166855,6.4015660807328806e-12,1.684624277340019e-10
235849_at,8.816600009117646,3.342433201298076,-5.47416680781957,1.4818461093145447e-30,8.007690970324608e-28
235856_at,2.7594384222352946,5.4156162001346155,2.656177777899321,3.1648990793664536e-07,3.5310103608491756e-06
235885_at,6.62029850064706,3.4865274263653845,-3.1337710742816753,6.390931756717247e-17,3.816309237963573e-15
235897_at,3.7901452747647064,2.6923974871153837,-1.0977477876493227,4.0080396552761666e-20,3.99187584571748e-18
235898_at,3.680471219764706,2.4346056405288463,-1.2458655792358595,1.2600062210557196e-08,1.8372930681004573e-07
235902_at,6.158839125117647,7.520741427875,1.3619023027573531,1.1248796376553517e-06,1.1199344353081254e-05
235911_at,5.470535960941176,7.034144479067307,1.5636085181261308,0.00019214712072003977,0.0011412236670848494
235912_at,5.046735989294118,6.4183406285288465,1.3716046392347288,9.294990886386643e-11,2.02196615220445e-09
235924_at,4.731607757941177,6.1147389937980785,1.3831312358569017,3.885692937573055e-05,0.00027510343084680215
235925_at,4.5105952704705885,6.580707568278847,2.070112297808259,7.85453279604237e-11,1.7355973501020103e-09
235926_at,5.484313125411766,7.420138631182692,1.935825505770926,1.9293348287807825e-14,7.725690801175812e-13
235927_at,4.167198964647058,6.898008484336539,2.7308095196894806,1.064580512823404e-28,3.9797082061225044e-26
235938_at,3.031787584,4.949255521990385,1.9174679379903852,3.230105929460413e-11,7.621960723044526e-10
235954_at,5.1989215566470595,6.379997682057692,1.1810761254106321,1.1218372052361309e-10,2.4077370359647183e-09
235955_at,3.5566573960000003,5.998220887817308,2.4415634918173073,7.447285240709653e-15,3.1630691652128223e-13
235956_at,7.536202793764706,6.081942409980769,-1.4542603837839367,2.020599096312401e-05,0.000153617882821611
235959_at,3.908785251294118,5.181315784788462,1.2725305334943444,1.4461257111093612e-14,5.898960776280854e-13
235962_at,4.525298052705883,2.927768954913461,-1.5975290977924215,1.9419581188762796e-16,1.0504472960371503e-14
235976_at,2.6678683569411765,5.208732605105769,2.540864248164593,0.0002413891431715372,0.0013971132603562387
235978_at,11.621736973941177,3.9830139828365385,-7.638722991104638,2.9714922899543197e-25,6.461397517666008e-23
235980_at,5.770668682470588,4.68937728675,-1.081291395720588,5.96097681921613e-10,1.1253689166931759e-08
235984_at,3.1476416273529413,4.4707502046730765,1.3231085773201352,7.174794241147226e-07,7.451819122503795e-06
235985_at,4.695856151764707,5.846922762884616,1.1510666111199095,3.7713593734760195e-10,7.36974662531141e-09
235990_at,4.996577110705882,6.072213825576923,1.0756367148710408,4.01207381332623e-05,0.000283132889394275
236000_s_at,4.670188448764706,7.219003980932693,2.5488155321679873,1.2012449269498307e-15,5.746077727256338e-14
236007_at,6.046308396176471,8.009713440509616,1.963405044333145,3.587593752465967e-14,1.3887041093321986e-12
236022_at,4.845120935529412,6.360904957394231,1.5157840218648193,2.452256818303925e-08,3.4143297164849466e-07
236026_at,3.7560070679999997,4.769321522759615,1.0133144547596151,4.291174575162144e-05,0.00030088388635377016
236037_at,3.373905830823529,5.196538191567308,1.8226323607437793,5.736782472297684e-07,6.076224540181162e-06
236038_at,6.872882003470587,3.1185425281346157,-3.7543394753359713,4.315299006003559e-23,7.051637857744558e-21
236044_at,3.042951144941177,4.34907078535577,1.3061196404145932,0.00010173044906082664,0.0006513016046088983
236075_s_at,7.394081221588236,4.842451015298077,-2.5516302062901586,4.071559902674257e-13,1.3180234948189894e-11
236107_at,3.3580679486470584,4.728610108048077,1.3705421594010185,2.5021620109298142e-08,3.4784895668501863e-07
236114_at,5.297355324000001,7.813252931538461,2.5158976075384603,1.943597752636331e-13,6.6382742015731115e-12
236131_at,5.376749667294117,3.304152339038462,-2.072597328255655,6.809304004431162e-16,3.366349667190655e-14
236132_at,4.553332789294117,2.9441926758269235,-1.6091401134671939,2.5458856919629724e-24,4.980354666008856e-22
236139_at,4.619569376705883,5.945960870326924,1.326391493621041,5.232481864508406e-10,9.961061307394638e-09
236149_at,2.578493812941176,3.988624912278846,1.41013109933767,1.0258578496715872e-08,1.5218889800822386e-07
236153_at,5.494168404647059,6.509795865182692,1.015627460535633,3.157932054820507e-05,0.00022874157082952682
236154_at,5.235185830588235,2.7207007681346154,-2.5144850624536197,1.818337697643641e-26,4.841124546326453e-24
236168_at,5.322071045882353,6.565391670836538,1.243320624954185,4.595926906619903e-05,0.00031986877663403167
236179_at,3.873967911,4.926543470221153,1.0525755592211534,0.001138928355111063,0.005451179606588653
236193_at,3.2836680098235296,4.678291903153847,1.394623893330317,0.004211702237973889,0.016835395960625228
236208_at,4.043437534823529,2.7681105476057692,-1.2753269872177602,4.2678138544758104e-16,2.176944040779769e-14
236210_at,3.462077619117647,4.735757272432693,1.2736796533150456,3.834094742670952e-08,5.147873479956652e-07
236215_at,5.090114720823529,6.2103208477788465,1.1202061269553178,0.000349233037721654,0.0019402269916337696
236225_at,3.041983060352941,4.387833756615385,1.3458506962624441,2.864302598759602e-05,0.00020964298181265967
236229_at,3.6244415811176474,5.980313115019232,2.3558715339015848,3.5707296185857453e-10,7.012841016653163e-09
236237_at,5.202701050999999,7.070732781509615,1.8680317305096157,1.1118812571108118e-05,8.985100256418567e-05
236251_at,6.048045893352941,7.618758293451924,1.5707124000989827,1.8126870669700991e-10,3.760343877923262e-09
236254_at,7.229012417941177,8.32556643026923,1.0965540123280535,9.778698242702113e-07,9.86345539435296e-06
236256_at,3.0530522492941174,4.423275564576922,1.370223315282805,0.015171114207840224,0.04889714434567802
236262_at,7.1371114957058825,5.2372005891826925,-1.89991090652319,1.1553690435050508e-09,2.0580576705438047e-08
236274_at,5.426246188,6.650127873951922,1.2238816859519215,2.761968222571379e-10,5.5584610479249006e-09
236278_at,4.301985824941177,5.906729172394231,1.604743347453054,7.009766490687693e-07,7.29847472902029e-06
236279_at,2.882910303529412,4.400037674538462,1.5171273710090496,6.268794909691494e-10,1.1777781665268573e-08
236285_at,2.9322135765294113,4.4952742543076925,1.5630606777782812,0.0028035521440393776,0.011909641381501026
236291_at,6.021856124235294,4.183776310682692,-1.8380798135526017,2.7817975531859694e-17,1.7654387052946167e-15
236293_at,3.6491507798235294,5.867951831096154,2.218801051272625,4.555345938185862e-06,3.984394646798816e-05
236300_at,3.4936143558823534,2.414292124663462,-1.0793222312188915,3.2355254447797884e-13,1.0650889218976844e-11
236313_at,7.611422071705882,4.533026062096154,-3.078396009609728,2.6905827732372293e-12,7.519166266283397e-11
236317_at,3.644933402,4.792692577548077,1.1477591755480767,7.376886449631899e-05,0.0004885609580566186
236322_at,3.086229041647059,4.090689581192308,1.0044605395452488,0.0031546317324041397,0.013173108638944208
236325_at,4.156210300764706,2.767595449884615,-1.3886148508800913,2.7780451235441264e-16,1.4692143875766945e-14
236327_at,4.649463709,5.906570086471154,1.2571063774711542,2.7638044448460747e-07,3.1172904070108266e-06
236335_at,5.533450557176471,4.457738533759615,-1.0757120234168562,0.0017603052931389638,0.007957238909576902
236346_at,5.997787080882353,8.137153166134615,2.139366085252262,1.4983034627893357e-15,7.074040198579511e-14
236353_at,3.104975481705882,4.390278934548077,1.2853034528421947,4.679536650396275e-05,0.00032510747306769135
236359_at,5.166096452470589,3.2184519794326927,-1.947644473037896,7.413396336244914e-15,3.153669202150516e-13
236361_at,4.600106562176471,2.532743850076923,-2.067362712099548,2.848980492301526e-16,1.5052711160631654e-14
236379_at,5.223127937352942,6.275892911048077,1.052764973695135,9.627615595665994e-05,0.0006208975913929509
236383_at,5.300228789176471,2.4940809981730774,-2.806147791003393,3.426598511177626e-36,6.679297147912987e-33
236390_at,4.059842902705883,5.3337909363557685,1.2739480336498854,1.2514356635823595e-07,1.5087719700168234e-06
236402_at,3.951638315058824,2.843953566269231,-1.1076847487895929,1.8685955479267595e-08,2.6523990958696514e-07
236408_at,2.726472583235294,3.937431834951923,1.2109592517166288,8.728068363857297e-10,1.593741195152116e-08
236417_at,5.133973031058823,6.458064842701924,1.3240918116431004,5.704000295021278e-09,8.89481806005618e-08
236427_at,4.364855699941177,5.650590204759615,1.2857345048184374,0.00017456618683044778,0.0010506890065084924
236428_at,3.4440007057058826,5.48951864385577,2.0455179381498874,3.7964613157828e-10,7.416143956839994e-09
236429_at,3.8041421657647057,4.833407469615385,1.0292653038506794,6.109925737267135e-07,6.441445563343692e-06
236431_at,4.314001561235294,5.601963839548078,1.2879622783127838,1.2655756196407635e-09,2.2353997328276127e-08
236448_at,2.340564155117647,3.4982905921057696,1.1577264369881228,0.011241202043332565,0.0383650304103957
236453_at,4.841896378941176,3.5918401490096152,-1.2500562299315612,2.9393362985522103e-08,4.038923359483411e-07
236462_at,2.5924666664117644,4.159957724259616,1.5674910578478518,1.1917961097696498e-08,1.743888468501815e-07
236472_at,5.540217878588235,6.727600374375,1.187382495786765,1.593717919512564e-07,1.8795058411641362e-06
236474_at,3.2458119715882354,4.530029347278846,1.284217375690611,1.2966344905436469e-06,1.2696270875382437e-05
236475_at,2.7810381771764705,4.008844983413462,1.2278068062369911,9.692625706826822e-07,9.789300859602167e-06
236484_at,5.270057489941177,6.671447049740385,1.4013895597992079,1.8020032771995596e-11,4.424270664249877e-10
236496_at,3.854172646058824,5.7607611597980775,1.9065885137392535,7.964631999396122e-06,6.616463468722084e-05
236524_at,4.198623828705883,6.5159547301538465,2.3173309014479635,1.8653021379948197e-16,1.0144355930409524e-14
236534_at,2.798727233647059,5.4024141634519225,2.6036869298048635,3.4061715482338e-09,5.571034969465165e-08
236561_at,4.838514329058823,5.979434204317308,1.1409198752584855,0.000469724892863388,0.0025206090775332667
236565_s_at,8.881525409117646,5.379751971192307,-3.5017734379253396,2.7237598296447625e-12,7.604096559702378e-11
236592_at,5.479639761882353,6.922209321625001,1.4425695597426476,7.071286350354345e-10,1.317214121897576e-08
236600_at,5.885060523411765,3.9004971337596155,-1.9845633896521493,3.288534867633629e-16,1.7159172518219488e-14
236603_at,3.575524615705882,2.381705027615385,-1.1938195880904972,3.358945546689642e-17,2.107217114859471e-15
236607_at,3.3142675139999995,4.803154127115385,1.4888866131153855,9.635601210423105e-12,2.4701807349163114e-10
236613_at,5.607328949882353,6.60754748114423,1.0002185312618765,4.488960074653344e-06,3.934728368090007e-05
236616_at,3.5173116891176472,5.3257691498269235,1.8084574607092763,2.2914458130093906e-10,4.6700829360806395e-09
236617_at,4.590266075235294,5.984988218384615,1.3947221431493206,8.455826002919929e-05,0.0005516501642521716
236644_at,4.212151815941176,2.3621031511153845,-1.8500486648257919,3.101146314400545e-26,7.983842674229593e-24
236655_at,3.8994241544705877,6.514045577134615,2.6146214226640274,2.5931798455384374e-12,7.261834930202277e-11
236656_s_at,7.434450595529412,4.825624833269231,-2.6088257622601807,2.4875423731418403e-09,4.182611681568346e-08
236657_at,4.230398525294118,2.5000584072307697,-1.730340118063348,3.667573985326715e-20,3.672890285232051e-18
236659_x_at,2.8958146101764703,4.275585289778846,1.3797706796023754,1.8365198026493937e-10,3.799674537862065e-09
236660_at,4.06983328882353,2.526746187798077,-1.5430871010254528,7.962156214853933e-19,6.594332686654215e-17
236696_at,3.3330761488235296,4.949317693653847,1.6162415448303173,2.4070920229093803e-13,8.099671733561719e-12
236700_at,2.748787316882353,4.4893556791249996,1.7405683622426467,7.86170122865907e-10,1.4505875299492339e-08
236704_at,6.590159464,5.10234136725,-1.4878180967499999,1.1979738597088565e-07,1.4523370788327338e-06
236725_at,3.5781100074117647,4.855469935692307,1.2773599282805423,8.939351871064594e-07,9.097536561082126e-06
236728_at,4.878212815352941,3.2851824281153856,-1.5930303872375555,1.8948850896802286e-12,5.434626027832748e-11
236742_at,4.038088263823529,5.420072314846154,1.3819840510226244,1.3233499461144754e-11,3.3315090732925254e-10
236752_at,5.868871273999999,7.966347225057693,2.097475951057694,7.34170027978231e-14,2.7075640345505802e-12
236766_at,3.9312748969411766,5.357517933423077,1.4262430364819005,1.0306200550314302e-07,1.2686110054930183e-06
236772_s_at,5.942057389470588,4.128658488471154,-1.8133989009994345,1.88736969567154e-14,7.579893349525901e-13
236798_at,6.810375654764705,5.077997892586539,-1.7323777621781664,1.0407667621183921e-07,1.2799461268512781e-06
236814_at,8.722662669294117,9.85628038823077,1.1336177189366534,1.069952808131483e-09,1.9177981712646374e-08
236816_at,4.5647928307058825,6.142744005788462,1.5779511750825792,1.3420604568171369e-11,3.3708383650539583e-10
236831_at,5.305190475235294,4.0377664262115385,-1.2674240490237558,2.369285655657051e-08,3.3089365864919697e-07
236841_at,5.732186530058823,7.314211772471153,1.58202524241233,3.0659144225510947e-15,1.3840739724434755e-13
236862_at,3.5902651061176467,4.893526840644231,1.3032617345265844,1.4857655712420429e-05,0.00011686352372506047
236869_at,3.4019686982941177,4.541917373144231,1.139948674850113,3.7948616207262335e-07,4.1634240261495195e-06
236883_at,4.839816909529412,5.949618673817308,1.1098017642878961,3.174628963359883e-05,0.00022979850688490593
236885_at,4.997839482705882,6.377826531605769,1.3799870488998867,2.5535198634294804e-06,2.3538010576949436e-05
236901_at,3.8825560520588236,2.6037472189903847,-1.2788088330684388,2.899636660837746e-12,8.049810239667514e-11
236907_at,5.3448426022352935,6.85956000514423,1.5147174029089365,6.919175166915513e-08,8.819282144677295e-07
236918_s_at,4.491003785294118,2.5242934593942303,-1.9667103258998875,1.550487227967204e-16,8.635106368900205e-15
236922_at,4.524218118,3.159981632221154,-1.3642364857788465,4.2346061954894135e-11,9.79324455693291e-10
236923_x_at,8.52008342952941,6.475688056096154,-2.0443953734332565,5.753570863766402e-19,4.8535416410124646e-17
236924_at,3.3426325233529415,5.162925440278846,1.8202929169259043,9.818080890409516e-12,2.5122411482309467e-10
236927_at,3.432299878117647,2.3683731914615382,-1.0639266866561088,1.6905222117911238e-30,8.95796231042211e-28
236931_at,4.44213507282353,5.504217483721154,1.0620824108976246,1.4410058356960837e-07,1.717969801364276e-06
236934_at,3.1013816345882352,5.137937110673077,2.0365554760848417,1.1431764604840777e-05,9.201213395776505e-05
236936_at,5.068517323470587,2.420232805701923,-2.6482845177686642,3.98724316032016e-30,1.996511416946e-27
236949_at,3.4237080455882354,5.4627269429038465,2.039018897315611,2.7874584882228307e-07,3.1426708702481696e-06
236966_at,5.464036107058823,6.8439216221057695,1.3798855150469462,2.799055441288563e-10,5.622732680533253e-09
236978_at,5.004096128176471,6.316330357307692,1.3122342291312208,8.290245428797337e-13,2.5249626409505017e-11
236989_at,4.620089566529411,3.5861801622115386,-1.0339094043178725,4.0986258943244085e-09,6.604632497382105e-08
237001_at,4.080137270117648,5.814154145365384,1.734016875247736,2.925099129076438e-11,6.944279485248496e-10
237005_at,4.418584346647059,5.459229517778847,1.0406451711317883,1.0319903983735235e-05,8.390437055389325e-05
237017_s_at,5.389763082941177,2.392683418932692,-2.997079664008485,2.5276449632118813e-32,1.9993671659005979e-29
237031_at,4.7881495582941165,3.0977256967115383,-1.6904238615825782,2.425155167021959e-12,6.826330266162532e-11
237052_x_at,4.314764069882353,3.306486640471154,-1.0082774294111987,1.3635257183564148e-09,2.3952323843635262e-08
237054_at,2.856218128294118,4.2663327480576925,1.4101146197635743,0.0003330337791562097,0.001861026992174339
237062_at,5.968848193058823,7.436132156019231,1.4672839629604084,8.598909372807426e-08,1.0759281858286485e-06
237064_x_at,4.301485710705882,5.765737502298077,1.4642517915921944,4.641609935429886e-09,7.385843401336086e-08
237086_at,2.927996518117647,6.734399668201923,3.806403150084276,8.001060290427082e-10,1.4748053684269493e-08
237106_at,4.109442358352941,5.234919065442308,1.1254767070893674,5.583575597338463e-12,1.4836707523229602e-10
237107_at,3.2362093858823524,4.9703465967692315,1.734137210886879,6.1502686265435346e-12,1.622404598202608e-10
237154_at,8.311607233470589,2.8026768715865384,-5.508930361884051,3.6633856104437246e-32,2.816111594822649e-29
237159_x_at,3.660739393411765,4.736989016067308,1.076249622655543,6.917601180827342e-06,5.8304409828120994e-05
237180_at,5.966683472294116,7.36726452925,1.4005810569558834,2.978969149144631e-11,7.066021607612552e-10
237194_at,2.6627283575882355,3.6897925991153846,1.0270642415271491,4.238852261055488e-05,0.0002975975270853454
237216_at,4.635158049764706,5.987203405442307,1.3520453556776015,8.922537654077813e-10,1.6249021775839605e-08
237239_at,6.32721028435294,7.797948293682692,1.470738009329752,7.292034342009029e-13,2.2472724017646008e-11
237248_at,6.1768409589411775,2.514996284644231,-3.6618446742969466,1.9400554258422497e-31,1.2170837366326913e-28
237310_at,4.756536038294118,6.146853218163462,1.3903171798693439,1.2485233605514773e-07,1.5059261103986538e-06
237326_at,3.5727810101764703,2.347004980576923,-1.2257760295995475,3.0227915425307814e-18,2.2538119916788285e-16
237333_at,5.049832599882353,6.064684481394232,1.0148518815118788,4.738230192595234e-06,4.1324363324010105e-05
237339_at,5.413305945352941,8.095275358519231,2.68196941316629,0.000995776017935678,0.004849510063613043
237351_at,6.529213914705883,2.3725591827211536,-4.156654731984729,3.027006058279021e-42,1.652109636548107e-37
237377_at,3.244834494117647,5.048600884125,1.8037663900073535,9.745593488420168e-06,7.965030652957238e-05
237383_at,4.789010391882353,6.241597897086537,1.4525875052041846,4.262235371607228e-10,8.23755468650676e-09
237388_at,3.9220254761764703,4.963893911730769,1.0418684355542984,1.691414333915263e-07,1.9855581964887648e-06
237390_at,5.712298206647058,2.3428245134711534,-3.369473693175905,1.1100377041141074e-25,2.611411545381201e-23
237395_at,3.780671156588235,5.749339585355769,1.968668428767534,0.007398571348065486,0.02707023031481304
237400_at,5.323154278764707,3.907537705163461,-1.415616573601246,2.4334911259207376e-09,4.100571539414262e-08
237413_at,4.324901647882353,2.3527835610384615,-1.9721180868438912,5.324377292873121e-27,1.5677758489227898e-24
237441_at,3.6088398994117643,4.689544458990384,1.0807045595786198,4.0640362520692146e-05,0.00028642953848358166
237444_at,4.398289511647058,3.292352790028846,-1.105936721618212,3.267505495222129e-07,3.63360192387385e-06
237452_at,3.5249520158235295,4.78183820514423,1.2568861893207006,1.0946745005317422e-05,8.853918133450201e-05
237456_at,4.898534681882353,6.357097470923076,1.4585627890407231,5.454312075093722e-07,5.801810538813881e-06
237459_at,3.8087003326470588,4.992310239826924,1.1836099071798656,3.29381662720307e-05,0.00023754389230459352
237465_at,5.963837552764706,4.769875765423077,-1.193961787341629,2.845095482740738e-06,2.596262604121497e-05
237483_at,5.2419219382941185,6.8896602945192305,1.647738356225112,9.001017750875891e-07,9.15176132311951e-06
237515_at,5.0492078410588235,2.9686115037884617,-2.0805963372703618,2.481433753906276e-17,1.582174916523956e-15
237560_at,4.430553576294117,5.708158293038462,1.277604716744345,3.7566034524434406e-08,5.052529813477342e-07
237591_at,3.9142736554117645,5.334957012903846,1.4206833574920816,0.0003641224392930703,0.002009244627861337
237594_at,3.820808956352941,6.247333926788461,2.4265249704355205,6.252488176353017e-13,1.955613479525337e-11
237600_at,3.723793046411765,5.998245809423078,2.274452763011313,7.831018282058682e-22,1.045010138915601e-19
237626_at,4.887262258588235,6.396097291557693,1.5088350329694578,8.291086419002019e-10,1.5215844171577375e-08
237654_at,4.699825833882352,3.2076804984807694,-1.4921453354015828,1.8233346383739533e-07,2.128224577155945e-06
237719_x_at,3.4656874357647056,2.4153380231346153,-1.0503494126300903,3.1833713578324494e-11,7.518183701390622e-10
237764_at,4.305022109882352,2.866258931298077,-1.4387631785842752,1.6951188864015609e-18,1.321684195727297e-16
237768_x_at,8.123032833411765,9.491448544903847,1.3684157114920819,1.264167570074647e-10,2.6888932894428746e-09
237849_at,5.1949567730588235,3.8553957680192306,-1.339561005039593,3.299618719170141e-05,0.00023793088925034634
237864_at,3.508425033,4.566533026855769,1.058107993855769,2.1431391268539335e-07,2.471379471890151e-06
237881_at,4.2902844928823525,6.901648394788461,2.611363901906109,1.6205002218965102e-07,1.9077929596826926e-06
237895_at,3.651886416470588,4.933666277076923,1.2817798606063349,5.759552696564055e-08,7.447302218094518e-07
237943_at,3.5751440620588233,5.204172259019231,1.6290281969604075,5.2734344965652775e-14,1.9891701262229225e-12
237981_at,3.247835550588235,4.407388056115384,1.1595525055271496,0.0001258961200794456,0.0007866381611695547
238000_at,3.0114366162941177,4.482838514192308,1.4714018978981906,1.4364203967366955e-08,2.0740314506214844e-07
238003_at,7.356385790117647,2.7176631389903845,-4.638722651127263,4.990620385182801e-35,7.361704594672759e-32
238009_at,5.969167073588235,2.7289639423076926,-3.240203131280542,1.4155190219863363e-20,1.5178312907857024e-18
238012_at,3.5608390469411764,5.111435692201923,1.5505966452607463,2.3649941368759613e-08,3.305480537683818e-07
238018_at,3.8729434815294126,2.8660275237596156,-1.006915957769797,0.005626536923100158,0.02150043819406872
238021_s_at,9.809388313411763,10.937104207605769,1.1277158941940062,0.00012571468473161914,0.000785684390011112
238028_at,2.8469638559411767,3.867018663913461,1.0200548079722842,2.7621469604552526e-06,2.5277535035997188e-05
238034_at,7.248165008823529,5.925471383211539,-1.3226936256119899,2.4544409353674102e-09,4.130771872075791e-08
238036_at,4.006552607764706,2.866348583009615,-1.140204024755091,2.746266235244241e-16,1.4538163419340004e-14
238044_at,4.061862725411764,5.142442813826923,1.080580088415159,8.558940502429532e-07,8.744635224299915e-06
238062_at,5.227430030882353,2.4384513608653844,-2.7889786700169683,4.0897703752213225e-32,3.016426720394656e-29
238066_at,8.758798978529413,5.368173777951923,-3.3906252005774897,4.007757669492972e-12,1.0887974407329863e-10
238070_at,3.397022987470588,5.0571387605,1.6601157730294118,1.4304481886802001e-11,3.574745040749846e-10
238081_at,4.049320615470588,2.5416402266057694,-1.5076803888648187,2.8767279469501747e-21,3.5046637191203926e-19
238091_at,3.3907947036470585,2.3650133330384615,-1.025781370608597,2.593489647845682e-13,8.678729091953984e-12
238130_at,3.9237328590000002,5.757738322153846,1.8340054631538454,1.5219237724393903e-12,4.4277759901902707e-11
238134_at,2.8666678240588235,4.671747805192308,1.8050799811334848,1.8227312489008676e-08,2.592049214011476e-07
238142_at,4.241619422470588,6.879357955557693,2.637738533087105,2.6914907189813165e-22,3.8759596820918543e-20
238151_at,5.909596613,3.080783645923077,-2.8288129670769226,9.875817548540337e-26,2.353765266295996e-23
238156_at,5.201442152411765,7.061273589865385,1.8598314374536198,1.414521509404172e-09,2.4792283064152312e-08
238161_at,3.7080767484117647,4.9862206927884625,1.2781439443766978,3.7801461164623834e-13,1.2324766719856656e-11
238178_at,4.523728847235295,2.593850904817308,-1.9298779424179866,6.934703403634466e-22,9.345411779431248e-20
238191_at,6.36801452517647,5.354054826586538,-1.0139596985899315,0.00038592098102444375,0.002115626880607987
238196_at,3.5598226690588235,2.4558464835288456,-1.103976185529978,4.0815052551837755e-09,6.58287456627291e-08
238295_at,5.863999651294117,7.682518191923078,1.8185185406289612,2.859246433018929e-10,5.728884400430989e-09
238299_at,3.4071432071764707,5.289298362528846,1.882155155352375,6.888018782833904e-18,4.8259457913772995e-16
238303_at,5.662935529941176,7.035196368576924,1.3722608386357473,2.222644057598446e-09,3.766212046559006e-08
238350_at,5.251150611411765,6.400009223817308,1.1488586124055429,7.07747750281011e-08,9.000038318403379e-07
238356_at,4.919228477529412,3.0694230713653847,-1.8498054061640272,1.6408404979672026e-12,4.763586890348507e-11
238412_at,4.396053752176471,5.911959487990385,1.5159057358139147,4.079431154172701e-11,9.458422810687843e-10
238419_at,6.956659431941176,4.572743499413462,-2.3839159325277146,3.842784447726819e-09,6.238409648199943e-08
238440_at,5.192253081588236,3.876657863769231,-1.3155952178190047,3.6875992026996033e-09,6.006131807942157e-08
238444_at,4.693861537529411,6.524220436134614,1.830358898605203,6.71748043794315e-11,1.5044454855252326e-09
238447_at,10.13161038482353,7.667656438211537,-2.4639539466119924,3.679647709083394e-08,4.957578185980315e-07
238458_at,5.848627593941176,2.879537324798077,-2.969090269143099,2.1850585642962114e-22,3.205868585503304e-20
238465_at,6.211939945235294,5.035263984548077,-1.1766759606872164,0.0002845604789325936,0.001618995765627231
238481_at,3.966061551294117,6.781269091394231,2.815207540100114,1.795670813379943e-06,1.710997159976674e-05
238488_at,4.452192283294117,2.720156063721154,-1.7320362195729633,2.59844033984573e-22,3.7618110161389946e-20
238504_at,8.585872137058823,6.503082166153846,-2.082789970904977,8.837480983287631e-14,3.207053687412604e-12
238513_at,4.008204072882354,6.428872578125,2.420668505242646,5.96275533755421e-13,1.8757419225842723e-11
238520_at,4.186251794352941,5.401658196153846,1.2154064018009052,0.00020884509807852505,0.0012292199512593356
238544_at,4.3986525996470585,5.515874471153846,1.1172218715067874,0.00041650521033024835,0.0022659926111059233
238549_at,5.464320000117646,7.925956401980769,2.4616364018631227,9.222635025938262e-23,1.4259552325231852e-20
238554_at,5.608353910117647,4.362681545740385,-1.2456723643772625,2.5725150955337837e-11,6.171661599962127e-10
238563_at,5.351373839941176,6.498176795865385,1.1468029559242092,1.955045783186871e-08,2.767231426362973e-07
238574_at,4.30938140417647,3.0528761139134613,-1.256505290263009,6.265950091186705e-10,1.177649070340493e-08
238577_s_at,6.041104883647059,3.774388580769231,-2.2667163028778283,1.3269063502839123e-11,3.3386028381812315e-10
238583_at,3.484188598,2.3468948953653848,-1.137293702634615,1.599295780823897e-17,1.0554771997773577e-15
238584_at,3.784348644529411,5.651329777336538,1.8669811328071266,1.737584617295937e-05,0.0001345377086500141
238589_s_at,3.2944741033529414,4.3964298269326925,1.101955723579751,1.063755490514956e-11,2.706699809641761e-10
238593_at,3.2757506549411763,6.849491771288462,3.5737411163472856,9.451929412929657e-22,1.2430767600681634e-19
238610_s_at,4.229855749294117,5.471316644201922,1.2414608949078048,1.0054075720986235e-06,1.011877925088895e-05
238611_at,4.777687928764705,5.961920535163461,1.1842326063987558,1.2579405389399886e-06,1.2357296017783592e-05
238613_at,6.389276121470589,3.5204864024423084,-2.8687897190282805,1.0103791118155865e-27,3.362529362425786e-25
238617_at,2.8782102762352944,4.865857205769231,1.9876469295339367,7.628024158898319e-10,1.4112879002322419e-08
238619_at,5.168053908411764,6.206998897432692,1.0389449890209281,2.4998770254953732e-05,0.00018560847255409056
238620_at,3.1417115548235293,4.5091097596634615,1.3673982048399322,1.242511863443561e-05,9.928997803057998e-05
238623_at,4.577411475588234,6.1592847229230765,1.5818732473348422,6.504830572721762e-05,0.0004363120902403601
238625_at,2.659145333882353,3.735010304740385,1.075864970858032,0.012332060131090035,0.041400143982448304
238635_at,3.1879755767647056,4.528129631096154,1.3401540543314483,2.8084259104434566e-10,5.637406317252424e-09
238642_at,5.845007923588235,8.56654110901923,2.721533185430995,5.537450827963673e-17,3.3432359373830674e-15
238647_at,5.550711556705883,4.042646662644231,-1.5080648940616523,5.6388009637749456e-09,8.80068967120025e-08
238651_at,5.150208729058824,6.9725825289807695,1.8223737999219454,5.0334054952047087e-17,3.066051769227431e-15
238653_at,6.906011906882354,7.995583166528847,1.089571259646493,1.842217782100173e-06,1.7489372817750102e-05
238666_at,4.528202033058824,5.652498817384616,1.1242967843257912,0.0002822059443577218,0.0016071074955238
238672_at,5.214869492411765,7.010561073567308,1.795691581155543,4.761896227591075e-17,2.916942022510587e-15
238673_at,4.899246317764706,6.842128169798078,1.9428818520333717,1.2252454330539342e-07,1.4817786503578701e-06
238681_at,4.331597120705882,5.513315545221155,1.1817184245152728,0.0012602978226706628,0.0059658104825275025
238688_at,3.9821397007058827,5.605152707249999,1.6230130065441166,6.234269558318892e-09,9.658251439781062e-08
238694_at,4.3129333723529415,5.338635195557692,1.0257018232047503,0.0004925326996894695,0.002630841868893282
238706_at,4.340353392176471,5.829775552817309,1.4894221606408378,1.0063929965968216e-09,1.8151990535775917e-08
238709_at,3.9865896391764704,5.032349661211539,1.0457600220350685,0.0009083183130063801,0.00447711597630048
238712_at,4.513277109882353,6.957737834875,2.4444607249926467,4.533005477870776e-12,1.2181951274366513e-10
238714_at,5.117543397470588,6.658126414490384,1.5405830170197952,8.890460157442211e-10,1.620141652531013e-08
238715_at,4.8448701859411765,6.434991286769231,1.5901211008280542,7.798965882483421e-10,1.4404729573606181e-08
238717_at,3.488371743941176,4.491330929634615,1.002959185693439,6.099877960144869e-05,0.0004123423819503924
238718_at,5.435679942411765,3.0433118483365384,-2.3923680940752265,2.1472990240288965e-11,5.206460836626972e-10
238722_x_at,5.643758847235294,6.834850767557692,1.191091920322398,6.360110818958585e-08,8.158131336966877e-07
238725_at,5.775872563470588,6.833703439057692,1.0578308755871042,0.00269162775007326,0.011497718632797091
238735_at,4.076777906235294,5.537692851153846,1.4609149449185521,8.77932296130905e-09,1.3189283454590877e-07
238752_at,6.2535471472352935,2.5212496662403847,-3.7322974809949088,2.9965475907117404e-27,9.240032257257406e-25
238755_at,3.067546749764706,4.642408644855769,1.5748618950910633,0.0025506608646481636,0.010970253690435944
238756_at,5.919808371352941,6.96195912625,1.042150754897059,0.0010185817467461282,0.004949094022581406
238760_at,4.161058094588235,5.271118827057692,1.1100607324694574,1.1291943210139807e-06,1.124025111191356e-05
238774_at,4.111159664470589,5.864700015903845,1.7535403514332568,6.022080675791844e-09,9.350757928991267e-08
238780_s_at,4.737303518470589,3.484147881346154,-1.253155637124435,2.2715364538647025e-07,2.604583783938689e-06
238783_at,4.089590404235294,5.448707510403846,1.3591171061685516,6.308394142817319e-13,1.9697130659086182e-11
238787_at,4.8239757049411764,6.921117675019231,2.097141970078055,8.67000643252288e-10,1.5841991331793315e-08
238797_at,2.8741560217647057,3.917823721048076,1.0436676992833704,2.708944535407878e-07,3.06237538935432e-06
238805_at,5.6781029872941176,6.8920041995,1.213901212205882,0.0009031035510106578,0.00445302093329214
238807_at,3.63757067017647,5.447213828230769,1.8096431580542989,8.777353447478045e-13,2.657011501996141e-11
238812_at,4.851933912941177,6.16686197251923,1.3149280595780537,4.166276450892739e-12,1.1273733386875299e-10
238835_at,4.6936059816470594,2.972130656182692,-1.7214753254643673,2.213878861530118e-23,3.7878148709546175e-21
238851_at,4.751214023352941,6.108397015673077,1.3571829923201362,8.698518806183623e-09,1.3082294238707522e-07
238852_at,5.472612990411765,4.472299645163461,-1.000313345248304,0.0002872947658618092,0.0016325102577794568
238875_at,4.755266820411765,5.834182471490385,1.0789156510786198,1.029352724528036e-06,1.0333095889647909e-05
238880_at,5.030923088647059,6.915145454586538,1.884222365939479,3.5387096033529887e-13,1.1613904476332095e-11
238883_at,5.573835472588236,7.415893255971154,1.8420577833829181,9.552094744115668e-09,1.425215360959784e-07
238884_at,5.779743914588236,7.465767162028846,1.6860232474406098,2.0912657063306945e-10,4.287723177529038e-09
238886_at,4.222711859823528,5.302238641211539,1.0795267813880107,1.7484415191373777e-06,1.668616710491326e-05
238902_at,5.05926028882353,6.726142580711539,1.666882291888009,9.250859814798364e-10,1.6796496268525614e-08
238908_at,5.182451027294118,6.565407376567308,1.38295634927319,1.846977602619938e-10,3.8184163095982425e-09
238909_at,6.146137133588235,4.143720103942308,-2.002417029645927,8.480045465275913e-14,3.0876077481607343e-12
238913_at,3.8346483912352944,4.876269623836539,1.0416212326012442,8.394816228772981e-10,1.5390684412166626e-08
238919_at,6.076365717352941,2.4917955450480767,-3.584570172304864,9.239604570953437e-32,6.149858266805702e-29
238964_at,6.18545476282353,4.554852966769231,-1.6306017960542984,3.0565244466172515e-05,0.00022207407850362483
238969_at,5.545097555647058,2.4129000564519227,-3.1321974991951356,6.140965685504272e-32,4.2426299512549074e-29
238970_at,4.045242087588235,5.800061439451923,1.7548193518636879,2.0124902422591028e-19,1.803607634355658e-17
238982_at,2.798799012823529,4.134720838961538,1.335921826138009,3.8571583050617455e-12,1.0515476679918331e-10
238983_at,2.8651311466470593,4.013019790057692,1.1478886434106328,3.9705977115548175e-05,0.000280423463378559
238988_at,3.8450380098235293,4.853785905423076,1.008747895599547,1.3701462966559697e-06,1.3348684047563596e-05
238994_at,4.560910818999999,5.651108367769231,1.0901975487692317,2.3313538959906427e-07,2.6675673855193564e-06
238999_at,3.058547146058824,4.0958424246538465,1.0372952785950225,1.1876212614073428e-05,9.530830881686717e-05
239002_at,3.161734013176471,4.9483127966538465,1.7865787834773754,1.529980444183385e-06,1.4743079566222628e-05
239005_at,4.819634703352941,6.983670824625,2.1640361212720594,1.9782460404943669e-07,2.29285815765857e-06
239006_at,4.171662813058823,3.066622605076923,-1.1050402079819004,0.0019254562011735798,0.00859908960018434
239014_at,3.187101111705882,4.464540834663461,1.2774397229575793,6.539454582505603e-07,6.849297479535086e-06
239049_at,4.336937159529411,5.887169445413461,1.55023228588405,2.2205788531343906e-07,2.5520525000046724e-06
239065_at,3.5692658248823528,4.617323410298076,1.0480575854157235,4.186977533170631e-05,0.00029425836567463287
239070_at,4.0655664108235285,5.167037370067307,1.1014709592437786,3.143404390071032e-08,4.2912423263053235e-07
239071_at,4.885668885705883,7.140951683461538,2.2552827977556555,2.8149576604364595e-23,4.756581243001905e-21
239082_at,4.445676330823529,5.9306984809134615,1.4850221500899323,5.7625239282390215e-06,4.944392288623763e-05
239091_at,4.013362962882352,6.145110723009615,2.1317477601272623,2.3372739756705168e-12,6.599383151480659e-11
239093_at,3.9008396193529413,2.374774753759615,-1.5260648655933262,2.011833603717654e-19,1.803607634355658e-17
239096_at,6.153755648411765,7.368433081951922,1.2146774335401576,4.667620963397443e-09,7.4250680431731e-08
239118_at,3.469832223,2.3965162172980765,-1.0733160057019235,1.8833410122964117e-17,1.2280868471938573e-15
239121_at,4.076210706470588,5.507276089028846,1.4310653825582573,1.2888329449879796e-09,2.2735363058984792e-08
239131_at,3.883065554647059,5.556805133701923,1.673739579054864,6.061755194737086e-09,9.404335894643417e-08
239146_at,3.8753508975294118,2.5991834303173076,-1.2761674672121042,4.046974638057265e-17,2.521459232540268e-15
239148_at,3.345256864588235,5.36775586576923,2.0224990011809956,1.1267767019561263e-12,3.3423013921773595e-11
239153_at,2.353165519352941,3.9595801076250003,1.6064145882720595,7.403909804361698e-05,0.0004901127874011608
239155_at,2.8152244026470585,5.5633279244134615,2.748103521766403,4.777799292300453e-09,7.582655061775703e-08
239161_at,4.6534018001176465,3.390870163048077,-1.2625316370695696,1.2152131905095442e-12,3.585141660801103e-11
239166_at,4.006620472235294,5.345620193932693,1.338999721697399,5.490083154295726e-13,1.7421119097575953e-11
239175_at,3.741267226294118,5.5050615549615385,1.7637943286674207,1.7430855218857266e-16,9.561393437085534e-15
239179_at,4.377221871352941,6.245664133807693,1.8684422624547512,2.4820824799693384e-14,9.802429788295695e-13
239183_at,4.288232956999999,2.3217609414230767,-1.9664720155769224,3.45525434225618e-33,2.946630105406251e-30
239185_at,6.266114452176471,4.081469394048077,-2.1846450581283943,1.1663513899323662e-18,9.389128688955549e-17
239220_at,6.661582836294118,3.0516966676153845,-3.609886168678733,1.5781492806874524e-35,2.61011544214062e-32
239223_s_at,3.2376595170588236,4.258613706865384,1.0209541898065608,0.0017185325822333688,0.007788407357445407
239227_at,5.208995991294118,6.635127911884616,1.4261319205904979,4.990142935910869e-09,7.876142605525717e-08
239231_at,3.623615831764706,4.728646435192308,1.1050306034276023,2.3395794522073064e-05,0.0001750883133443337
239232_at,3.565326887058824,4.83702882576923,1.271701938710406,5.910875449415335e-08,7.623101870360103e-07
239234_at,4.067381130411765,5.7589356225096155,1.6915544920978505,2.555294461411608e-16,1.357038765910975e-14
239238_at,3.6595603440000004,6.361377780076922,2.701817436076922,8.650719272495849e-22,1.1459893377998809e-19
239243_at,3.1070764617058826,5.112133539278846,2.005057077572963,5.970732572306666e-15,2.576099708015221e-13
239246_at,4.375561506647059,7.2881191408942305,2.9125576342471717,1.911116299380948e-15,8.847058227643152e-14
239262_at,8.723894944588235,3.7374618727307696,-4.986433071857466,9.672435609333217e-27,2.66622153091817e-24
239264_at,5.334962483411765,6.832075376528845,1.4971128931170803,1.8576164968385356e-11,4.5464955507152663e-10
239265_at,4.333591418823529,2.5917576585192306,-1.7418337603042984,6.39672033451498e-16,3.188370768378932e-14
239272_at,6.419768950411766,2.8675586298461537,-3.552210320565612,1.5188261478336003e-27,4.963833073210184e-25
239273_s_at,5.863596703470588,2.488614465663462,-3.3749822378071257,3.072152197516271e-37,9.315277488235586e-34
239278_at,3.2726360001764703,5.369136965711538,2.096500965535068,8.308531164142627e-08,1.0419837371501388e-06
239345_at,8.027676108588237,2.8280010445480763,-5.199675064040161,2.252757614556197e-34,2.5615262051013057e-31
239348_at,3.7646748311176474,6.257378402134615,2.492703571016967,1.2497201854976078e-17,8.41041652333834e-16
239349_at,5.921405518705883,2.4948344089903847,-3.426571109715498,5.295789716670583e-29,2.1252860804864982e-26
239350_at,3.6131116554117653,6.1304310288653845,2.5173193734536192,3.4756340957375395e-16,1.804356729786202e-14
239377_at,5.986127111294118,7.167428051471155,1.181300940177037,2.392171838594555e-09,4.0346831513798585e-08
239383_at,3.5810561800588236,5.563156861624999,1.9821006815661755,1.8153521250463802e-14,7.301407784296712e-13
239392_s_at,4.6289267527647056,6.6764924537403845,2.047565700975679,2.7144447953057846e-12,7.581969420828782e-11
239393_at,5.177566815058823,6.679876517778846,1.502309702720023,1.0549382130063873e-13,3.7681592099264144e-12
239398_at,7.879247507941176,3.1123628511057695,-4.766884656835407,1.886228065795167e-30,9.804613486003278e-28
239433_at,3.098075988117647,5.654743021711538,2.5566670335938912,3.7169054728268757e-13,1.2140334159270979e-11
239442_at,3.9332766971176465,5.009276908596154,1.0760002114785072,1.1533400791615478e-05,9.27344551864439e-05
239448_at,3.1738958592941175,4.453307642028847,1.279411782734729,1.3953129678469628e-05,0.00011032128997844327
239461_at,5.458054450235293,3.167781725653846,-2.290272724581447,5.733117734944423e-18,4.063738089032879e-16
239468_at,4.617415106529412,2.930874323932692,-1.6865407825967202,4.733022225381137e-05,0.0003281550051309414
239486_at,5.173942411529412,6.33215265910577,1.158210247576358,5.543698076111673e-06,4.773895507985153e-05
239487_at,4.130282448058824,5.688443033124999,1.558160585066175,1.3019963192340467e-10,2.759676004173788e-09
239493_at,4.614430307647059,5.81289776123077,1.198467453583711,5.655871870148867e-08,7.327126294822098e-07
239516_at,7.378850059882353,8.759711967067307,1.3808619071849542,7.836237935959919e-11,1.7329579834147344e-09
239523_at,8.617389166117647,3.4087010964903843,-5.208688069627263,8.473844004319196e-31,4.920148211826994e-28
239545_at,3.490892955,6.232061372711538,2.741168417711538,2.5843773017790886e-13,8.656795203038522e-12
239551_at,2.7458704407058825,4.295459269557693,1.5495888288518103,2.1367546137946116e-08,3.007269986237651e-07
239561_at,6.2412020688823535,7.627540274596155,1.3863382057138018,2.1701625770364754e-05,0.0001636889210780456
239571_at,6.47090380135294,7.525759434134615,1.054855632781675,1.1391320740395195e-06,1.132884283327313e-05
239574_at,5.704187014705883,2.9189589392980766,-2.7852280754078063,1.5427592698893602e-20,1.6286703712048627e-18
239576_at,4.720164313647058,5.80437403976923,1.0842097261221717,0.00020504403792504224,0.001209194872599771
239587_at,5.541887471294118,3.588892933480769,-1.9529945378133493,3.3726059494709536e-12,9.287258330785832e-11
239597_at,5.325070754941177,6.983143102278846,1.6580723473376686,6.372512894245358e-10,1.1952074957217093e-08
239606_at,5.2490388211764705,6.310418753951923,1.061379932775453,0.0017792908608984669,0.00802678237218566
239639_at,2.4915939327058823,3.981211690461538,1.489617757755656,0.00015074588869219617,0.0009213392899139278
239646_at,3.1528565611176473,4.392858323423077,1.2400017623054298,6.150785037532012e-08,7.911941941160963e-07
239648_at,6.3519810515882345,4.721578969317307,-1.630402082270927,3.581293207645799e-15,1.5969232187916673e-13
239649_at,2.9902590642352944,5.1750065431826915,2.184747478947397,1.3974883311449686e-14,5.704825402061424e-13
239653_at,2.700311863235294,4.215003960192307,1.5146920969570132,4.526928672143868e-09,7.21598247654615e-08
239657_x_at,4.241200479,6.500691122057693,2.259490643057693,1.4928792619848615e-12,4.3525564764888764e-11
239679_at,4.638223661764705,5.847088813596153,1.2088651518314482,6.027248792919226e-09,9.356120929145008e-08
239710_at,5.928033673411765,3.4756284254519234,-2.4524052479598413,4.2650982267414045e-13,1.3749840290450038e-11
239711_at,3.7792340832941176,2.7305892202211544,-1.0486448630729632,7.920009146671901e-09,1.2017408374095238e-07
239716_at,4.071910266823529,5.454479677182693,1.3825694103591637,8.87631015188162e-12,2.289509129392944e-10
239721_at,3.806842104058824,5.289210736663462,1.4823686326046386,2.9244437470335252e-15,1.32484335324078e-13
239723_at,3.202876482941176,4.993880601923077,1.7910041189819004,0.0006175200066837034,0.003195565036957414
239731_at,3.934277992411765,5.881737500153846,1.9474595077420807,1.6096846889413537e-16,8.910241443988859e-15
239735_at,4.779563686705883,6.424780904307692,1.6452172176018092,8.0899359851651e-10,1.4891757711107116e-08
239757_at,5.288478282294117,6.761935794115384,1.473457511821267,1.6236789114160836e-09,2.8238637740863974e-08
239758_at,3.9345565090588233,6.010965797173076,2.0764092881142524,7.346864753905693e-10,1.3643570309745453e-08
239771_at,4.324403561647058,5.584711339307693,1.2603077776606346,1.3602928865987512e-14,5.565474172239374e-13
239778_x_at,3.8599239596470585,4.90137198775,1.0414480281029417,6.2212711441915374e-06,5.290600775612806e-05
239783_at,3.604738684470588,4.605570374461538,1.0008316899909504,7.721709396664683e-09,1.1742635195334683e-07
239784_at,4.877371406411764,7.207625111124999,2.3302537047132352,5.674520148558085e-12,1.5041750130556182e-10
239804_at,3.6706471941764707,5.238950112500001,1.5683029183235306,2.568327220275023e-10,5.185968603603051e-09
239811_at,4.7414453539411765,7.504564127951923,2.7631187740107466,5.073931861459017e-32,3.643817461402259e-29
239815_at,5.69272056217647,6.882865048875,1.1901444866985296,7.543160355779684e-09,1.150316147130761e-07
239834_at,3.263733987882353,4.835974390375,1.572240402492647,6.873366672187709e-07,7.167395483403382e-06
239841_at,4.143570196705881,5.387707411259614,1.2441372145537324,1.8840499949614163e-07,2.1943995876013476e-06
239849_at,4.012587635764706,2.893422432740384,-1.1191652030243215,3.533874612219012e-07,3.90594051154924e-06
239859_x_at,5.48310486617647,4.434230408317308,-1.0488744578591618,1.342729785335617e-07,1.6088880121587847e-06
239862_at,3.404557008058823,6.402573065355769,2.998016057296946,3.519319623136724e-16,1.8241305385677042e-14
239876_at,3.5967166122941183,4.817419022125,1.2207024098308814,4.20797356180273e-05,0.0002955817104628458
239930_at,4.485643520117647,5.604800601326923,1.1191570812092761,3.19783692410569e-08,4.3590095274916193e-07
239937_at,3.983628268705883,5.421485341961538,1.437857073255655,2.2502701954745522e-08,3.151590890397885e-07
239942_at,4.420858425294117,2.4197512293942305,-2.0011071958998867,6.250917550239577e-26,1.529905062666035e-23
239954_at,3.9395717623529407,5.215536569259616,1.275964806906675,5.743118543471337e-09,8.94814921450534e-08
239957_at,5.414383619588235,6.6294380455192305,1.2150544259309957,6.028598425190142e-06,5.1524408620177384e-05
239960_x_at,3.6175693066470584,2.396480484701923,-1.2210888219451355,1.8574482465888645e-13,6.371946439382378e-12
239965_at,3.360365014117647,4.404467568288461,1.0441025541708142,5.347494160945852e-05,0.0003659238763920056
239978_at,4.763330059411764,6.086065903442308,1.322735844030544,1.7294055664706495e-11,4.259441625108374e-10
239979_at,3.1833058964705883,4.3054366735769225,1.1221307771063342,0.00020537985294543368,0.0012108215163062611
239982_at,5.5012352761764705,3.336203012932693,-2.1650322632437775,1.5111819153795614e-28,5.535489782516851e-26
240008_at,4.960278967470588,6.305047335442309,1.3447683679717208,5.032389885921718e-06,4.3680471943976055e-05
240016_at,4.616966344058824,5.925040937567307,1.3080745935084837,7.45194707226309e-08,9.438844726318107e-07
240046_at,4.273211268705882,6.5324104084711525,2.25919913976527,4.066170949174037e-13,1.317859526335925e-11
240052_at,4.635430674882352,5.8518849494326926,1.2164542745503404,2.7450246341961307e-06,2.512926861955562e-05
240072_at,2.9617329927647056,4.0862776428557686,1.124544650091063,1.1625574370353224e-09,2.0695114923663033e-08
240105_at,3.385944658176471,4.878488243048077,1.4925435848716058,4.72480751525967e-08,6.234895294375182e-07
240115_at,4.539943919647058,3.1724265668173075,-1.3675173528297506,1.610588523233246e-11,3.992021390079352e-10
240139_at,3.536001981176471,5.097360139403846,1.561358158227375,8.744877694228374e-14,3.1769684802965565e-12
240141_at,4.751048842411765,6.215402756528846,1.4643539141170807,9.030900357827268e-08,1.1245665312111668e-06
240155_x_at,5.346875532294117,6.852116185086538,1.5052406527924207,7.390005119540141e-08,9.364733908042289e-07
240156_at,4.177704721764706,3.0473512821153843,-1.1303534396493218,2.5224396954735706e-08,3.5040019378786465e-07
240168_at,3.995674386647059,5.566601356596154,1.5709269699490949,1.4628820702538635e-09,2.560700465438923e-08
240174_at,3.816899579470589,5.210017075317307,1.3931174958467176,6.722749416488475e-08,8.597022971005729e-07
240176_at,3.8936063897647055,6.1588508098173085,2.265244420052603,1.6144226111461042e-11,3.9978934525291843e-10
240192_at,2.4103782886470584,4.094349718576923,1.6839714299298643,0.0004446151636982842,0.002401925271650861
240214_at,5.2877714692352935,3.4543559141346156,-1.8334155551006779,1.496620141626265e-13,5.219426882416608e-12
240221_at,5.3820281062352935,7.0459968501730765,1.663968743937783,8.051577689117617e-12,2.097599325510026e-10
240238_at,4.264331677647059,5.6120727504807695,1.3477410728337107,2.4477891880467314e-07,2.787935853389035e-06
240245_at,5.227246220823529,4.1841211463557695,-1.0431250744677598,0.0012437125950948236,0.00589497088386282
240247_at,3.420957474764706,4.580385041278846,1.15942756651414,1.0466376110558172e-06,1.0491172483712663e-05
240262_at,4.525335703705883,6.243235784326923,1.7179000806210398,9.22543903027575e-08,1.1469595372059684e-06
240282_at,4.81029059,6.010325752355769,1.2000351623557686,1.3022466350829313e-08,1.8933222987797363e-07
240284_x_at,3.192385797411765,4.296310211807692,1.1039244143959275,9.920180141923398e-05,0.000637505606930457
240296_at,2.7595099377058823,3.8437485958076922,1.08423865810181,6.480180734100571e-06,5.491953172150234e-05
240304_s_at,4.2543238299411765,7.595274781798077,3.3409509518569003,4.5446216927649356e-07,4.9136471348933715e-06
240307_at,4.207144831000001,5.695253100884615,1.4881082698846138,1.032163155034114e-10,2.225777670430933e-09
240314_at,3.7375763758235294,5.070183363884615,1.3326069880610856,5.542746122546617e-10,1.0511380841642522e-08
240339_at,3.368016751352941,5.3642320074423075,1.9962152560893665,1.0881448649040935e-13,3.874093840939368e-12
240344_x_at,7.471510889,6.135678054759615,-1.3358328342403851,1.4806872503106227e-11,3.690156595191939e-10
240383_at,6.549346502117648,7.788228445817307,1.238881943699659,1.1718684083236729e-07,1.4244856538507292e-06
240392_at,4.180520133117646,6.136608856509615,1.9560887233919688,8.440512113352238e-09,1.2743422147569898e-07
240399_at,4.397281039882352,6.128301833346153,1.7310207934638013,1.766699349006441e-12,5.0991371639038886e-11
240417_at,2.7505352434705883,3.7842935197403844,1.033758276269796,9.920611911692204e-07,9.995515553410537e-06
240442_at,3.7448912641764704,4.8122667883846155,1.067375524208145,0.00036927812701549736,0.002035224769704012
240452_at,4.246553825823529,6.981459735826923,2.734905910003394,3.0606787093300967e-21,3.6957695415160916e-19
240458_at,5.8827249191176465,7.228382398807692,1.3456574796900451,0.00032645379117853104,0.0018293143191717707
240466_at,4.021287377352941,2.3626138352403845,-1.6586735421125565,2.565296784553671e-20,2.617034265498221e-18
240478_at,4.584045021058823,7.493093663903846,2.909048642845023,4.1517139709195554e-23,6.825192675265615e-21
240498_at,2.8789607306470586,4.7153269437596155,1.8363662131125569,8.851712575243718e-11,1.932470482576907e-09
240499_at,3.381817506352941,5.154084165326923,1.7722666589739817,3.9641050370284574e-11,9.218444346654289e-10
240594_at,4.483597198764706,6.240832554461538,1.7572353556968325,1.6712770416646594e-15,7.836480211083801e-14
240601_at,2.8255896340588236,4.249102226057692,1.4235125919988687,3.558008185733744e-10,6.992889044622326e-09
240633_at,2.6582214921176472,4.223123200442307,1.5649017083246601,0.003684500703896628,0.015034118115877246
240636_at,4.395950805411765,5.541052082038462,1.145101276626697,1.7202532941657997e-08,2.4617122323616986e-07
240655_at,3.0121546965882353,4.665709924548077,1.6535552279598416,5.5164953557435475e-05,0.0003759800200064024
240666_at,3.414363641,4.795304416711539,1.3809407757115388,1.3578019104807846e-07,1.6262337167463405e-06
240690_at,5.467250901764706,6.632083970846153,1.164833069081447,0.00038019608868874983,0.0020878371848873922
240715_at,7.037655583058823,5.757815923317308,-1.2798396597415156,9.359819640888747e-09,1.3995879347399093e-07
240798_at,2.7298599944117647,3.815178782701923,1.085318788290158,1.2303416965884233e-05,9.837506513052966e-05
240827_at,2.4457939257647054,3.7261302036346153,1.2803362778699099,0.0016109757987446374,0.007366727277677212
240843_at,4.184359616941176,5.732451145692308,1.548091528751132,4.767371677091894e-11,1.0946503103239314e-09
240856_at,3.3651456252352943,2.347776183,-1.0173694422352941,1.5689648913895376e-18,1.2268271462342345e-16
240869_at,5.9124715510588235,2.7510702758076926,-3.161401275251131,6.355610387114116e-20,6.1613296504138775e-18
240873_x_at,4.005732796411764,2.804479135307692,-1.2012536611040723,1.1127638751198855e-08,1.6387895180833303e-07
240890_at,6.4256034432352935,4.5039791799230775,-1.921624263312216,3.786056788300188e-12,1.0337128236550072e-10
240908_at,5.009389704411766,7.058287802500001,2.0488980980882348,1.913398723947886e-14,7.673136587388073e-13
240929_at,5.832425835058823,2.729730660211538,-3.102695174847285,7.295567110461046e-30,3.492848748437311e-27
240971_x_at,4.352993965176471,6.310580019692308,1.9575860545158372,7.368242168191207e-08,9.339323950248674e-07
241036_at,3.373047225176471,5.540290521451923,2.167243296275452,8.653018037172416e-16,4.201717717534104e-14
241060_x_at,3.075740052882353,4.437960777836538,1.362220724954185,5.022255252552882e-07,5.3725925015500545e-06
241114_s_at,5.393403518235295,2.9522667317884617,-2.441136786446833,1.6700896908551737e-23,2.9215328601661707e-21
241155_at,4.29804941617647,5.467244232942308,1.1691948167658381,5.275886091092368e-06,4.559819271032943e-05
241242_at,3.635071881235294,5.636979465288462,2.001907584053168,2.1348032265152655e-13,7.250493173613981e-12
241310_at,3.9964892881176475,5.336959982298077,1.3404706941804294,0.00282941010314005,0.012006404448707882
241336_at,3.375353586764706,5.05185664725,1.676503060485294,1.0004750119707344e-12,2.9969772600631564e-11
241337_at,3.857370426647059,2.4346339811826923,-1.4227364454643667,1.0052746355819436e-19,9.508992085862547e-18
241347_at,6.433182494941176,7.498452632932692,1.065270137991516,4.0348471351934514e-05,0.0002846021690542991
241359_at,7.9910297822352945,4.895639722711539,-3.095390059523756,3.026886146504299e-18,2.2538119916788285e-16
241365_at,4.183877769705883,3.062759424894231,-1.1211183448116517,5.562774934699978e-08,7.218513864978366e-07
241368_at,7.701635339764706,6.105773507932692,-1.5958618318320141,3.7745145459926715e-06,3.357386398398533e-05
241376_at,3.470163503705882,4.514621563788461,1.0444580600825795,0.0021420326213931313,0.009425185298533999
241387_at,3.713619036941177,5.967789665528847,2.25417062858767,3.8364536785122466e-15,1.698214155065044e-13
241391_at,3.269864894117647,4.894205097134615,1.6243402030169682,2.7954709436769173e-10,5.6175997288270425e-09
241397_at,2.8265097809999995,4.8481260554230765,2.021616274423077,4.165689773993709e-06,3.6790668016439086e-05
241402_at,3.3007844802941175,4.766931773567308,1.46614729327319,7.127573227636654e-14,2.640976369254453e-12
241403_at,5.064133492941177,6.322791997740385,1.2586585047992083,4.5946703542960655e-07,4.961862154078452e-06
241428_x_at,6.834831016058823,4.890657254076924,-1.944173761981899,8.358049041296982e-13,2.5413591009746405e-11
241455_at,3.0118619217058824,4.821979732836538,1.8101178111306555,8.977263391662864e-12,2.3100898569239387e-10
241459_at,3.5305437934117645,4.5817361535,1.0511923600882351,0.0021306130091328307,0.00938325889013643
241470_x_at,4.345136243882353,2.613230938173077,-1.7319053057092755,4.013897489140141e-14,1.5416925479224472e-12
241472_at,5.125487145529412,6.341778841788462,1.2162916962590495,3.4873242345827586e-08,4.72411688754759e-07
241484_x_at,6.256453211411765,4.387168735778847,-1.8692844756329183,2.3470860028415384e-16,1.2558981073440031e-14
241505_at,2.9675020779999994,6.16812870464423,3.200626626644231,2.7550652334189427e-09,4.584411749230868e-08
241509_at,2.892292521058824,4.200808652384615,1.3085161313257911,2.2965489312744735e-06,2.1385999679240656e-05
241535_at,3.849079053411765,2.780236763057692,-1.0688422903540729,0.00035910918058898185,0.0019870052683866627
241577_at,3.8249363805882353,5.247631455875,1.4226950752867649,0.0005196027216782244,0.0027525512632571164
241584_at,5.258828106352942,2.793433431855769,-2.4653946744971726,2.6302359480129907e-17,1.673142748328683e-15
241698_at,3.919719824941176,2.392420903153846,-1.52729892178733,1.8736426885344766e-22,2.801686145137622e-20
241702_at,3.2762461207647062,4.37389248275,1.0976463619852934,9.021774665022149e-08,1.1236912408907296e-06
241703_at,4.276495365647058,2.967085437346154,-1.3094099283009042,1.1042736838687924e-07,1.350440362802483e-06
241710_at,3.7128299136470586,2.5317362323173076,-1.181093681329751,8.45181672411136e-10,1.5484783651737963e-08
241726_at,2.985537709823529,4.295334281894231,1.3097965720707019,0.0007328499800848965,0.0037090336668261837
241737_x_at,4.24737876282353,5.267485832413462,1.0201070695899324,3.377912932221138e-05,0.00024296667096428243
241745_at,5.237573919529412,3.582376442923077,-1.655197476606335,1.8905863457807975e-12,5.425147853121459e-11
241751_at,4.112492570588236,5.772386192999999,1.6598936224117633,1.696044734303846e-15,7.93897303203856e-14
241762_at,5.572983355705882,8.502284481009614,2.9293011253037315,1.540678796157338e-11,3.827433227832105e-10
241763_s_at,3.5766885143529414,5.2398242203942305,1.663135706041289,7.229171569480002e-05,0.0004795927495935931
241764_at,4.3443445088235295,2.3303521594326924,-2.013992349390837,9.094403097977792e-29,3.4469682408647916e-26
241765_at,6.000168490588235,2.9158194440480774,-3.084349046540158,1.786189361071045e-30,9.373887417105438e-28
241769_at,5.339599284411764,6.97301680476923,1.6334175203574661,2.1637265638090143e-10,4.4279727081414396e-09
241786_at,6.007371606764705,7.124998049442308,1.1176264426776026,7.488103479930875e-07,7.750677030744305e-06
241789_at,6.894899711058823,4.013999389942308,-2.880900321116515,1.7135863273654592e-14,6.932974659842803e-13
241792_x_at,5.052544560764707,6.60137394276923,1.5488293820045236,8.26077823564757e-07,8.463769763908555e-06
241797_at,3.406408822705882,4.657099105625,1.250690282919118,0.0005658803040866396,0.0029651671579055973
241803_s_at,3.609818399058823,2.5233031227884615,-1.0865152762703616,3.545640295317313e-12,9.734280768517286e-11
241809_at,3.943445123058824,2.418358307634615,-1.525086815424209,3.848482091185755e-23,6.3650395168129486e-21
241837_at,3.637442074647059,5.660232756567307,2.0227906819202484,3.480746290476409e-10,6.8509070244468785e-09
241838_at,3.375329595470588,5.5419647454519225,2.1666351499813343,6.089101217101416e-12,1.6101601517838091e-10
241866_at,6.90763774364706,3.3084719385096153,-3.5991658051374444,1.858139370562025e-34,2.2935270746354354e-31
241867_at,4.260402868411765,5.374046162163462,1.1136432937516973,8.237551260144314e-11,1.8110104880412608e-09
241869_at,4.743416414352942,3.5819120967403846,-1.1615043176125575,3.128309558525956e-05,0.0002268668713722936
241885_at,2.7196777234705882,3.8228182827692305,1.1031405592986423,8.349722134221966e-07,8.546877051082158e-06
241893_at,5.296831144588235,7.048216514115385,1.7513853695271502,7.23653154022097e-11,1.614068879990684e-09
241903_at,3.918776283470588,5.904934579932692,1.9861582964621038,1.084623849491683e-08,1.5995051359472188e-07
241905_at,5.696257207764706,7.145016073105769,1.4487588653410626,2.570197338153897e-08,3.564899631997498e-07
241906_at,5.143531187764705,6.618630520548077,1.4750993327833717,2.770050044671854e-13,9.229948802695062e-12
241925_x_at,5.852347693294118,2.3852267992596152,-3.467120894034503,5.859962668073957e-32,4.100396185394981e-29
241929_at,5.182574860117647,2.498951468884615,-2.683623391233032,1.1405352951628403e-22,1.748575165019457e-20
241937_s_at,4.539534796882354,6.237818376692308,1.6982835798099547,4.676320002215005e-09,7.434572368217091e-08
241965_at,4.495620923470589,6.244622952932692,1.7490020294621038,2.907833248787947e-12,8.068461153309475e-11
241969_at,3.6527505837058825,2.3465904279423073,-1.3061601557635751,3.2595492178396664e-16,1.705664098383252e-14
241986_at,3.944293851294118,2.392516993307692,-1.5517768579864257,1.3950995118239462e-15,6.626904809037351e-14
241997_at,5.625769575647059,6.638168801384615,1.012399225737556,5.159978204143122e-10,9.836760405306582e-09
242022_at,6.062108667588235,8.591557984057692,2.5294493164694574,9.829159447747589e-14,3.531703051340459e-12
242024_at,3.515344913294118,4.60645061589423,1.0911057026001125,3.606190444707717e-06,3.2228961565695513e-05
242033_at,5.6680744632352935,2.8933630898846157,-2.774711373350678,2.4701755727876997e-22,3.585630653914358e-20
242052_at,3.458143917941176,5.242809959365384,1.7846660414242077,1.0380449178614249e-09,1.8642794857505332e-08
242053_at,3.190779128941177,4.207985972596154,1.0172068436549768,0.00037151974619123527,0.0020459263674070657
242055_at,4.189608090294118,5.3113836237788465,1.1217755334847288,0.00013775519193481007,0.0008512840376596466
242056_at,2.832317163117647,4.956712228663462,2.124395065545815,5.248668704250556e-10,9.984910742742806e-09
242059_at,4.356669000470588,6.537000618701923,2.1803316182313353,4.210065692375494e-17,2.608185873145994e-15
242068_at,4.77726918464706,7.0453195198173075,2.2680503351702477,3.683548704688249e-15,1.6385037062198855e-13
242074_at,3.105782974764706,4.322107796115384,1.2163248213506783,1.5915622684256556e-07,1.8773692900022446e-06
242108_at,4.529429787705882,6.88005177551923,2.350621987813348,2.2953222874537176e-19,2.027126134740072e-17
242110_at,5.63767767,6.848559359461538,1.2108816894615373,1.3631088990184163e-05,0.00010807251684997987
242121_at,6.753675629588236,8.876076513836539,2.122400884248303,3.1383783052452026e-16,1.6454327523725063e-14
242134_at,6.657269640882353,4.1279666058461535,-2.5293030350361994,1.2828041916508947e-13,4.514130881761069e-12
242143_at,5.235449693470589,7.36982471135577,2.134375017885181,1.3713910836772132e-15,6.525645506191684e-14
242146_at,3.9844164925882355,5.815794911778846,1.8313784191906102,9.744749229003428e-14,3.508302560486663e-12
242163_at,4.176374733882353,5.5246278987499995,1.3482531648676463,2.88359709628288e-08,3.9703291099400436e-07
242181_at,8.478505359117646,4.468705336749999,-4.009800022367647,4.69281338939099e-18,3.3790113717621487e-16
242191_at,4.83630638482353,6.436944342798077,1.6006379579745467,2.7714611341339043e-09,4.610288852175994e-08
242197_x_at,6.160917783941176,3.5097873850384618,-2.6511303989027146,1.3577515689435094e-08,1.9692990401639064e-07
242201_at,3.5367701985294113,4.824667063307692,1.287896864778281,3.917311118835342e-10,7.627646220296615e-09
242206_at,5.110057933,3.9130129888653844,-1.1970449441346158,0.0013804336987464866,0.006453888199750257
242216_at,2.6457501027058825,3.7176484912403844,1.071898388534502,0.001307427590431145,0.006158992789413211
242233_at,5.945219751058824,7.649031879115385,1.703812128056561,1.447381018986496e-13,5.0574013210796395e-12
242239_at,6.069044445235295,7.5544703985,1.4854259532647056,4.084062870748068e-07,4.453627720730445e-06
242240_at,5.272473092764706,6.912741251576923,1.6402681588122174,1.8268503428520286e-09,3.1384219346087774e-08
242260_at,3.6628677740000004,4.686663499096154,1.0237957250961536,0.00034421314312496225,0.0019160437673245603
242273_at,5.435410574764705,4.3992475588076925,-1.0361630159570128,1.3042511184478344e-05,0.00010376781602589556
242277_at,5.852506973058823,4.089733869336539,-1.7627731037222842,4.7493167959115377e-14,1.8101463785199427e-12
242281_at,7.168473572705883,5.529223135788461,-1.639250436917422,1.198971797454783e-07,1.453224111332103e-06
242287_at,3.9659715472352945,4.995171518913462,1.029199971678167,1.0397190658781809e-07,1.2792341500578278e-06
242297_at,5.076515431235294,6.169199657442308,1.0926842262070133,8.711503731369638e-10,1.59124886932538e-08
242310_at,5.187560058470588,7.384468817769231,2.196908759298643,6.248066561977463e-13,1.95535106012711e-11
242313_at,4.500304233588235,2.499359749403846,-2.0009444841843886,1.1825585986394342e-27,3.91168883364495e-25
242317_at,5.231480580058823,3.9946702703461536,-1.236810309712669,0.0002017019331428699,0.0011914166459961793
242321_at,4.47515640882353,3.065957514326923,-1.409198894496607,6.20248242016931e-07,6.526417736850218e-06
242329_at,3.944480752470588,2.7297787439903844,-1.2147020084802036,4.305427410783398e-16,2.192032860570402e-14
242337_at,5.357278396235294,6.91233172851923,1.5550533322839355,2.159764667262498e-07,2.4889737283471258e-06
242343_x_at,7.003146355647059,8.985174501288462,1.9820281456414035,6.186087542045221e-13,1.9381772213391854e-11
242354_at,5.128570945529412,8.414566891576923,3.285995946047511,4.0460937721064365e-15,1.7866646600954466e-13
242357_x_at,4.467811955235294,5.531023861134615,1.0632119058993217,2.7048268949316823e-05,0.00019901152210633093
242361_at,2.8591931834117643,3.9802335630384613,1.121040379626697,4.6026825471855194e-08,6.092888933854922e-07
242369_x_at,6.162638432764705,7.605645466028846,1.4430070332641405,2.258642639678009e-07,2.591432764998656e-06
242385_at,3.540933001294118,2.4687521824326923,-1.0721808188614257,1.0067840209820312e-07,1.242409151974253e-06
242389_at,5.5408540391764705,7.428799713788463,1.8879456746119923,4.479737884262175e-08,5.94455662497314e-07
242403_at,5.038623865529411,6.265925543817308,1.2273016782878967,1.2046579517449944e-09,2.1409647133927077e-08
242407_at,5.108393374941176,6.132115469211538,1.0237220942703615,3.313247547416489e-07,3.6814686052614932e-06
242414_at,5.895198024411765,6.921259398201922,1.0260613737901574,0.007425126028237787,0.027148391822601172
242428_at,3.168806313117647,4.409941925038462,1.2411356119208148,2.982043273911168e-12,8.265969519898305e-11
242431_at,4.673087464294118,5.99593516298077,1.322847698686652,7.375146412925763e-10,1.3686777153045738e-08
242438_at,5.517213856764705,6.799765383278845,1.2825515265141396,5.255711805251767e-11,1.1962114037482744e-09
242439_s_at,4.581403889529412,5.663088257749999,1.0816843682205874,4.8520460056694066e-09,7.680389180493925e-08
242462_at,4.162003927705882,5.64963597553846,1.4876320478325775,4.853479355495667e-09,7.68043055214839e-08
242467_at,5.690442834352942,7.686292932942308,1.995850098589366,1.9072094866126287e-13,6.526243672089697e-12
242476_at,5.206948580117647,6.44476348689423,1.237814906776583,0.0010107590005078053,0.004915460704688185
242480_at,5.657766648117647,6.951406171442307,1.2936395233246598,5.06439536999034e-08,6.62535078855951e-07
242485_at,4.118955331058824,5.311306590653846,1.1923512595950223,8.367884473924745e-09,1.264776423988753e-07
242492_at,5.176167103764706,6.8990006385673075,1.7228335348026018,4.921599513616261e-10,9.402029396347984e-09
242498_x_at,4.062689424058823,5.642863277615384,1.5801738535565608,1.523328104972566e-11,3.787777887986227e-10
242509_at,2.9604487304117653,4.426691583846154,1.4662428534343883,4.405497198460157e-05,0.0003078320721991511
242517_at,2.5260579312352944,3.825240113711539,1.2991821824762444,0.00411101224335692,0.016500583705705056
242539_at,3.9895831483529407,5.570765059432692,1.5811819110797516,8.26362271547463e-10,1.5176858501617225e-08
242550_at,4.351278068,6.399030993673076,2.047752925673076,2.4902302810761054e-13,8.35881171653461e-12
242551_at,5.437895588647059,7.543731089451923,2.105835500804864,4.216360535863618e-11,9.75518192822808e-10
242558_at,7.367325337823528,8.513450366980768,1.1461250291572398,6.618026859804156e-08,8.468003772664789e-07
242560_at,5.322042328,7.768362128182693,2.4463198001826925,1.8140604783003286e-15,8.447918672794679e-14
242563_at,3.7702125857058824,4.946612841634616,1.1764002559287339,3.412355513751735e-05,0.00024516399889411733
242579_at,4.6374403987647055,7.139169130528846,2.501728731764141,0.0014911231928112652,0.006901044071944887
242582_at,3.3542909832352943,2.3344560920865383,-1.019834891148756,3.4187729860443925e-23,5.74132956324052e-21
242605_at,4.4032662919411765,2.938747223721154,-1.4645190682200226,4.265181262886274e-10,8.24033019989628e-09
242611_at,4.677418505411764,5.817544978057692,1.1401264726459281,9.345399266688748e-05,0.0006041963356747278
242625_at,4.97622375317647,6.219064848442307,1.2428410952658373,0.0050468869265145105,0.01959132585791148
242645_at,3.8849690814705884,5.687975697057691,1.803006615587103,4.270883979961599e-12,1.1516826914146448e-10
242646_at,6.53655120482353,8.047654170913463,1.5111029660899327,7.289261446821937e-12,1.9062798299285791e-10
242648_at,7.6155719331764695,6.593191851567307,-1.0223800816091622,2.7374736594097653e-05,0.00020108825687338572
242662_at,2.966297568352941,4.106467098326923,1.1401695299739818,0.0008155547916126563,0.004074713014594212
242673_at,3.7529099029411763,5.914828391942308,2.1619184890011316,4.2158001106441085e-15,1.8570956758583114e-13
242680_at,5.707353308882353,3.768520183846154,-1.938833125036199,1.0232184061223537e-16,5.890653514938321e-15
242691_at,3.3861457066470586,4.474353261490384,1.0882075548433252,3.1304038934917496e-05,0.000226958440625513
242693_at,4.285898515941177,5.9105435269711535,1.6246450110299762,2.2477549775548508e-08,3.1488762556459494e-07
242695_at,4.855800827176472,6.069165447365385,1.213364620188913,4.3625504214314966e-07,4.7355536883713136e-06
242696_at,5.636122628235293,6.755048769384615,1.1189261411493217,8.138790289216487e-10,1.496654431250494e-08
242712_x_at,5.591083181823529,7.184313976048077,1.5932307942245485,4.151369512521852e-09,6.675827832172368e-08
242722_at,4.325458034235295,6.0619094491730765,1.7364514149377817,3.825591024601567e-08,5.137719796548447e-07
242725_at,4.053532682588235,6.0625444404423074,2.009011757854072,2.1911804720751664e-20,2.243760581339409e-18
242736_at,5.873924248588235,3.7284853102115383,-2.1454389383766967,1.3128409830743198e-08,1.907708946091941e-07
242824_at,6.557888332411765,7.6901501263076915,1.1322617938959265,0.0013239333312597581,0.006227074495064125
242828_at,5.743331044647058,3.4568545908557695,-2.2864764537912885,5.102463691565864e-13,1.630488090292584e-11
242829_x_at,6.610528236058824,8.022517220317308,1.4119889842584845,5.141370171041502e-08,6.714784459566263e-07
242835_s_at,5.021455996117647,3.582191308201923,-1.4392646879157236,2.342335966368142e-10,4.768457840671646e-09
242837_at,4.588538685352941,5.7287241538269225,1.1401854684739812,1.5424445419768833e-06,1.4847456905918221e-05
242859_at,3.8800365081176467,5.9845881932500005,2.104551685132354,7.378486673475231e-16,3.6182428045966277e-14
242865_at,4.093246910647059,6.285539025634615,2.1922921149875565,9.960933624129874e-16,4.811130940454729e-14
242874_at,3.6645558030000003,6.492536342875,2.8279805398749995,3.2268499959654206e-09,5.3111654381723975e-08
242877_at,3.936132585294118,5.334638011076923,1.3985054257828056,6.937338083132263e-13,2.1501020740447236e-11
242881_x_at,4.408724894,6.281392786,1.872667892,7.926297133394171e-06,6.587625570938335e-05
242888_at,6.8703170909999995,4.579630773067308,-2.2906863179326917,4.773199373587037e-14,1.817979404124263e-12
242890_at,3.495631370941177,5.6773192107980766,2.1816878398568997,1.2579991449734775e-13,4.435422179167146e-12
242894_at,4.483644702764705,5.870002205923076,1.3863575031583713,7.334041395681807e-08,9.30029380424994e-07
242901_at,3.3479513657647058,4.356079514586538,1.0081281488218323,0.00029317237012582654,0.001662101878996311
242912_at,3.1594430264117643,5.363281679836538,2.2038386534247736,8.964953662083267e-05,0.0005820128534826248
242915_at,4.373493924705882,5.483556143855769,1.1100622191498868,8.467507794728137e-06,7.000122810185806e-05
242918_at,4.694829535588235,7.098349018365385,2.40351948277715,7.818236038961741e-15,3.309403867030726e-13
242920_at,5.434267055764706,7.061422418644232,1.6271553628795257,1.2515377893232861e-08,1.8264085829806318e-07
242931_at,5.951620263117647,3.437433093115385,-2.5141871700022618,3.940281194420691e-13,1.2793373427143779e-11
242932_at,4.392394272529412,5.541688813221155,1.1492945406917432,3.1843245625761814e-08,4.3432892273933684e-07
242959_at,3.991425438176471,2.608102441163462,-1.3833229970130092,1.3339434362557781e-17,8.933165497840995e-16
242966_x_at,4.2051913828235294,5.207325030009615,1.0021336471860858,7.943801872600292e-06,6.600163836271143e-05
242968_at,3.4471665308823525,5.616555814778847,2.1693892838964945,1.8570123945854022e-09,3.1862269564312064e-08
242985_x_at,3.644556517882353,2.4829442476538466,-1.1616122702285065,7.17349313157425e-17,4.218987948579644e-15
242990_at,4.510247478823529,6.040112325509616,1.5298648466860874,2.273728298299132e-07,2.6065493970356714e-06
243003_at,5.11872778117647,7.331693453730769,2.212965672554299,1.489887269238829e-17,9.89252521505913e-16
243012_at,3.8338849283529415,5.012079666740385,1.1781947383874432,2.2475500415129368e-07,2.5808759460495386e-06
243016_at,4.11879340182353,5.6022831534615385,1.4834897516380083,3.912722334399209e-09,6.344399057907737e-08
243020_at,5.106744977235294,4.103835818644231,-1.0029091585910637,7.144019398148422e-07,7.421719960028423e-06
243030_at,5.5676326845294115,7.600791534375,2.033158849845589,4.3786171295544067e-07,4.75110426071471e-06
243037_at,3.763076814705882,4.8959063709326935,1.1328295562268114,1.4841038946700408e-06,1.434660050782787e-05
243041_s_at,6.819333359941177,3.942070763653846,-2.8772625962873306,1.471861526131363e-18,1.1592024564895189e-16
243088_at,5.018382597352941,6.8097644694423085,1.7913818720893673,7.0985813511858536e-15,3.026823996612287e-13
243146_at,3.562902886764706,2.3499196409519225,-1.2129832458127834,2.4285117542568287e-10,4.923713388182475e-09
243149_at,4.506815018823529,6.50134250676923,1.9945274879457013,1.9778292854059974e-12,5.6517248465012535e-11
243170_at,5.049761871588236,6.806615896009616,1.7568540244213793,1.1138996931147673e-06,1.1108264452861481e-05
243178_at,6.016675340705882,7.336725848057693,1.3200505073518105,1.8135898180826204e-11,4.4467169218837084e-10
243179_at,3.406782965,4.600200222942307,1.1934172579423072,5.947750867164361e-08,7.668847025253099e-07
243198_at,3.0080474644117645,4.112856638423077,1.1048091740113124,3.6377318714733175e-05,0.0002593984869021348
243205_at,2.6486317742352945,3.869640852096154,1.2210090778608595,2.513505525385115e-06,2.321228732148802e-05
243225_at,6.080876163411766,3.2090571121538463,-2.8718190512579196,5.112688745920156e-28,1.733201484866933e-25
243233_at,4.405951539117647,5.729761620740384,1.323810081622737,8.323879399707445e-10,1.5270891218710342e-08
243241_at,2.906346428352941,4.575787442740384,1.6694410143874427,0.010042804105091821,0.03489915989123943
243249_at,6.844449506411764,8.915950736423078,2.0715012300113136,4.51878133386636e-18,3.2666300188224117e-16
243262_at,3.049267520588235,4.260079128365385,1.21081160777715,3.057468133408798e-05,0.00022211307500774496
243271_at,3.7890413142941175,5.289352660480769,1.5003113461866513,5.5296541413027746e-05,0.0003767827632686194
243278_at,5.1948794501176465,2.6727540536634615,-2.522125396454185,8.388683025599023e-24,1.5459244472587095e-21
243280_at,5.25048092517647,6.4515835126442305,1.2011025874677603,2.000467655419979e-06,1.8860515488887035e-05
243286_at,4.590972801764706,6.165585212298077,1.574612410533371,2.3002801042615286e-10,4.686337730888017e-09
243293_at,4.13171510217647,5.269710775403846,1.1379956732273762,2.131331769166744e-07,2.4598426015933965e-06
243296_at,7.690412573294118,6.1503938635384605,-1.5400187097556577,3.0214100343356805e-05,0.00022005009109154938
243302_at,3.6957814769411765,2.678794081788461,-1.0169873951527157,8.620094856981777e-12,2.2308020730166353e-10
243305_at,4.930838505235294,6.766031820951923,1.8351933157166291,1.6160164135097603e-15,7.603496537323208e-14
243311_at,8.026495848529413,2.699980871615384,-5.326514976914028,2.0792061230324732e-30,1.0605700092428912e-27
243318_at,5.241807353352941,7.177066405192308,1.9352590518393669,1.7868512434191536e-16,9.752455401457399e-15
243329_at,3.8078669300000003,6.787531089971153,2.9796641599711524,1.682875787479305e-22,2.530294148893471e-20
243332_at,5.280592026117648,7.257868421721154,1.9772763956035062,7.2394318058431326e-09,1.1083336564687583e-07
243356_at,4.689538726882353,3.2433201427596154,-1.4462185841227377,1.832451804796818e-13,6.290150129182737e-12
243357_at,5.160982518705882,2.6271815796634614,-2.533800939042421,4.473801818652962e-22,6.244901009213812e-20
243386_at,3.896097727647059,6.794046927,2.897949199352941,2.2008827114916344e-13,7.45173557757456e-12
243403_x_at,6.38864357517647,3.1531663510769223,-3.2354772240995477,4.7262984289435016e-26,1.1942437127467936e-23
243414_at,5.638034165647059,6.694360819105769,1.0563266534587097,1.2172115026337094e-07,1.473695354974384e-06
243450_at,4.507266629058824,6.050530184740383,1.543263555681559,6.485480204304948e-10,1.2147255458845566e-08
243454_at,3.612469095647059,4.950393494115384,1.3379243984683251,9.166479851685311e-07,9.307856815351304e-06
243462_s_at,3.5615134900588235,5.859359489461538,2.297845999402715,8.32979793797044e-14,3.0410170010467468e-12
243496_at,5.279536744235294,7.167390005096153,1.887853260860859,1.9290386928886668e-16,1.0444940755870093e-14
243498_at,2.954854290705882,4.075909168788462,1.1210548780825795,2.2231736184911615e-07,2.5544966931290336e-06
243501_at,4.4955103244705885,2.6530071562788464,-1.842503168191742,7.549369957539812e-21,8.513162456871185e-19
243526_at,6.2882349652352945,4.804732666413462,-1.4835022988218327,2.732929648833845e-10,5.504079974306363e-09
243546_at,2.486592197235294,3.7863152020673074,1.2997230048320136,0.000816026672266693,0.00407632434062272
243559_at,3.1047378918235298,4.385350823038462,1.2806129312149324,1.880059745212182e-10,3.880929683583044e-09
243561_at,5.381631735294118,7.326045465961538,1.9444137306674207,5.943450211563598e-13,1.871658318713583e-11
243584_at,8.27544193417647,3.5572595999519234,-4.718182334224547,1.6746002614887056e-26,4.480294493715297e-24
243589_at,5.170796732705882,7.633682598249999,2.4628858655441173,4.900420195778364e-16,2.4787769589007165e-14
243593_s_at,4.242705536352941,5.8635816924134625,1.6208761560605218,1.8138966385131389e-16,9.890176287053806e-15
243598_at,4.548987642882353,6.34056246676923,1.7915748238868767,9.179818928597907e-13,2.7680957862096418e-11
243608_at,3.2964500660588234,4.6870923986249995,1.390642332566176,3.105469493377351e-11,7.337377466625214e-10
243618_s_at,6.686011641352941,8.737990730403846,2.0519790890509046,4.166646984092839e-11,9.64425045567443e-10
243636_s_at,3.9260774684705884,2.901384321778846,-1.0246931466917424,4.625039625545122e-07,4.991695426589425e-06
243646_at,2.7042103171764706,3.9063187056153845,1.2021083884389139,4.839814051593166e-07,5.19984667562802e-06
243680_at,3.898349781411765,2.8088342355384617,-1.0895155458733035,6.90355194029273e-20,6.668831174322778e-18
243681_at,3.4829483299999997,5.926412371009615,2.4434640410096153,4.821517337839525e-09,7.643148265522609e-08
243683_at,5.062912386470588,7.0265727769615385,1.9636603904909506,3.62429342044399e-10,7.105255409282059e-09
243691_at,5.339481036411764,6.386625586817307,1.0471445504055428,4.060498971443505e-05,0.0002862171940622692
243703_x_at,4.207270193352941,2.4380558353846147,-1.7692143579683264,1.9394813188536027e-25,4.344100704617032e-23
243706_at,4.258172460294117,3.083648845451923,-1.1745236148421938,2.673742222935002e-07,3.0275970287462545e-06
243709_at,4.297624655058824,5.3109017576730775,1.0132771026142535,7.762394214086397e-05,0.0005110539370453817
243729_at,3.011000665882353,4.423181035076923,1.4121803691945702,4.034979725063058e-05,0.0002846021690542991
243736_at,4.1395462075294125,6.108126905451924,1.9685806979225111,1.7154222976618644e-09,2.9656646684854892e-08
243739_at,3.271051116235294,4.949217360548077,1.6781662443127825,2.807786857303904e-09,4.666847070649545e-08
243751_at,3.255366996529412,4.342327879711538,1.0869608831821265,6.411731832359755e-07,6.7245563350953705e-06
243755_at,3.624955848529412,5.588567665432692,1.9636118169032803,1.8288891330094184e-09,3.1409358083864396e-08
243768_at,7.353796999882354,9.053473569807693,1.699676569925339,4.533161662587879e-12,1.2181951274366513e-10
243791_at,4.175247661058823,5.301539582307693,1.1262919212488693,0.0018424132127173912,0.00827085628696352
243806_at,2.853353309588235,4.436933274375,1.583579964786765,0.0004192054058962143,0.0022788657219531354
243813_at,5.41951354117647,2.380931907605769,-3.038581633570701,5.79168815514663e-26,1.4368388537261268e-23
243817_at,4.442272070647059,6.185296505538461,1.7430244348914021,1.739543795120168e-13,6.020454076972965e-12
243818_at,3.5726189243529407,2.364841494923077,-1.2077774294298638,3.61537918289032e-14,1.3984676146206292e-12
243824_at,2.7793791499411764,3.9673569200384615,1.1879777700972851,0.0031373160062071145,0.013119182523963997
243827_at,4.206931884529412,6.251037705086538,2.0441058205571254,6.881171495092719e-18,4.8259457913772995e-16
243834_at,5.145555544823529,6.361348515375,1.2157929705514707,1.0128460785001574e-06,1.0186129743589477e-05
243857_at,4.256844818705883,5.358964705,1.1021198862941173,6.252188275879385e-06,5.313144905726468e-05
243864_at,7.315211716235294,4.156732022634615,-3.158479693600679,2.2926723201956223e-18,1.7452128670007933e-16
243874_at,4.592022197941176,6.2451056424999996,1.6530834445588232,2.937678890812646e-10,5.8730980286323595e-09
243879_at,6.21417208217647,2.6275124276634614,-3.5866596545130083,9.953919787287906e-37,2.2636457836266108e-33
243933_at,5.774223282411765,6.803248297173076,1.0290250147613111,0.012019724052087082,0.040552820457968236
243940_at,5.337864857235294,3.6447536926826922,-1.6931111645526018,1.775538701400869e-10,3.6888894854875536e-09
243963_at,4.824353178588235,6.737516611019231,1.9131634324309958,2.0865548400168153e-22,3.0720254396172185e-20
243964_at,3.421389613411765,4.688480015423076,1.2670904020113114,1.133429418963992e-08,1.6638365857352264e-07
243981_at,4.184563095764705,5.445195663875001,1.260632568110296,1.2087937222515087e-06,1.1917404726655543e-05
243988_at,3.6473304264117647,4.76400536026923,1.1166749338574649,7.228510974309556e-08,9.174997685275377e-07
243992_at,4.513392678470588,6.387521901201923,1.8741292227313355,4.0481638027829924e-14,1.553760423291793e-12
243993_at,5.362243867882352,7.076680090576924,1.7144362226945722,2.4267230494579102e-08,3.3813662832872934e-07
244010_at,3.0138971686470586,4.180483982259616,1.166586813612557,3.828937496969863e-11,8.919316246142474e-10
244015_at,3.8461617505882355,5.284696323865385,1.438534573277149,5.301435846643837e-08,6.904010190264233e-07
244031_at,3.532414757352941,4.81906098425,1.286646226897059,9.896039367416058e-09,1.4729095517703874e-07
244042_x_at,4.131853328470588,5.436639436586538,1.30478610811595,0.0047130864860096275,0.018517154431024384
244057_s_at,5.468318750000001,4.184147991461538,-1.2841707585384627,8.874022350312452e-19,7.282289309979486e-17
244070_at,3.9875830725882357,2.3915809646826927,-1.596002107905543,6.69105165785916e-16,3.310887655795966e-14
244075_at,3.920526476411764,5.158329597307692,1.2378031208959284,1.1324062310895634e-06,1.126605900230355e-05
244132_x_at,5.389737047470589,6.63553955689423,1.2458025094236413,4.5108306659252735e-11,1.037928443994669e-09
244145_at,4.704129370117647,5.886562003326923,1.1824326332092765,6.813384171971321e-07,7.108921711374932e-06
244165_at,2.7550099894117643,3.8313892831923075,1.0763792937805432,4.191477322872248e-06,3.698733076880266e-05
244172_at,3.243719162470588,4.555098079471154,1.311378917000566,1.1637251603903676e-06,1.1529307592838242e-05
244181_at,3.744806757176471,4.752783371576924,1.007976614400453,0.0006925069478383569,0.0035336889216594693
244185_at,5.214616054,7.013336647076924,1.798720593076924,9.443102733793051e-14,3.4109537002494433e-12
244187_at,7.327855649,6.314737008634615,-1.0131186403653851,0.00011550338477846565,0.0007287929754709683
244197_x_at,9.213777473588236,10.609688023567308,1.3959105499790727,2.126065178853059e-08,2.9945422295902226e-07
244216_at,4.104773393941176,5.114560776432692,1.009787382491516,0.009342958416028651,0.032852037584617175
244264_at,2.968587417058824,4.786357210644231,1.817769793585407,2.11902987555119e-05,0.00016036402049044425
244265_at,3.8256573150588236,5.467507228211537,1.6418499131527136,5.94417291250416e-09,9.242934854460529e-08
244276_at,8.382005336588234,2.9518250890961535,-5.43018024749208,2.5316897739706216e-33,2.1932872408498816e-30
244286_at,3.1718977180588235,4.2296304855,1.057732767441177,4.4647543722272455e-06,3.9151964794632205e-05
244292_at,4.059789017235295,5.3535514138269225,1.2937623965916272,6.736912138558261e-07,7.033166174643675e-06
244310_at,4.080693390235294,5.610559332490386,1.5298659422550918,7.202532855154339e-07,7.4792054927981095e-06
244313_at,3.9653889015882346,2.7034164106923075,-1.2619724908959271,1.969229298209273e-07,2.2833772225826195e-06
244356_at,4.033329029352942,5.349545116384615,1.3162160870316733,2.7773028845453114e-10,5.587261855348269e-09
244375_at,2.6170466703529414,3.9904045653846154,1.373357895031674,2.2166627344839462e-05,0.00016671246435910058
244377_at,4.303244900294118,5.62047144373077,1.317226543436652,1.826015960508968e-05,0.00014060683564985746
244383_at,4.686587210529412,6.459278771471154,1.772691560941742,5.2047565065020565e-11,1.1851080741275584e-09
244427_at,3.266094180705882,4.711965038980769,1.445870858274887,1.4555451721939165e-07,1.7334104288276623e-06
244443_at,5.290666084764705,6.403667239836538,1.1130011550718324,3.6307760707657773e-06,3.242744676261256e-05
244444_at,4.633409206823529,2.641852778442307,-1.9915564283812222,3.103414763558497e-18,2.3013760106013475e-16
244450_at,4.101167261470588,5.366648149778846,1.2654808883082582,6.31414724899706e-10,1.1846677301581662e-08
244457_at,5.589408313,6.795730954125,1.2063226411250003,0.00016674850694560386,0.0010080822729933666
244473_at,3.5598617999999997,5.222414070711538,1.6625522707115379,1.2244132452028282e-09,2.169715925646921e-08
244474_at,3.7208707631176474,5.304630854865384,1.5837600917477368,2.5135722682809e-13,8.42679734831101e-12
244521_at,5.294521799352941,3.972984254394231,-1.32153754495871,4.0681517713480713e-05,0.0002866825765376454
244523_at,4.145203647411765,2.651474825173077,-1.4937288222386877,5.2319132986266787e-17,3.1763358834899386e-15
244534_at,4.165948015235294,3.0352777268365383,-1.1306702883987558,8.849612964340306e-11,1.932470482576907e-09
244535_at,4.608224465235294,6.550854408221155,1.9426299429858611,1.720267252434891e-11,4.2407618053588037e-10
244547_at,3.121636005470588,4.779723495134615,1.6580874896640267,1.476177741031393e-10,3.1071463527864407e-09
244559_at,3.761131875117647,4.990959245019231,1.2298273699015838,8.970593604983288e-11,1.9568586265642798e-09
244579_at,6.675468427117647,10.544967782586538,3.86949935546889,2.8931956383251456e-20,2.9350878205231994e-18
244625_at,4.587272990411765,6.582667259298078,1.9953942688863133,6.49848529530619e-13,2.024433955094273e-11
244633_at,3.9620787175882355,5.39602852075,1.4339498031617643,2.8563602031684313e-07,3.2150398747933553e-06
244646_at,3.372542654588235,6.085153464057693,2.712610809469458,1.4082003068467913e-15,6.677512124013121e-14
244663_at,5.099127072411766,6.355835112451923,1.2567080400401576,8.817981542194857e-07,8.987425109084091e-06
244665_at,3.812385691764706,4.860327077548077,1.0479413857833713,8.003540657223927e-05,0.0005254092440830223
244674_at,4.1611676233529415,6.162389732894232,2.00122210954129,3.1574601192083626e-14,1.2326968229347156e-12
244696_at,3.557953459117647,5.910767173538461,2.352813714420814,3.7759204560036596e-05,0.0002682712347933139
244697_at,3.9110977197058823,2.8336219872115387,-1.0774757324943436,3.0472989592389172e-05,0.00022149224916273921
244741_s_at,6.137372708,4.8425828481923086,-1.2947898598076915,0.0017781136015284466,0.008024447019829758
244753_at,5.937122610823529,8.10851153821154,2.1713889273880103,1.771809525785916e-13,6.105024754284691e-12
244766_at,3.3906831043529415,5.003988077663461,1.6133049733105196,7.448216225735262e-11,1.6572205193004683e-09
244778_x_at,5.532270411764706,7.631952808759616,2.0996823969949094,1.715501985007306e-16,9.42904157499635e-15
244779_at,3.895469439470588,2.6236386490769226,-1.2718307903936656,1.1480168368443642e-10,2.461988641969688e-09
244801_at,3.855736499294118,5.007149801230768,1.1514133019366501,1.139475195936993e-09,2.031735273408858e-08
244803_at,4.238431523823529,6.9686498695288455,2.7302183457053166,1.506390555459459e-25,3.4837834799331276e-23
244804_at,5.668609967764706,6.705479900067307,1.0368699323026016,1.8247121022087315e-06,1.7350222607450805e-05
244822_at,4.393805655294118,5.6992376443269235,1.3054319890328054,3.232131906809633e-09,5.316652421391289e-08
244826_at,5.367582771176471,6.3906706665,1.0230878953235294,4.100376768818647e-09,6.605503650098966e-08
244845_at,3.4896620028235295,6.116578140105769,2.62691613728224,9.687602933922886e-14,3.4900308945912687e-12
244876_at,4.921093913117646,2.8256252918173077,-2.0954686213003386,1.5764495935697357e-15,7.43014182793114e-14
244878_at,3.604486304882353,4.8150313029326925,1.2105449980503393,2.85380695697799e-05,0.0002089868910571605
244881_at,4.035599323235294,5.570058288817307,1.5344589655820133,1.9495961314897773e-10,4.016874566273331e-09
244885_at,5.854738093941177,2.6947063581250004,-3.1600317358161765,3.250185446850854e-26,8.328256878106703e-24
266_s_at,7.777583498882353,11.976672785644231,4.199089286761878,1.1186681592551323e-17,7.575159983124797e-16
31845_at,5.246097754882352,6.354534870403847,1.108437115521495,6.158136274857423e-05,0.00041571418645076474
32137_at,5.528010110764706,6.639609101413461,1.111598990648755,9.09945341372284e-06,7.487167502752848e-05
32259_at,7.918338071294117,6.741299413240384,-1.1770386580537329,3.352703389851408e-08,4.551920356087065e-07
32502_at,7.570758400411764,4.992048216423077,-2.5787101839886866,3.393031645452329e-13,1.114920374335597e-11
32625_at,7.193759092647058,3.704304798201923,-3.489454294445135,3.211014359292368e-25,6.927033704182536e-23
32811_at,8.251002954411764,6.2048607791346155,-2.046142175277148,1.7880321962896124e-12,5.1470996435279936e-11
32837_at,9.40142708482353,5.850162174336538,-3.5512649104869913,1.1967009187810632e-19,1.1203214313233559e-17
33132_at,6.220676943058824,7.905069473932693,1.6843925308738692,2.060446507883598e-11,5.009225387696165e-10
33304_at,6.1763584820588235,7.640661781961539,1.4643032999027152,0.00020980517005186918,0.0012340540278019906
33322_i_at,7.63622057035294,11.352574036432694,3.716353466079754,2.1109573501698677e-18,1.6159038038558373e-16
33323_r_at,7.0840562441764705,11.13897761716346,4.05492137298699,1.607006919283354e-17,1.0592853942942775e-15
33494_at,7.234867789058823,5.118705243759615,-2.1161625452992077,1.9633355679067506e-14,7.840457238008736e-13
33814_at,5.0745483221764704,6.216651747817307,1.142103425640837,6.404796733656519e-10,1.2004375031807664e-08
34260_at,4.481959181764705,5.860048033980769,1.378088852216064,1.146939132234272e-12,3.400260233471718e-11
34726_at,4.334363079058823,6.761517313413462,2.4271542343546386,1.390110636290417e-17,9.263839855689215e-16
34868_at,6.524885571529412,7.540290060086538,1.0154044885571265,3.062738172301804e-06,2.7799964527866318e-05
35147_at,4.882056044411764,6.042416277471154,1.1603602330593894,0.0004721937110308639,0.002532114418781049
35148_at,3.849882160352941,6.969866809230769,3.119984648877828,9.599550101063077e-14,3.465170932314297e-12
35160_at,4.309462952764707,5.446752100057693,1.1372891472929858,1.3605666497200066e-10,2.8771161245667667e-09
35179_at,4.508668486117648,5.706924459836539,1.1982559737188918,8.619078593915954e-08,1.0779575861075594e-06
35254_at,5.9347313355294125,7.081703314644231,1.1469719791148183,6.238304198667162e-07,6.562845120644854e-06
35666_at,7.495755484294116,9.909217879,2.413462394705884,2.0537169788322774e-12,5.85937370557694e-11
35671_at,5.892443873294118,7.4541793561250005,1.5617354828308825,3.1514489497579395e-12,8.710010913895345e-11
35776_at,9.472292076352941,7.0798493580192305,-2.3924427183337107,2.335169743985006e-11,5.63444869394154e-10
36129_at,7.867843117117648,8.954250246682692,1.0864071295650444,9.201060129674531e-07,9.336022695993795e-06
36499_at,3.7048286510588233,5.591428773615386,1.8866001225565623,1.635462169636453e-07,1.924162314218322e-06
36545_s_at,4.885023561058823,7.291794609913461,2.4067710488546386,2.072532756647319e-10,4.252509974626091e-09
36552_at,5.348625976117647,6.566199307057692,1.217573330940045,4.310396616674028e-11,9.947447650801344e-10
36711_at,10.929489725176468,9.503066174903845,-1.4264235502726237,7.382475887354842e-05,0.0004888718168599126
36829_at,6.303976904705882,4.869408383576923,-1.4345685211289592,1.0700285989278394e-14,4.4411475970252887e-13
36936_at,7.0149239042941165,8.971976422788462,1.9570525184943453,2.843079490869149e-12,7.90889069990557e-11
37022_at,4.914940464117647,3.6962631139230764,-1.2186773501945707,2.7692453070240914e-18,2.0876055195037e-16
37028_at,5.877771437411765,4.372452603413461,-1.5053188339983032,3.45924877838698e-10,6.813635389265516e-09
37117_at,4.858379086235295,8.474990910076922,3.6166118238416276,1.1693951892058836e-19,1.098527022920274e-17
37892_at,3.6012802195882356,8.978259690769232,5.376979471180996,1.907838294070313e-14,7.656463695004678e-13
38158_at,4.054600401705882,5.4975723448942295,1.4429719431883479,9.966879871992515e-09,1.481836928721001e-07
38269_at,6.415247892000001,7.6032212689519225,1.1879733769519216,3.7038945094882946e-09,6.029074215131572e-08
38340_at,4.176449329705883,5.663291401875,1.4868420721691171,1.7634691119253984e-09,3.0391026416096093e-08
38487_at,6.748070038705883,5.223962647288461,-1.524107391417422,1.9577989219650614e-07,2.270605766296878e-06
39248_at,6.16346396982353,8.166474487259617,2.0030105174360866,0.0008599914423691429,0.004266655116177206
39313_at,2.969363683470588,4.171846050442308,1.2024823669717195,2.207745743029421e-09,3.7444547827471343e-08
39549_at,3.624990992352941,4.866587010375,1.2415960180220593,2.0339860932317868e-05,0.00015452801640102685
39650_s_at,5.115205876823531,6.448999847153846,1.3337939703303157,4.4332927061809793e-07,4.804059715672078e-06
40020_at,2.9173138245882355,4.091432437096154,1.1741186125079186,0.0005416121057137663,0.0028511426618201825
40148_at,6.6656427578823525,5.557154470038461,-1.1084882878438913,0.00040589146734335615,0.002213323048869321
40225_at,8.23586074764706,9.265226095125,1.02936534747794,6.876314493264082e-10,1.2826465096645944e-08
40359_at,4.634005718588234,5.816390020865385,1.1823843022771507,1.0211458791261548e-09,1.8375575646827038e-08
40569_at,7.108068891647058,8.246516329807692,1.1384474381606342,2.206471091979222e-05,0.00016612910157143602
40665_at,4.6584575318235295,2.594575518269231,-2.0638820135542986,5.62039335582349e-13,1.781390528266494e-11
41113_at,4.262781091058823,5.669866668528846,1.4070855774700233,1.6492423008037454e-10,3.4435346417585165e-09
41220_at,10.042944508470589,11.437732332201923,1.3947878237313347,3.3098791955279596e-15,1.4807368574813156e-13
41644_at,7.355277647882353,6.018363420759615,-1.3369142271227386,0.00038369479423895245,0.0021046912738460085
41660_at,3.199310697647059,7.093536721307692,3.894226023660633,8.008161118596495e-16,3.9129581530159183e-14
41858_at,6.030209814,7.3172357539999995,1.2870259399999995,1.7807316839333331e-06,1.6973551270939116e-05
43427_at,11.393272152823528,7.1966292947115384,-4.196642858111989,1.0064207622987004e-17,6.85760783838961e-16
43544_at,7.178599330411765,8.516891402432693,1.338292072020928,8.060511631340753e-08,1.0143755230042587e-06
44040_at,4.274434003529413,5.920389910144229,1.6459559066148168,3.2263084281259743e-10,6.400897408167486e-09
45288_at,5.591739796117647,3.719511733384615,-1.8722280627330319,6.353237134850427e-14,2.3701526287286497e-12
45297_at,8.354685960647059,5.536999257230769,-2.81768670341629,9.51297539227959e-17,5.5059245380193826e-15
45687_at,7.540753602764706,8.600994852211539,1.0602412494468325,1.4763291191025634e-07,1.7547161801284584e-06
46323_at,6.652339247470588,8.761650848750001,2.1093116012794138,4.918895733472909e-13,1.5755188394202928e-11
46665_at,8.266699604117647,10.04907498841346,1.782375384295813,1.0396501691826077e-11,2.65154516746811e-10
47550_at,4.11701115,5.127763100249999,1.0107519502499995,2.692522754840142e-06,2.4694202560312573e-05
48031_r_at,7.880879108000001,5.968015785692308,-1.9128633223076932,5.805264104055543e-14,2.176136741313513e-12
49452_at,11.864982878823529,7.612047924855768,-4.252934953967761,1.8570076755922497e-15,8.625840163927608e-14
49679_s_at,7.440923076235294,6.328754016259615,-1.1121690599756793,5.190320141004663e-07,5.541519620029215e-06
50376_at,5.904256813647059,7.040284333182692,1.1360275195356326,9.189807123244236e-09,1.376050707762818e-07
50965_at,4.284511001411765,6.1883243207692304,1.9038133193574653,9.224424993632589e-09,1.3808554353468816e-07
51158_at,5.916012798647059,7.234584453365384,1.3185716547183253,8.641268519842606e-07,8.82544525719479e-06
51228_at,3.743516086647059,5.217044226394231,1.473528139747172,5.507599179367749e-13,1.746654593903035e-11
52255_s_at,5.694330917882353,4.574221880346154,-1.1201090375361993,1.2366133861436184e-05,9.884757176674362e-05
53991_at,5.048257644294118,3.249077658711538,-1.79917998558258,2.61729150811624e-26,6.867747751032513e-24
55081_at,5.036797582764706,6.415603815961538,1.3788062331968325,4.514802086011993e-05,0.0003148650435119455
55093_at,5.543652278,7.191468605355768,1.647816327355768,9.67609248540521e-10,1.750452276304047e-08
55583_at,7.295759464764706,6.153521794721153,-1.1422376700435528,2.1063669132051634e-07,2.4330878255200975e-06
55616_at,5.307155948,7.139798361615385,1.8326424136153845,4.7274138910138656e-05,0.00032784945712534405
55872_at,5.854213297647058,7.946985919711538,2.09277262206448,1.8723798041063235e-14,7.525229552895364e-13
56256_at,10.758880433411765,9.683322391865385,-1.0755580415463797,3.4192224085755036e-06,3.072908609215254e-05
57516_at,4.834844216764705,6.529759268548077,1.6949150517833722,1.8890176381452504e-12,5.423497826003663e-11
57588_at,7.0394151497647055,6.036194577586538,-1.0032205721781677,0.015303942359733197,0.0492235538110892
58696_at,6.744635365058823,7.934590228336538,1.1899548632777153,3.4125046255860486e-05,0.00024516399889411733
58780_s_at,9.67771109847059,7.619087339076923,-2.058623759393667,1.0509808265967316e-10,2.2627803761271407e-09
59697_at,2.661643576294118,4.340282630153846,1.6786390538597278,5.512428539070829e-09,8.618242258205292e-08
60815_at,4.117489158470588,6.364211027788461,2.2467218693178737,8.518331289520899e-17,4.961814337788272e-15
64474_g_at,4.456254053352941,5.613780400346155,1.1575263469932136,1.6523837706997217e-10,3.4474561858188115e-09
64486_at,5.168291160705883,6.389675553307692,1.2213843926018084,8.433474154551974e-05,0.000550323512531435
65438_at,3.8547098954117645,5.0825906921634605,1.227880796751696,2.0997489819370396e-06,1.9691099602258023e-05
65517_at,3.4582732293529412,7.007064204778846,3.548790975425905,2.25763135216013e-17,1.4496383714064439e-15
65588_at,5.299563071294118,6.656896614576923,1.357333543282805,1.7300854977597463e-07,2.0271862684033745e-06
65718_at,5.560295846,3.8672761851153843,-1.6930196608846155,2.4495486149120185e-12,6.884341599036203e-11
65770_at,5.039373990647059,6.287850567038461,1.2484765763914023,1.5138895920905419e-12,4.409102457134988e-11
65884_at,5.902432596588235,7.006046169,1.1036135724117653,4.65824833942743e-08,6.153013942826954e-07
74694_s_at,6.005048448764705,8.203558738346153,2.1985102895814483,2.0423603729869224e-13,6.96252259820445e-12
81811_at,4.0070430421176475,6.369867086259616,2.362824044141968,8.180091338656442e-19,6.754329881581391e-17
89977_at,6.8683621132941175,2.5027082476826923,-4.365653865611425,1.575162471111229e-40,2.8656930836926588e-36
91617_at,6.184950159235294,7.283773072317308,1.0988229130820137,3.355706404934612e-05,0.00024154310409806335
91826_at,4.205069938705883,7.354680857682693,3.1496109189768102,1.7301175516206008e-15,8.084596391258627e-14
AFFX-LysX-5_at,4.734551067,3.637825625528846,-1.096725441471154,0.012295616138054506,0.04130246388471669
AFFX-ThrX-5_at,5.578908941588236,4.439078391634615,-1.1398305499536212,0.00624263848471599,0.023492861191292423
AFFX-r2-Bs-thr-5_s_at,6.932074174764706,5.576339897019232,-1.3557342777454737,0.0042277632677819805,0.016890937075783086
